/* Auto-generated by gen_qixi_banner.py (STXINGKA calligraphy) — do not edit. */
#include "qixi_banner.h"

const uint8_t qixi_banner_data[QIXI_BANNER_W * QIXI_BANNER_H * 2] = {
  0x00, 0x00, 0x00, 0x00, 0x00, 0x00, 0x00, 0x00, 0x00, 0x00, 0x00, 0x00, 
  0x00, 0x00, 0x00, 0x00, 0x00, 0x00, 0x00, 0x00, 0x00, 0x00, 0x00, 0x00, 
  0x00, 0x00, 0x00, 0x00, 0x00, 0x00, 0x00, 0x00, 0x00, 0x00, 0x00, 0x00, 
  0x00, 0x00, 0x00, 0x00, 0x00, 0x00, 0x00, 0x00, 0x00, 0x00, 0x00, 0x00, 
  0x00, 0x00, 0x00, 0x00, 0x00, 0x00, 0x00, 0x00, 0x00, 0x00, 0x00, 0x00, 
  0x00, 0x00, 0x00, 0x00, 0x00, 0x00, 0x00, 0x00, 0x00, 0x00, 0x00, 0x00, 
  0x00, 0x00, 0x00, 0x00, 0x00, 0x00, 0x00, 0x00, 0x00, 0x00, 0x00, 0x00, 
  0x00, 0x00, 0x00, 0x00, 0x00, 0x00, 0x00, 0x00, 0x00, 0x00, 0x00, 0x00, 
  0x00, 0x00, 0x00, 0x00, 0x00, 0x00, 0x00, 0x00, 0x00, 0x00, 0x00, 0x00, 
  0x00, 0x00, 0x00, 0x00, 0x00, 0x00, 0x00, 0x00, 0x00, 0x00, 0x00, 0x00, 
  0x00, 0x00, 0x00, 0x00, 0x00, 0x00, 0x00, 0x00, 0x00, 0x00, 0x00, 0x00, 
  0x00, 0x00, 0x00, 0x00, 0x00, 0x00, 0x00, 0x00, 0x00, 0x00, 0x00, 0x00, 
  0x00, 0x00, 0x00, 0x00, 0x00, 0x00, 0x00, 0x00, 0x00, 0x00, 0x00, 0x00, 
  0x00, 0x00, 0x00, 0x00, 0x00, 0x00, 0x00, 0x00, 0x00, 0x00, 0x00, 0x00, 
  0x00, 0x00, 0x00, 0x00, 0x00, 0x00, 0x00, 0x00, 0x00, 0x00, 0x00, 0x00, 
  0x00, 0x00, 0x00, 0x00, 0x00, 0x00, 0x00, 0x00, 0x00, 0x00, 0x00, 0x00, 
  0x00, 0x00, 0x00, 0x00, 0x00, 0x00, 0x00, 0x00, 0x00, 0x00, 0x00, 0x00, 
  0x00, 0x00, 0x00, 0x00, 0x00, 0x00, 0x00, 0x00, 0x00, 0x00, 0x00, 0x00, 
  0x00, 0x00, 0x00, 0x00, 0x00, 0x00, 0x00, 0x00, 0x00, 0x00, 0x00, 0x00, 
  0x00, 0x00, 0x00, 0x00, 0x00, 0x00, 0x00, 0x00, 0x00, 0x00, 0x00, 0x00, 
  0x00, 0x00, 0x00, 0x00, 0x00, 0x00, 0x00, 0x00, 0x00, 0x00, 0x00, 0x00, 
  0x00, 0x00, 0x00, 0x00, 0x00, 0x00, 0x00, 0x00, 0x00, 0x00, 0x00, 0x00, 
  0x00, 0x00, 0x00, 0x00, 0x00, 0x00, 0x00, 0x00, 0x00, 0x00, 0x00, 0x00, 
  0x00, 0x00, 0x00, 0x00, 0x00, 0x00, 0x00, 0x00, 0x00, 0x00, 0x00, 0x00, 
  0x00, 0x00, 0x00, 0x00, 0x00, 0x00, 0x00, 0x00, 0x00, 0x00, 0x00, 0x00, 
  0x00, 0x00, 0x00, 0x00, 0x00, 0x00, 0x00, 0x00, 0x00, 0x00, 0x00, 0x00, 
  0x00, 0x00, 0x00, 0x00, 0x00, 0x00, 0x00, 0x00, 0x00, 0x00, 0x00, 0x00, 
  0x00, 0x00, 0x00, 0x00, 0x00, 0x00, 0x00, 0x00, 0x00, 0x00, 0x00, 0x00, 
  0x00, 0x00, 0x00, 0x00, 0x00, 0x00, 0x00, 0x00, 0x00, 0x00, 0x00, 0x00, 
  0x00, 0x00, 0x00, 0x00, 0x00, 0x00, 0x00, 0x00, 0x00, 0x00, 0x00, 0x00, 
  0x00, 0x00, 0x00, 0x00, 0x00, 0x00, 0x00, 0x00, 0x00, 0x00, 0x00, 0x00, 
  0x00, 0x00, 0x00, 0x00, 0x00, 0x00, 0x00, 0x00, 0x00, 0x00, 0x00, 0x00, 
  0x00, 0x00, 0x00, 0x00, 0x00, 0x00, 0x00, 0x00, 0x00, 0x00, 0x00, 0x00, 
  0x00, 0x00, 0x00, 0x00, 0x00, 0x00, 0x00, 0x00, 0x00, 0x00, 0x00, 0x00, 
  0x00, 0x00, 0x00, 0x00, 0x00, 0x00, 0x00, 0x00, 0x00, 0x00, 0x00, 0x00, 
  0x00, 0x00, 0x00, 0x00, 0x00, 0x00, 0x00, 0x00, 0x00, 0x00, 0x00, 0x00, 
  0x00, 0x00, 0x00, 0x00, 0x00, 0x00, 0x00, 0x00, 0x00, 0x00, 0x00, 0x00, 
  0x00, 0x00, 0x00, 0x00, 0x00, 0x00, 0x00, 0x00, 0x00, 0x00, 0x00, 0x00, 
  0x00, 0x00, 0x00, 0x00, 0x00, 0x00, 0x00, 0x00, 0x00, 0x00, 0x00, 0x00, 
  0x00, 0x00, 0x00, 0x00, 0x00, 0x00, 0x00, 0x00, 0x00, 0x00, 0x00, 0x00, 
  0x00, 0x00, 0x00, 0x00, 0x00, 0x00, 0x00, 0x00, 0x00, 0x00, 0x00, 0x00, 
  0x00, 0x00, 0x00, 0x00, 0x00, 0x00, 0x00, 0x00, 0x00, 0x00, 0x00, 0x00, 
  0x00, 0x00, 0x00, 0x00, 0x00, 0x00, 0x00, 0x00, 0x00, 0x00, 0x00, 0x00, 
  0x00, 0x00, 0x00, 0x00, 0x00, 0x00, 0x00, 0x00, 0x00, 0x00, 0x00, 0x00, 
  0x00, 0x00, 0x00, 0x00, 0x00, 0x00, 0x00, 0x00, 0x00, 0x00, 0x00, 0x00, 
  0x00, 0x00, 0x00, 0x00, 0x00, 0x00, 0x00, 0x00, 0x00, 0x00, 0x00, 0x00, 
  0x00, 0x00, 0x00, 0x00, 0x00, 0x00, 0x00, 0x00, 0x00, 0x00, 0x00, 0x00, 
  0x00, 0x00, 0x00, 0x00, 0x00, 0x00, 0x00, 0x00, 0x00, 0x00, 0x00, 0x00, 
  0x00, 0x00, 0x00, 0x00, 0x00, 0x00, 0x00, 0x00, 0x00, 0x00, 0x00, 0x00, 
  0x00, 0x00, 0x00, 0x00, 0xc1, 0x20, 0x43, 0x5a, 0x04, 0x73, 0x44, 0x83, 
  0x04, 0x73, 0x23, 0x52, 0x01, 0x21, 0x00, 0x00, 0x00, 0x00, 0x00, 0x00, 
  0x00, 0x00, 0x00, 0x00, 0x00, 0x00, 0x00, 0x00, 0x00, 0x00, 0x00, 0x00, 
  0x00, 0x00, 0x00, 0x00, 0x00, 0x00, 0x00, 0x00, 0x00, 0x00, 0x00, 0x00, 
  0x00, 0x00, 0x00, 0x00, 0x00, 0x00, 0x00, 0x00, 0x00, 0x00, 0x00, 0x00, 
  0x00, 0x00, 0x00, 0x00, 0x00, 0x00, 0x00, 0x00, 0x00, 0x00, 0x00, 0x00, 
  0x00, 0x00, 0x00, 0x00, 0x00, 0x00, 0x00, 0x00, 0x00, 0x00, 0x00, 0x00, 
  0x00, 0x00, 0x00, 0x00, 0x00, 0x00, 0x00, 0x00, 0x00, 0x00, 0x00, 0x00, 
  0x00, 0x00, 0x00, 0x00, 0x00, 0x00, 0x00, 0x00, 0x00, 0x00, 0x00, 0x00, 
  0x00, 0x00, 0x00, 0x00, 0x00, 0x00, 0x00, 0x00, 0x00, 0x00, 0x00, 0x00, 
  0x00, 0x00, 0x00, 0x00, 0x00, 0x00, 0x00, 0x00, 0x00, 0x00, 0x00, 0x00, 
  0x00, 0x00, 0x00, 0x00, 0x00, 0x00, 0x00, 0x00, 0x00, 0x00, 0x00, 0x00, 
  0x00, 0x00, 0x00, 0x00, 0x00, 0x00, 0x00, 0x00, 0x00, 0x00, 0x00, 0x00, 
  0x00, 0x00, 0x00, 0x00, 0x00, 0x00, 0x00, 0x00, 0x00, 0x00, 0x00, 0x00, 
  0x00, 0x00, 0x00, 0x00, 0x00, 0x00, 0x00, 0x00, 0x00, 0x00, 0x00, 0x00, 
  0x00, 0x00, 0x00, 0x00, 0x00, 0x00, 0x00, 0x00, 0x00, 0x00, 0x00, 0x00, 
  0x00, 0x00, 0x00, 0x00, 0x00, 0x00, 0x00, 0x00, 0x00, 0x00, 0x00, 0x00, 
  0x00, 0x00, 0x00, 0x00, 0x00, 0x00, 0x00, 0x00, 0x00, 0x00, 0x00, 0x00, 
  0x00, 0x00, 0x00, 0x00, 0x00, 0x00, 0x00, 0x00, 0x00, 0x00, 0x00, 0x00, 
  0x00, 0x00, 0x00, 0x00, 0x00, 0x00, 0x00, 0x00, 0x00, 0x00, 0x00, 0x00, 
  0x00, 0x00, 0x00, 0x00, 0x00, 0x00, 0x00, 0x00, 0x00, 0x00, 0x00, 0x00, 
  0x00, 0x00, 0x00, 0x00, 0x00, 0x00, 0x00, 0x00, 0x00, 0x00, 0x00, 0x00, 
  0x00, 0x00, 0x00, 0x00, 0x00, 0x00, 0x00, 0x00, 0x00, 0x00, 0x00, 0x00, 
  0x00, 0x00, 0x00, 0x00, 0x00, 0x00, 0x00, 0x00, 0x00, 0x00, 0x00, 0x00, 
  0x00, 0x00, 0x00, 0x00, 0x00, 0x00, 0x00, 0x00, 0x00, 0x00, 0x00, 0x00, 
  0x00, 0x00, 0x00, 0x00, 0x00, 0x00, 0x00, 0x00, 0x40, 0x08, 0x20, 0x08, 
  0x00, 0x00, 0x00, 0x00, 0x00, 0x00, 0x00, 0x00, 0x00, 0x00, 0x00, 0x00, 
  0x00, 0x00, 0x00, 0x00, 0x00, 0x00, 0x00, 0x00, 0x00, 0x00, 0x00, 0x00, 
  0x00, 0x00, 0x00, 0x00, 0x00, 0x00, 0x00, 0x00, 0x00, 0x00, 0x00, 0x00, 
  0x00, 0x00, 0x00, 0x00, 0x00, 0x00, 0x00, 0x00, 0x00, 0x00, 0x00, 0x00, 
  0x00, 0x00, 0x00, 0x00, 0x00, 0x00, 0x00, 0x00, 0x00, 0x00, 0x00, 0x00, 
  0x00, 0x00, 0x00, 0x00, 0x00, 0x00, 0x00, 0x00, 0x00, 0x00, 0x00, 0x00, 
  0x00, 0x00, 0x00, 0x00, 0x00, 0x00, 0x00, 0x00, 0x00, 0x00, 0x00, 0x00, 
  0x00, 0x00, 0x00, 0x00, 0x00, 0x00, 0x00, 0x00, 0x00, 0x00, 0x00, 0x00, 
  0x00, 0x00, 0x00, 0x00, 0x00, 0x00, 0x00, 0x00, 0x00, 0x00, 0x00, 0x00, 
  0x00, 0x00, 0x00, 0x00, 0x00, 0x00, 0x00, 0x00, 0x00, 0x00, 0x00, 0x00, 
  0x00, 0x00, 0x00, 0x00, 0x00, 0x00, 0x00, 0x00, 0x00, 0x00, 0x00, 0x00, 
  0x00, 0x00, 0x00, 0x00, 0x00, 0x00, 0x00, 0x00, 0x00, 0x00, 0x00, 0x00, 
  0x00, 0x00, 0x00, 0x00, 0x00, 0x00, 0x00, 0x00, 0x00, 0x00, 0x00, 0x00, 
  0x00, 0x00, 0x00, 0x00, 0x00, 0x00, 0x00, 0x00, 0x00, 0x00, 0x00, 0x00, 
  0x00, 0x00, 0x00, 0x00, 0x00, 0x00, 0x00, 0x00, 0x00, 0x00, 0x00, 0x00, 
  0x00, 0x00, 0x00, 0x00, 0x00, 0x00, 0x01, 0x29, 0x65, 0x83, 0x24, 0x7b, 
  0x01, 0x21, 0x00, 0x00, 0x00, 0x00, 0x00, 0x00, 0x00, 0x00, 0x00, 0x00, 
  0x00, 0x00, 0x00, 0x00, 0x00, 0x00, 0x00, 0x00, 0x00, 0x00, 0x00, 0x00, 
  0x00, 0x00, 0x00, 0x00, 0x00, 0x00, 0x00, 0x00, 0x00, 0x00, 0x00, 0x00, 
  0x00, 0x00, 0x00, 0x00, 0x00, 0x00, 0x00, 0x00, 0x00, 0x00, 0x00, 0x00, 
  0x00, 0x00, 0x00, 0x00, 0x00, 0x00, 0x00, 0x00, 0x00, 0x00, 0x00, 0x00, 
  0x00, 0x00, 0x00, 0x00, 0x00, 0x00, 0x00, 0x00, 0x00, 0x00, 0x00, 0x00, 
  0x00, 0x00, 0x00, 0x00, 0x00, 0x00, 0x00, 0x00, 0x00, 0x00, 0x00, 0x00, 
  0x00, 0x00, 0x00, 0x00, 0x00, 0x00, 0x00, 0x00, 0x00, 0x00, 0x00, 0x00, 
  0x00, 0x00, 0x00, 0x00, 0x00, 0x00, 0x00, 0x00, 0x00, 0x00, 0x00, 0x00, 
  0x00, 0x00, 0x00, 0x00, 0x00, 0x00, 0x00, 0x00, 0x00, 0x00, 0x00, 0x00, 
  0x00, 0x00, 0x00, 0x00, 0x00, 0x00, 0x00, 0x00, 0x00, 0x00, 0x00, 0x00, 
  0x00, 0x00, 0x00, 0x00, 0x00, 0x00, 0x00, 0x00, 0x00, 0x00, 0x00, 0x00, 
  0x00, 0x00, 0x00, 0x00, 0x00, 0x00, 0x00, 0x00, 0x00, 0x00, 0x00, 0x00, 
  0x00, 0x00, 0x82, 0x39, 0xc8, 0xdd, 0xea, 0xfe, 0xea, 0xfe, 0xea, 0xfe, 
  0xea, 0xfe, 0xea, 0xfe, 0xe8, 0xe5, 0x26, 0xa4, 0x62, 0x31, 0x00, 0x00, 
  0x00, 0x00, 0x00, 0x00, 0x00, 0x00, 0x00, 0x00, 0x00, 0x00, 0x00, 0x00, 
  0x00, 0x00, 0x00, 0x00, 0x00, 0x00, 0x00, 0x00, 0x00, 0x00, 0x00, 0x00, 
  0x00, 0x00, 0x00, 0x00, 0x00, 0x00, 0x00, 0x00, 0x00, 0x00, 0x00, 0x00, 
  0x00, 0x00, 0x00, 0x00, 0x00, 0x00, 0x00, 0x00, 0x00, 0x00, 0x00, 0x00, 
  0x00, 0x00, 0x00, 0x00, 0x00, 0x00, 0x00, 0x00, 0x00, 0x00, 0x00, 0x00, 
  0x00, 0x00, 0x00, 0x00, 0x00, 0x00, 0x00, 0x00, 0x00, 0x00, 0x00, 0x00, 
  0x00, 0x00, 0x00, 0x00, 0x00, 0x00, 0x00, 0x00, 0x00, 0x00, 0x00, 0x00, 
  0x00, 0x00, 0x00, 0x00, 0x00, 0x00, 0x00, 0x00, 0x00, 0x00, 0x00, 0x00, 
  0x00, 0x00, 0x00, 0x00, 0x00, 0x00, 0x00, 0x00, 0x00, 0x00, 0x00, 0x00, 
  0x00, 0x00, 0x00, 0x00, 0x00, 0x00, 0x00, 0x00, 0x00, 0x00, 0x00, 0x00, 
  0x00, 0x00, 0x00, 0x00, 0x00, 0x00, 0x00, 0x00, 0x00, 0x00, 0x00, 0x00, 
  0x00, 0x00, 0x00, 0x00, 0x00, 0x00, 0x00, 0x00, 0x00, 0x00, 0x00, 0x00, 
  0x00, 0x00, 0x00, 0x00, 0x00, 0x00, 0x00, 0x00, 0x00, 0x00, 0x00, 0x00, 
  0x00, 0x00, 0x00, 0x00, 0x00, 0x00, 0x00, 0x00, 0x00, 0x00, 0x00, 0x00, 
  0x00, 0x00, 0x00, 0x00, 0x00, 0x00, 0x00, 0x00, 0x00, 0x00, 0x00, 0x00, 
  0x00, 0x00, 0x00, 0x00, 0x00, 0x00, 0x00, 0x00, 0x00, 0x00, 0x00, 0x00, 
  0x00, 0x00, 0x00, 0x00, 0x00, 0x00, 0x00, 0x00, 0x00, 0x00, 0x00, 0x00, 
  0x00, 0x00, 0x00, 0x00, 0x00, 0x00, 0x00, 0x00, 0x00, 0x00, 0x00, 0x00, 
  0x00, 0x00, 0x00, 0x00, 0x00, 0x00, 0x00, 0x00, 0x00, 0x00, 0x00, 0x00, 
  0x00, 0x00, 0x00, 0x00, 0x00, 0x00, 0x00, 0x00, 0x00, 0x00, 0x00, 0x00, 
  0x00, 0x00, 0x00, 0x00, 0x00, 0x00, 0x00, 0x00, 0x00, 0x00, 0x00, 0x00, 
  0x00, 0x00, 0x00, 0x00, 0x00, 0x00, 0x00, 0x00, 0x00, 0x00, 0x00, 0x00, 
  0x00, 0x00, 0x00, 0x00, 0x00, 0x00, 0x00, 0x00, 0x00, 0x00, 0x00, 0x00, 
  0x00, 0x00, 0x00, 0x00, 0x00, 0x00, 0x00, 0x00, 0xa2, 0x39, 0x27, 0xcd, 
  0x21, 0x31, 0x00, 0x00, 0x00, 0x00, 0x00, 0x00, 0x00, 0x00, 0x00, 0x00, 
  0x00, 0x00, 0x00, 0x00, 0x00, 0x00, 0x00, 0x00, 0x00, 0x00, 0x00, 0x00, 
  0x00, 0x00, 0x00, 0x00, 0x00, 0x00, 0x00, 0x00, 0x00, 0x00, 0x00, 0x00, 
  0x00, 0x00, 0x00, 0x00, 0x00, 0x00, 0x00, 0x00, 0x00, 0x00, 0x00, 0x00, 
  0x00, 0x00, 0x00, 0x00, 0x00, 0x00, 0x00, 0x00, 0x00, 0x00, 0x00, 0x00, 
  0x00, 0x00, 0x00, 0x00, 0x00, 0x00, 0x00, 0x00, 0x00, 0x00, 0x00, 0x00, 
  0x00, 0x00, 0x00, 0x00, 0x00, 0x00, 0x00, 0x00, 0x00, 0x00, 0x00, 0x00, 
  0x00, 0x00, 0x00, 0x00, 0x00, 0x00, 0x00, 0x00, 0x00, 0x00, 0x00, 0x00, 
  0x00, 0x00, 0x00, 0x00, 0x00, 0x00, 0x00, 0x00, 0x00, 0x00, 0x00, 0x00, 
  0x00, 0x00, 0x00, 0x00, 0x00, 0x00, 0x00, 0x00, 0x00, 0x00, 0x00, 0x00, 
  0x00, 0x00, 0x00, 0x00, 0x00, 0x00, 0x00, 0x00, 0x00, 0x00, 0x00, 0x00, 
  0x00, 0x00, 0x00, 0x00, 0x00, 0x00, 0x00, 0x00, 0x00, 0x00, 0x00, 0x00, 
  0x00, 0x00, 0x00, 0x00, 0x00, 0x00, 0x00, 0x00, 0x00, 0x00, 0x00, 0x00, 
  0x00, 0x00, 0x00, 0x00, 0x00, 0x00, 0x00, 0x00, 0x00, 0x00, 0x00, 0x00, 
  0x00, 0x00, 0x00, 0x00, 0x00, 0x00, 0x00, 0x00, 0x00, 0x00, 0x00, 0x00, 
  0x00, 0x00, 0x00, 0x00, 0x23, 0x52, 0x49, 0xf6, 0xea, 0xfe, 0xca, 0xfe, 
  0x49, 0xf6, 0x65, 0x83, 0x40, 0x08, 0x00, 0x00, 0x00, 0x00, 0x00, 0x00, 
  0x00, 0x00, 0x00, 0x00, 0x00, 0x00, 0x00, 0x00, 0x00, 0x00, 0x00, 0x00, 
  0x00, 0x00, 0x00, 0x00, 0x00, 0x00, 0x00, 0x00, 0x00, 0x00, 0x00, 0x00, 
  0x00, 0x00, 0x00, 0x00, 0x00, 0x00, 0x00, 0x00, 0x00, 0x00, 0x00, 0x00, 
  0x00, 0x00, 0x00, 0x00, 0x00, 0x00, 0x00, 0x00, 0x00, 0x00, 0x00, 0x00, 
  0x00, 0x00, 0x00, 0x00, 0x00, 0x00, 0x00, 0x00, 0x00, 0x00, 0x00, 0x00, 
  0x00, 0x00, 0x00, 0x00, 0x00, 0x00, 0x00, 0x00, 0x00, 0x00, 0x00, 0x00, 
  0x00, 0x00, 0x00, 0x00, 0x00, 0x00, 0x00, 0x00, 0x00, 0x00, 0x00, 0x00, 
  0x00, 0x00, 0x00, 0x00, 0x00, 0x00, 0x00, 0x00, 0x00, 0x00, 0x00, 0x00, 
  0x00, 0x00, 0x00, 0x00, 0x00, 0x00, 0x00, 0x00, 0x00, 0x00, 0x00, 0x00, 
  0x00, 0x00, 0x00, 0x00, 0x00, 0x00, 0x00, 0x00, 0x00, 0x00, 0x00, 0x00, 
  0x00, 0x00, 0x00, 0x00, 0x00, 0x00, 0x00, 0x00, 0x00, 0x00, 0x00, 0x00, 
  0x00, 0x00, 0x00, 0x00, 0x00, 0x00, 0x00, 0x00, 0x00, 0x00, 0x00, 0x00, 
  0x00, 0x00, 0xe2, 0x49, 0xca, 0xfe, 0x69, 0xfe, 0x69, 0xfe, 0x89, 0xfe, 
  0x69, 0xfe, 0x69, 0xfe, 0xa9, 0xfe, 0xea, 0xfe, 0x69, 0xfe, 0x45, 0x83, 
  0x00, 0x00, 0x00, 0x00, 0x00, 0x00, 0x00, 0x00, 0x00, 0x00, 0x00, 0x00, 
  0x00, 0x00, 0x00, 0x00, 0x00, 0x00, 0x00, 0x00, 0x00, 0x00, 0x00, 0x00, 
  0x00, 0x00, 0x00, 0x00, 0x00, 0x00, 0x00, 0x00, 0x00, 0x00, 0x00, 0x00, 
  0x00, 0x00, 0x00, 0x00, 0x00, 0x00, 0x00, 0x00, 0x00, 0x00, 0x00, 0x00, 
  0x00, 0x00, 0x00, 0x00, 0x00, 0x00, 0x00, 0x00, 0x00, 0x00, 0x00, 0x00, 
  0x00, 0x00, 0x00, 0x00, 0x00, 0x00, 0x00, 0x00, 0x00, 0x00, 0x00, 0x00, 
  0x00, 0x00, 0x00, 0x00, 0x00, 0x00, 0x00, 0x00, 0x00, 0x00, 0x00, 0x00, 
  0x00, 0x00, 0x00, 0x00, 0x00, 0x00, 0x00, 0x00, 0x00, 0x00, 0x00, 0x00, 
  0x00, 0x00, 0x00, 0x00, 0x00, 0x00, 0x00, 0x00, 0x00, 0x00, 0x00, 0x00, 
  0x00, 0x00, 0x00, 0x00, 0x00, 0x00, 0x00, 0x00, 0x00, 0x00, 0x00, 0x00, 
  0x00, 0x00, 0x00, 0x00, 0x00, 0x00, 0x00, 0x00, 0x00, 0x00, 0x00, 0x00, 
  0x00, 0x00, 0x00, 0x00, 0x00, 0x00, 0x00, 0x00, 0x00, 0x00, 0x00, 0x00, 
  0x00, 0x00, 0x00, 0x00, 0x00, 0x00, 0x00, 0x00, 0x00, 0x00, 0x00, 0x00, 
  0x00, 0x00, 0x00, 0x00, 0x00, 0x00, 0x00, 0x00, 0x00, 0x00, 0x00, 0x00, 
  0x00, 0x00, 0x00, 0x00, 0x00, 0x00, 0x00, 0x00, 0x00, 0x00, 0x00, 0x00, 
  0x00, 0x00, 0x00, 0x00, 0x00, 0x00, 0x00, 0x00, 0x00, 0x00, 0x00, 0x00, 
  0x00, 0x00, 0x00, 0x00, 0x00, 0x00, 0x00, 0x00, 0x00, 0x00, 0x00, 0x00, 
  0x00, 0x00, 0x00, 0x00, 0x00, 0x00, 0x00, 0x00, 0x00, 0x00, 0x00, 0x00, 
  0x00, 0x00, 0x00, 0x00, 0x00, 0x00, 0x00, 0x00, 0x00, 0x00, 0x00, 0x00, 
  0x00, 0x00, 0x00, 0x00, 0x00, 0x00, 0x00, 0x00, 0x00, 0x00, 0x00, 0x00, 
  0x00, 0x00, 0x00, 0x00, 0x00, 0x00, 0x00, 0x00, 0x00, 0x00, 0x00, 0x00, 
  0x00, 0x00, 0x00, 0x00, 0x00, 0x00, 0x00, 0x00, 0x00, 0x00, 0x00, 0x00, 
  0x00, 0x00, 0x00, 0x00, 0x00, 0x00, 0x00, 0x00, 0x00, 0x00, 0x00, 0x00, 
  0x00, 0x00, 0x00, 0x00, 0x00, 0x00, 0x00, 0x00, 0x40, 0x08, 0xa8, 0xdd, 
  0x69, 0xee, 0xe4, 0x72, 0x80, 0x10, 0x00, 0x00, 0x00, 0x00, 0x00, 0x00, 
  0x00, 0x00, 0x00, 0x00, 0x00, 0x00, 0x00, 0x00, 0x00, 0x00, 0x00, 0x00, 
  0x00, 0x00, 0x00, 0x00, 0x00, 0x00, 0x00, 0x00, 0x00, 0x00, 0x00, 0x00, 
  0x00, 0x00, 0x00, 0x00, 0x00, 0x00, 0x00, 0x00, 0x00, 0x00, 0x00, 0x00, 
  0x00, 0x00, 0x00, 0x00, 0x00, 0x00, 0x00, 0x00, 0x00, 0x00, 0x00, 0x00, 
  0x00, 0x00, 0x00, 0x00, 0x00, 0x00, 0x00, 0x00, 0x00, 0x00, 0x00, 0x00, 
  0x00, 0x00, 0x00, 0x00, 0x00, 0x00, 0x00, 0x00, 0x00, 0x00, 0x00, 0x00, 
  0x00, 0x00, 0x00, 0x00, 0x00, 0x00, 0x00, 0x00, 0x00, 0x00, 0x00, 0x00, 
  0x00, 0x00, 0x00, 0x00, 0x00, 0x00, 0x00, 0x00, 0x00, 0x00, 0x00, 0x00, 
  0x00, 0x00, 0x00, 0x00, 0x00, 0x00, 0x00, 0x00, 0x00, 0x00, 0x00, 0x00, 
  0x00, 0x00, 0x00, 0x00, 0x00, 0x00, 0x00, 0x00, 0x00, 0x00, 0x00, 0x00, 
  0x00, 0x00, 0x00, 0x00, 0x00, 0x00, 0x00, 0x00, 0x00, 0x00, 0x00, 0x00, 
  0x00, 0x00, 0x00, 0x00, 0x00, 0x00, 0x00, 0x00, 0x00, 0x00, 0x00, 0x00, 
  0x00, 0x00, 0x00, 0x00, 0x00, 0x00, 0x00, 0x00, 0x00, 0x00, 0x00, 0x00, 
  0x00, 0x00, 0x00, 0x00, 0x00, 0x00, 0x00, 0x00, 0x00, 0x00, 0x00, 0x00, 
  0x00, 0x00, 0xe1, 0x20, 0x09, 0xee, 0xa9, 0xfe, 0x69, 0xfe, 0x89, 0xfe, 
  0xa9, 0xfe, 0xea, 0xfe, 0x07, 0xc5, 0x01, 0x29, 0x00, 0x00, 0x00, 0x00, 
  0x00, 0x00, 0x00, 0x00, 0x00, 0x00, 0x00, 0x00, 0x00, 0x00, 0x00, 0x00, 
  0x00, 0x00, 0x00, 0x00, 0x00, 0x00, 0x00, 0x00, 0x00, 0x00, 0x00, 0x00, 
  0x00, 0x00, 0x00, 0x00, 0x00, 0x00, 0x00, 0x00, 0x00, 0x00, 0x00, 0x00, 
  0x00, 0x00, 0x00, 0x00, 0x00, 0x00, 0x00, 0x00, 0x00, 0x00, 0x00, 0x00, 
  0x00, 0x00, 0x00, 0x00, 0x00, 0x00, 0x00, 0x00, 0x00, 0x00, 0x00, 0x00, 
  0x00, 0x00, 0x00, 0x00, 0x00, 0x00, 0x00, 0x00, 0x00, 0x00, 0x00, 0x00, 
  0x00, 0x00, 0x00, 0x00, 0x00, 0x00, 0x00, 0x00, 0x00, 0x00, 0x00, 0x00, 
  0x00, 0x00, 0x00, 0x00, 0x00, 0x00, 0x00, 0x00, 0x00, 0x00, 0x00, 0x00, 
  0x00, 0x00, 0x00, 0x00, 0x00, 0x00, 0x00, 0x00, 0x00, 0x00, 0x00, 0x00, 
  0x00, 0x00, 0x00, 0x00, 0x00, 0x00, 0x00, 0x00, 0x00, 0x00, 0x00, 0x00, 
  0x00, 0x00, 0x00, 0x00, 0x00, 0x00, 0x00, 0x00, 0x00, 0x00, 0x00, 0x00, 
  0x00, 0x00, 0x00, 0x00, 0x00, 0x00, 0x00, 0x00, 0x00, 0x00, 0x00, 0x00, 
  0x00, 0x00, 0x20, 0x00, 0xc8, 0xe5, 0xa9, 0xfe, 0x89, 0xfe, 0x89, 0xfe, 
  0x89, 0xfe, 0x89, 0xfe, 0x89, 0xfe, 0x69, 0xfe, 0x89, 0xfe, 0x0a, 0xff, 
  0x85, 0x8b, 0x00, 0x00, 0x00, 0x00, 0x00, 0x00, 0x00, 0x00, 0x00, 0x00, 
  0x00, 0x00, 0x00, 0x00, 0x00, 0x00, 0x00, 0x00, 0x00, 0x00, 0x00, 0x00, 
  0x00, 0x00, 0x00, 0x00, 0x00, 0x00, 0x00, 0x00, 0x00, 0x00, 0x00, 0x00, 
  0x00, 0x00, 0x00, 0x00, 0x00, 0x00, 0x00, 0x00, 0x00, 0x00, 0x00, 0x00, 
  0x00, 0x00, 0x00, 0x00, 0x00, 0x00, 0x00, 0x00, 0x00, 0x00, 0x00, 0x00, 
  0x00, 0x00, 0x00, 0x00, 0x00, 0x00, 0x00, 0x00, 0x00, 0x00, 0x00, 0x00, 
  0x00, 0x00, 0x00, 0x00, 0x00, 0x00, 0x00, 0x00, 0x00, 0x00, 0x00, 0x00, 
  0x00, 0x00, 0x00, 0x00, 0x00, 0x00, 0x00, 0x00, 0x00, 0x00, 0x00, 0x00, 
  0x00, 0x00, 0x00, 0x00, 0x00, 0x00, 0x00, 0x00, 0x00, 0x00, 0x00, 0x00, 
  0x00, 0x00, 0x00, 0x00, 0x00, 0x00, 0x00, 0x00, 0x00, 0x00, 0x00, 0x00, 
  0x00, 0x00, 0x00, 0x00, 0x00, 0x00, 0x00, 0x00, 0x00, 0x00, 0x00, 0x00, 
  0x00, 0x00, 0x00, 0x00, 0x00, 0x00, 0x00, 0x00, 0x00, 0x00, 0x00, 0x00, 
  0x00, 0x00, 0x00, 0x00, 0x00, 0x00, 0x00, 0x00, 0x00, 0x00, 0x00, 0x00, 
  0x00, 0x00, 0x00, 0x00, 0x00, 0x00, 0x00, 0x00, 0x00, 0x00, 0x00, 0x00, 
  0x00, 0x00, 0x00, 0x00, 0x00, 0x00, 0x00, 0x00, 0x00, 0x00, 0x00, 0x00, 
  0x00, 0x00, 0x00, 0x00, 0x00, 0x00, 0x00, 0x00, 0x00, 0x00, 0x00, 0x00, 
  0x00, 0x00, 0x00, 0x00, 0x00, 0x00, 0x00, 0x00, 0x00, 0x00, 0x00, 0x00, 
  0x00, 0x00, 0x00, 0x00, 0x00, 0x00, 0x00, 0x00, 0x00, 0x00, 0x00, 0x00, 
  0x00, 0x00, 0x00, 0x00, 0x00, 0x00, 0x00, 0x00, 0x00, 0x00, 0x00, 0x00, 
  0x00, 0x00, 0x00, 0x00, 0x00, 0x00, 0x00, 0x00, 0x00, 0x00, 0x00, 0x00, 
  0x00, 0x00, 0x00, 0x00, 0x00, 0x00, 0x00, 0x00, 0x00, 0x00, 0x00, 0x00, 
  0x00, 0x00, 0x00, 0x00, 0x00, 0x00, 0x00, 0x00, 0x00, 0x00, 0x00, 0x00, 
  0x00, 0x00, 0x00, 0x00, 0x00, 0x00, 0x00, 0x00, 0x00, 0x00, 0x00, 0x00, 
  0x00, 0x00, 0x00, 0x00, 0x00, 0x00, 0x00, 0x00, 0x00, 0x00, 0x85, 0x8b, 
  0x0a, 0xff, 0xc9, 0xfe, 0x28, 0xee, 0x07, 0xc5, 0x04, 0x73, 0x21, 0x29, 
  0x00, 0x00, 0x00, 0x00, 0x00, 0x00, 0x00, 0x00, 0x00, 0x00, 0x00, 0x00, 
  0x00, 0x00, 0x00, 0x00, 0x00, 0x00, 0x00, 0x00, 0x00, 0x00, 0x00, 0x00, 
  0x00, 0x00, 0x00, 0x00, 0x00, 0x00, 0x00, 0x00, 0x00, 0x00, 0x00, 0x00, 
  0x00, 0x00, 0x00, 0x00, 0x00, 0x00, 0x00, 0x00, 0x00, 0x00, 0x00, 0x00, 
  0x00, 0x00, 0x00, 0x00, 0x00, 0x00, 0x00, 0x00, 0x00, 0x00, 0x00, 0x00, 
  0x00, 0x00, 0x00, 0x00, 0x00, 0x00, 0x00, 0x00, 0x00, 0x00, 0x00, 0x00, 
  0x00, 0x00, 0x00, 0x00, 0x00, 0x00, 0x00, 0x00, 0x00, 0x00, 0x00, 0x00, 
  0x00, 0x00, 0x00, 0x00, 0x00, 0x00, 0x00, 0x00, 0x00, 0x00, 0x00, 0x00, 
  0x00, 0x00, 0x00, 0x00, 0x00, 0x00, 0x00, 0x00, 0x00, 0x00, 0x00, 0x00, 
  0x00, 0x00, 0x00, 0x00, 0x00, 0x00, 0x00, 0x00, 0x00, 0x00, 0x00, 0x00, 
  0x00, 0x00, 0x00, 0x00, 0x00, 0x00, 0x00, 0x00, 0x00, 0x00, 0x00, 0x00, 
  0x00, 0x00, 0x00, 0x00, 0x00, 0x00, 0x00, 0x00, 0x00, 0x00, 0x00, 0x00, 
  0x00, 0x00, 0x00, 0x00, 0x00, 0x00, 0x00, 0x00, 0x00, 0x00, 0x00, 0x00, 
  0x00, 0x00, 0x00, 0x00, 0x00, 0x00, 0x00, 0x00, 0x00, 0x00, 0x00, 0x00, 
  0x00, 0x00, 0x85, 0x8b, 0xea, 0xfe, 0xa9, 0xfe, 0xea, 0xfe, 0x89, 0xfe, 
  0x89, 0xfe, 0x69, 0xfe, 0xea, 0xfe, 0xe8, 0xe5, 0x82, 0x39, 0x00, 0x00, 
  0x00, 0x00, 0x00, 0x00, 0x00, 0x00, 0x00, 0x00, 0x00, 0x00, 0x00, 0x00, 
  0x00, 0x00, 0x00, 0x00, 0x00, 0x00, 0x00, 0x00, 0x00, 0x00, 0x00, 0x00, 
  0x00, 0x00, 0x00, 0x00, 0x00, 0x00, 0x00, 0x00, 0x00, 0x00, 0x00, 0x00, 
  0x00, 0x00, 0x00, 0x00, 0x00, 0x00, 0x00, 0x00, 0x00, 0x00, 0x00, 0x00, 
  0x00, 0x00, 0x00, 0x00, 0x00, 0x00, 0x00, 0x00, 0x00, 0x00, 0x00, 0x00, 
  0x00, 0x00, 0x00, 0x00, 0x00, 0x00, 0x00, 0x00, 0x00, 0x00, 0x00, 0x00, 
  0x00, 0x00, 0x00, 0x00, 0x00, 0x00, 0x00, 0x00, 0x00, 0x00, 0x00, 0x00, 
  0x00, 0x00, 0x00, 0x00, 0x00, 0x00, 0x00, 0x00, 0x00, 0x00, 0x00, 0x00, 
  0x00, 0x00, 0x00, 0x00, 0x00, 0x00, 0x00, 0x00, 0x00, 0x00, 0x00, 0x00, 
  0x00, 0x00, 0x00, 0x00, 0x00, 0x00, 0x00, 0x00, 0x00, 0x00, 0x00, 0x00, 
  0x00, 0x00, 0x00, 0x00, 0x00, 0x00, 0x00, 0x00, 0x00, 0x00, 0x00, 0x00, 
  0x00, 0x00, 0x00, 0x00, 0x00, 0x00, 0x00, 0x00, 0x00, 0x00, 0x00, 0x00, 
  0x00, 0x00, 0x23, 0x52, 0x89, 0xfe, 0x89, 0xfe, 0x89, 0xfe, 0x89, 0xfe, 
  0x89, 0xfe, 0x89, 0xfe, 0x89, 0xfe, 0x89, 0xfe, 0x89, 0xfe, 0x89, 0xfe, 
  0x89, 0xfe, 0xa2, 0x39, 0x00, 0x00, 0x00, 0x00, 0x00, 0x00, 0x00, 0x00, 
  0x00, 0x00, 0x00, 0x00, 0x00, 0x00, 0x00, 0x00, 0x00, 0x00, 0x00, 0x00, 
  0x00, 0x00, 0x00, 0x00, 0x00, 0x00, 0x00, 0x00, 0x00, 0x00, 0x00, 0x00, 
  0x00, 0x00, 0x00, 0x00, 0x00, 0x00, 0x00, 0x00, 0x00, 0x00, 0x00, 0x00, 
  0x00, 0x00, 0x00, 0x00, 0x00, 0x00, 0x00, 0x00, 0x00, 0x00, 0x00, 0x00, 
  0x00, 0x00, 0x00, 0x00, 0x00, 0x00, 0x00, 0x00, 0x00, 0x00, 0x00, 0x00, 
  0x00, 0x00, 0x00, 0x00, 0x00, 0x00, 0x00, 0x00, 0x00, 0x00, 0x00, 0x00, 
  0x00, 0x00, 0x00, 0x00, 0x00, 0x00, 0x00, 0x00, 0x00, 0x00, 0x00, 0x00, 
  0x00, 0x00, 0x00, 0x00, 0x00, 0x00, 0x00, 0x00, 0x00, 0x00, 0x00, 0x00, 
  0x00, 0x00, 0x00, 0x00, 0x00, 0x00, 0x00, 0x00, 0x00, 0x00, 0x00, 0x00, 
  0x00, 0x00, 0x00, 0x00, 0x00, 0x00, 0x00, 0x00, 0x00, 0x00, 0x00, 0x00, 
  0x00, 0x00, 0x00, 0x00, 0x00, 0x00, 0x00, 0x00, 0x00, 0x00, 0x00, 0x00, 
  0x00, 0x00, 0x00, 0x00, 0x00, 0x00, 0x00, 0x00, 0x00, 0x00, 0x00, 0x00, 
  0x00, 0x00, 0x00, 0x00, 0x00, 0x00, 0x00, 0x00, 0x00, 0x00, 0x00, 0x00, 
  0x00, 0x00, 0x00, 0x00, 0x00, 0x00, 0x00, 0x00, 0x00, 0x00, 0x00, 0x00, 
  0x00, 0x00, 0x00, 0x00, 0x00, 0x00, 0x00, 0x00, 0x00, 0x00, 0x00, 0x00, 
  0x00, 0x00, 0x00, 0x00, 0x00, 0x00, 0x00, 0x00, 0x00, 0x00, 0x00, 0x00, 
  0x00, 0x00, 0x00, 0x00, 0x00, 0x00, 0x00, 0x00, 0x00, 0x00, 0x00, 0x00, 
  0x00, 0x00, 0x00, 0x00, 0x00, 0x00, 0x00, 0x00, 0x00, 0x00, 0x00, 0x00, 
  0x00, 0x00, 0x00, 0x00, 0x00, 0x00, 0x00, 0x00, 0x00, 0x00, 0x00, 0x00, 
  0x00, 0x00, 0x00, 0x00, 0x00, 0x00, 0x00, 0x00, 0x00, 0x00, 0x00, 0x00, 
  0x00, 0x00, 0x00, 0x00, 0x00, 0x00, 0x00, 0x00, 0x00, 0x00, 0x00, 0x00, 
  0x00, 0x00, 0x00, 0x00, 0x00, 0x00, 0x00, 0x00, 0x00, 0x00, 0x00, 0x00, 
  0x00, 0x00, 0x00, 0x00, 0x00, 0x00, 0x00, 0x00, 0x00, 0x00, 0x42, 0x31, 
  0x69, 0xfe, 0x89, 0xfe, 0xa9, 0xfe, 0xca, 0xfe, 0xea, 0xfe, 0x49, 0xf6, 
  0x05, 0x9c, 0xe1, 0x20, 0x00, 0x00, 0x00, 0x00, 0x00, 0x00, 0x00, 0x00, 
  0x00, 0x00, 0x00, 0x00, 0x00, 0x00, 0x00, 0x00, 0x00, 0x00, 0x00, 0x00, 
  0x00, 0x00, 0x00, 0x00, 0x00, 0x00, 0x00, 0x00, 0x00, 0x00, 0x00, 0x00, 
  0x00, 0x00, 0x00, 0x00, 0x00, 0x00, 0x00, 0x00, 0x00, 0x00, 0x00, 0x00, 
  0x00, 0x00, 0x00, 0x00, 0x00, 0x00, 0x00, 0x00, 0x00, 0x00, 0x00, 0x00, 
  0x00, 0x00, 0x00, 0x00, 0x00, 0x00, 0x00, 0x00, 0x00, 0x00, 0x00, 0x00, 
  0x00, 0x00, 0x00, 0x00, 0x00, 0x00, 0x00, 0x00, 0x00, 0x00, 0x00, 0x00, 
  0x00, 0x00, 0x00, 0x00, 0x00, 0x00, 0x00, 0x00, 0x00, 0x00, 0x00, 0x00, 
  0x00, 0x00, 0x00, 0x00, 0x00, 0x00, 0x00, 0x00, 0x00, 0x00, 0x00, 0x00, 
  0x00, 0x00, 0x00, 0x00, 0x00, 0x00, 0x00, 0x00, 0x00, 0x00, 0x00, 0x00, 
  0x00, 0x00, 0x00, 0x00, 0x00, 0x00, 0x00, 0x00, 0x00, 0x00, 0x00, 0x00, 
  0x00, 0x00, 0x00, 0x00, 0x00, 0x00, 0xc4, 0x6a, 0xa6, 0xac, 0xa5, 0x8b, 
  0x60, 0x10, 0x00, 0x00, 0x00, 0x00, 0x00, 0x00, 0x00, 0x00, 0x00, 0x00, 
  0x00, 0x00, 0x00, 0x00, 0x00, 0x00, 0x00, 0x00, 0x00, 0x00, 0x00, 0x00, 
  0x00, 0x00, 0xa6, 0xb4, 0x0a, 0xff, 0x24, 0x7b, 0xa5, 0x8b, 0xc9, 0xfe, 
  0x89, 0xfe, 0x89, 0xfe, 0x69, 0xfe, 0xca, 0xfe, 0x08, 0xee, 0x01, 0x29, 
  0x00, 0x00, 0x00, 0x00, 0x00, 0x00, 0x00, 0x00, 0x00, 0x00, 0x00, 0x00, 
  0x00, 0x00, 0x00, 0x00, 0x00, 0x00, 0x00, 0x00, 0x00, 0x00, 0x00, 0x00, 
  0x00, 0x00, 0x00, 0x00, 0x00, 0x00, 0x00, 0x00, 0x00, 0x00, 0x00, 0x00, 
  0x00, 0x00, 0x00, 0x00, 0x00, 0x00, 0x00, 0x00, 0x00, 0x00, 0x00, 0x00, 
  0x00, 0x00, 0x00, 0x00, 0x00, 0x00, 0x00, 0x00, 0x00, 0x00, 0x00, 0x00, 
  0x00, 0x00, 0x00, 0x00, 0x00, 0x00, 0x00, 0x00, 0x00, 0x00, 0x00, 0x00, 
  0x00, 0x00, 0x00, 0x00, 0x00, 0x00, 0x00, 0x00, 0x00, 0x00, 0x00, 0x00, 
  0x00, 0x00, 0x00, 0x00, 0x00, 0x00, 0x00, 0x00, 0x00, 0x00, 0x00, 0x00, 
  0x00, 0x00, 0x00, 0x00, 0x00, 0x00, 0x00, 0x00, 0x00, 0x00, 0x00, 0x00, 
  0x00, 0x00, 0x00, 0x00, 0x00, 0x00, 0x00, 0x00, 0x00, 0x00, 0x00, 0x00, 
  0x00, 0x00, 0x00, 0x00, 0x00, 0x00, 0x00, 0x00, 0x00, 0x00, 0x00, 0x00, 
  0x00, 0x00, 0x00, 0x00, 0x00, 0x00, 0x00, 0x00, 0x00, 0x00, 0x00, 0x00, 
  0x83, 0x62, 0x69, 0xf6, 0xa9, 0xfe, 0x89, 0xfe, 0x89, 0xfe, 0x89, 0xfe, 
  0x89, 0xfe, 0x89, 0xfe, 0x89, 0xfe, 0x89, 0xfe, 0x89, 0xfe, 0x69, 0xfe, 
  0xea, 0xfe, 0x47, 0xbc, 0x20, 0x08, 0x00, 0x00, 0x00, 0x00, 0x00, 0x00, 
  0x00, 0x00, 0x00, 0x00, 0x00, 0x00, 0x00, 0x00, 0x00, 0x00, 0x00, 0x00, 
  0x00, 0x00, 0x00, 0x00, 0x00, 0x00, 0x00, 0x00, 0x00, 0x00, 0x00, 0x00, 
  0x00, 0x00, 0x00, 0x00, 0x00, 0x00, 0x00, 0x00, 0x00, 0x00, 0x00, 0x00, 
  0x00, 0x00, 0x00, 0x00, 0x00, 0x00, 0x00, 0x00, 0x00, 0x00, 0x00, 0x00, 
  0x00, 0x00, 0x00, 0x00, 0x00, 0x00, 0x00, 0x00, 0x00, 0x00, 0x00, 0x00, 
  0x00, 0x00, 0x00, 0x00, 0x00, 0x00, 0x00, 0x00, 0x00, 0x00, 0x00, 0x00, 
  0x00, 0x00, 0x00, 0x00, 0x00, 0x00, 0x00, 0x00, 0x00, 0x00, 0x00, 0x00, 
  0x00, 0x00, 0x00, 0x00, 0x00, 0x00, 0x00, 0x00, 0x00, 0x00, 0x00, 0x00, 
  0x00, 0x00, 0x00, 0x00, 0x00, 0x00, 0x00, 0x00, 0x00, 0x00, 0x00, 0x00, 
  0x00, 0x00, 0x00, 0x00, 0x00, 0x00, 0x00, 0x00, 0x00, 0x00, 0x00, 0x00, 
  0x00, 0x00, 0x00, 0x00, 0x00, 0x00, 0x00, 0x00, 0x00, 0x00, 0x00, 0x00, 
  0x00, 0x00, 0x00, 0x00, 0x00, 0x00, 0x00, 0x00, 0x00, 0x00, 0x00, 0x00, 
  0x00, 0x00, 0x00, 0x00, 0x00, 0x00, 0x00, 0x00, 0x00, 0x00, 0x00, 0x00, 
  0x00, 0x00, 0x00, 0x00, 0x00, 0x00, 0x00, 0x00, 0x00, 0x00, 0x00, 0x00, 
  0x00, 0x00, 0x00, 0x00, 0x00, 0x00, 0x00, 0x00, 0x00, 0x00, 0x00, 0x00, 
  0x00, 0x00, 0x00, 0x00, 0x00, 0x00, 0x00, 0x00, 0x00, 0x00, 0x00, 0x00, 
  0x00, 0x00, 0x00, 0x00, 0x00, 0x00, 0x00, 0x00, 0x00, 0x00, 0x00, 0x00, 
  0x00, 0x00, 0x00, 0x00, 0x00, 0x00, 0x00, 0x00, 0x00, 0x00, 0x00, 0x00, 
  0x00, 0x00, 0x00, 0x00, 0x00, 0x00, 0x00, 0x00, 0x00, 0x00, 0x00, 0x00, 
  0x00, 0x00, 0x00, 0x00, 0x00, 0x00, 0x00, 0x00, 0x00, 0x00, 0x00, 0x00, 
  0x00, 0x00, 0x00, 0x00, 0x00, 0x00, 0x00, 0x00, 0x00, 0x00, 0x00, 0x00, 
  0x00, 0x00, 0x00, 0x00, 0x00, 0x00, 0x00, 0x00, 0x00, 0x00, 0x00, 0x00, 
  0x00, 0x00, 0x00, 0x00, 0x00, 0x00, 0x00, 0x00, 0x00, 0x00, 0x20, 0x00, 
  0xc8, 0xe5, 0xa9, 0xfe, 0x89, 0xfe, 0x89, 0xfe, 0x69, 0xfe, 0x89, 0xfe, 
  0xea, 0xfe, 0x08, 0xee, 0x63, 0x62, 0x00, 0x00, 0x00, 0x00, 0x00, 0x00, 
  0x00, 0x00, 0x00, 0x00, 0x00, 0x00, 0x00, 0x00, 0x00, 0x00, 0x00, 0x00, 
  0x00, 0x00, 0x00, 0x00, 0x00, 0x00, 0x00, 0x00, 0x00, 0x00, 0x00, 0x00, 
  0x00, 0x00, 0x00, 0x00, 0x00, 0x00, 0x00, 0x00, 0x00, 0x00, 0x00, 0x00, 
  0x00, 0x00, 0x00, 0x00, 0x00, 0x00, 0x00, 0x00, 0x00, 0x00, 0x00, 0x00, 
  0x00, 0x00, 0x00, 0x00, 0x00, 0x00, 0x00, 0x00, 0x00, 0x00, 0x00, 0x00, 
  0x00, 0x00, 0x00, 0x00, 0x00, 0x00, 0x00, 0x00, 0x00, 0x00, 0x00, 0x00, 
  0x00, 0x00, 0x00, 0x00, 0x00, 0x00, 0x00, 0x00, 0x00, 0x00, 0x00, 0x00, 
  0x00, 0x00, 0x00, 0x00, 0x00, 0x00, 0x00, 0x00, 0x00, 0x00, 0x00, 0x00, 
  0x00, 0x00, 0x00, 0x00, 0x00, 0x00, 0x00, 0x00, 0x00, 0x00, 0x00, 0x00, 
  0x00, 0x00, 0x00, 0x00, 0x00, 0x00, 0x00, 0x00, 0x00, 0x00, 0x00, 0x00, 
  0x00, 0x00, 0x00, 0x00, 0xc5, 0x93, 0x0a, 0xff, 0xea, 0xfe, 0x0a, 0xff, 
  0xe2, 0x49, 0x00, 0x00, 0x20, 0x00, 0x00, 0x00, 0x00, 0x00, 0x00, 0x00, 
  0x00, 0x00, 0x00, 0x00, 0x00, 0x00, 0x00, 0x00, 0x00, 0x00, 0x00, 0x00, 
  0x00, 0x00, 0xe7, 0xbc, 0x49, 0xf6, 0x60, 0x08, 0x00, 0x10, 0x28, 0xed, 
  0xc9, 0xfe, 0x89, 0xfe, 0x89, 0xfe, 0x69, 0xfe, 0xea, 0xfe, 0xc7, 0xbc, 
  0x20, 0x00, 0x00, 0x00, 0x00, 0x00, 0x00, 0x00, 0x00, 0x00, 0x00, 0x00, 
  0x00, 0x00, 0x00, 0x00, 0x00, 0x00, 0x00, 0x00, 0x00, 0x00, 0x00, 0x00, 
  0x00, 0x00, 0x00, 0x00, 0x00, 0x00, 0x00, 0x00, 0x00, 0x00, 0x00, 0x00, 
  0x00, 0x00, 0x00, 0x00, 0x00, 0x00, 0x00, 0x00, 0x00, 0x00, 0x00, 0x00, 
  0x00, 0x00, 0x00, 0x00, 0x00, 0x00, 0x00, 0x00, 0x00, 0x00, 0x00, 0x00, 
  0x00, 0x00, 0x00, 0x00, 0x00, 0x00, 0x00, 0x00, 0x00, 0x00, 0x00, 0x00, 
  0x00, 0x00, 0x00, 0x00, 0x00, 0x00, 0x00, 0x00, 0x00, 0x00, 0x00, 0x00, 
  0x00, 0x00, 0x00, 0x00, 0x00, 0x00, 0x00, 0x00, 0x00, 0x00, 0x00, 0x00, 
  0x00, 0x00, 0x00, 0x00, 0x00, 0x00, 0x00, 0x00, 0x00, 0x00, 0x00, 0x00, 
  0x00, 0x00, 0x00, 0x00, 0x00, 0x00, 0x00, 0x00, 0x00, 0x00, 0x00, 0x00, 
  0x00, 0x00, 0x00, 0x00, 0x00, 0x00, 0x00, 0x00, 0x00, 0x00, 0x00, 0x00, 
  0x00, 0x00, 0x00, 0x00, 0x00, 0x00, 0x00, 0x00, 0x00, 0x00, 0x65, 0x83, 
  0xc9, 0xfe, 0xa9, 0xfe, 0x89, 0xfe, 0x89, 0xfe, 0x89, 0xfe, 0x89, 0xfe, 
  0x89, 0xfe, 0x89, 0xfe, 0x89, 0xfe, 0x89, 0xfe, 0x89, 0xfe, 0x89, 0xfe, 
  0xa9, 0xfe, 0xe9, 0xfd, 0x86, 0x91, 0x00, 0x10, 0x00, 0x00, 0x00, 0x00, 
  0x00, 0x00, 0x00, 0x00, 0x00, 0x00, 0x00, 0x00, 0x00, 0x00, 0x00, 0x00, 
  0x00, 0x00, 0x00, 0x00, 0x00, 0x00, 0x00, 0x00, 0x00, 0x00, 0x00, 0x00, 
  0x00, 0x00, 0x00, 0x00, 0x00, 0x00, 0x00, 0x00, 0x00, 0x00, 0x00, 0x00, 
  0x00, 0x00, 0x00, 0x00, 0x00, 0x00, 0x00, 0x00, 0x00, 0x00, 0x00, 0x00, 
  0x00, 0x00, 0x00, 0x00, 0x00, 0x00, 0x00, 0x00, 0x00, 0x00, 0x00, 0x00, 
  0x00, 0x00, 0x00, 0x00, 0x00, 0x00, 0x00, 0x00, 0x00, 0x00, 0x00, 0x00, 
  0x00, 0x00, 0x00, 0x00, 0x00, 0x00, 0x00, 0x00, 0x00, 0x00, 0x00, 0x00, 
  0x00, 0x00, 0x00, 0x00, 0x00, 0x00, 0x00, 0x00, 0x00, 0x00, 0x00, 0x00, 
  0x00, 0x00, 0x00, 0x00, 0x00, 0x00, 0x00, 0x00, 0x00, 0x00, 0x00, 0x00, 
  0x00, 0x00, 0x00, 0x00, 0x00, 0x00, 0x00, 0x00, 0x00, 0x00, 0x00, 0x00, 
  0x00, 0x00, 0x00, 0x00, 0x00, 0x00, 0x00, 0x00, 0x00, 0x00, 0x00, 0x00, 
  0x00, 0x00, 0x00, 0x00, 0x00, 0x00, 0x00, 0x00, 0x00, 0x00, 0x00, 0x00, 
  0x00, 0x00, 0x00, 0x00, 0x00, 0x00, 0x00, 0x00, 0x00, 0x00, 0x00, 0x00, 
  0x00, 0x00, 0x00, 0x00, 0x00, 0x00, 0x00, 0x00, 0x00, 0x00, 0x00, 0x00, 
  0x00, 0x00, 0x00, 0x00, 0x00, 0x00, 0x00, 0x00, 0x00, 0x00, 0x00, 0x00, 
  0x00, 0x00, 0x00, 0x00, 0x00, 0x00, 0x00, 0x00, 0x00, 0x00, 0x00, 0x00, 
  0x00, 0x00, 0x00, 0x00, 0x00, 0x00, 0x00, 0x00, 0x00, 0x00, 0x00, 0x00, 
  0x00, 0x00, 0x00, 0x00, 0x00, 0x00, 0x00, 0x00, 0x00, 0x00, 0x00, 0x00, 
  0x00, 0x00, 0x00, 0x00, 0x00, 0x00, 0x00, 0x00, 0x00, 0x00, 0x00, 0x00, 
  0x00, 0x00, 0x00, 0x00, 0x00, 0x00, 0x00, 0x00, 0x00, 0x00, 0x00, 0x00, 
  0x00, 0x00, 0x00, 0x00, 0x00, 0x00, 0x00, 0x00, 0x00, 0x00, 0x00, 0x00, 
  0x00, 0x00, 0x00, 0x00, 0x00, 0x00, 0x00, 0x00, 0x00, 0x00, 0x00, 0x00, 
  0x00, 0x00, 0x00, 0x00, 0x00, 0x00, 0x00, 0x00, 0x00, 0x00, 0x00, 0x00, 
  0x47, 0xcd, 0xc9, 0xfe, 0x89, 0xfe, 0x89, 0xfe, 0x89, 0xfe, 0x89, 0xfe, 
  0x69, 0xfe, 0xa9, 0xfe, 0xca, 0xfe, 0x24, 0x7b, 0x00, 0x00, 0x00, 0x00, 
  0x00, 0x00, 0x00, 0x00, 0x00, 0x00, 0x00, 0x00, 0x00, 0x00, 0x00, 0x00, 
  0x00, 0x00, 0x00, 0x00, 0x00, 0x00, 0x00, 0x00, 0x00, 0x00, 0x00, 0x00, 
  0x00, 0x00, 0x00, 0x00, 0x00, 0x00, 0x00, 0x00, 0x00, 0x00, 0x00, 0x00, 
  0x00, 0x00, 0x00, 0x00, 0x00, 0x00, 0x00, 0x00, 0x00, 0x00, 0x00, 0x00, 
  0x00, 0x00, 0x00, 0x00, 0x00, 0x00, 0x00, 0x00, 0x00, 0x00, 0x00, 0x00, 
  0x00, 0x00, 0x00, 0x00, 0x00, 0x00, 0x00, 0x00, 0x00, 0x00, 0x00, 0x00, 
  0x00, 0x00, 0x00, 0x00, 0x00, 0x00, 0x00, 0x00, 0x00, 0x00, 0x00, 0x00, 
  0x00, 0x00, 0x00, 0x00, 0x00, 0x00, 0x00, 0x00, 0x00, 0x00, 0x00, 0x00, 
  0x00, 0x00, 0x00, 0x00, 0x00, 0x00, 0x00, 0x00, 0x00, 0x00, 0x00, 0x00, 
  0x00, 0x00, 0x00, 0x00, 0x00, 0x00, 0x00, 0x00, 0x00, 0x00, 0x00, 0x00, 
  0x00, 0x00, 0x21, 0x29, 0x29, 0xf6, 0xa9, 0xfe, 0x49, 0xf6, 0xea, 0xfe, 
  0x85, 0x8b, 0x00, 0x00, 0x00, 0x00, 0x00, 0x00, 0x00, 0x00, 0x00, 0x00, 
  0x00, 0x00, 0x00, 0x00, 0x00, 0x00, 0x00, 0x00, 0x00, 0x00, 0x00, 0x00, 
  0x00, 0x00, 0xa6, 0xb4, 0x08, 0xee, 0x60, 0x08, 0x84, 0x68, 0xa8, 0xca, 
  0x69, 0xfe, 0x89, 0xfe, 0x89, 0xfe, 0x89, 0xfe, 0x69, 0xfe, 0xca, 0xfe, 
  0x44, 0x72, 0x00, 0x00, 0x00, 0x00, 0x00, 0x00, 0x00, 0x00, 0x00, 0x00, 
  0x00, 0x00, 0x00, 0x00, 0x00, 0x00, 0x00, 0x00, 0x00, 0x00, 0x00, 0x00, 
  0x00, 0x00, 0x00, 0x00, 0x00, 0x00, 0x00, 0x00, 0x00, 0x00, 0x00, 0x00, 
  0x00, 0x00, 0x00, 0x00, 0x00, 0x00, 0x00, 0x00, 0x00, 0x00, 0x00, 0x00, 
  0x00, 0x00, 0x00, 0x00, 0x00, 0x00, 0x00, 0x00, 0x00, 0x00, 0x00, 0x00, 
  0x00, 0x00, 0x00, 0x00, 0x00, 0x00, 0x00, 0x00, 0x00, 0x00, 0x00, 0x00, 
  0x00, 0x00, 0x00, 0x00, 0x00, 0x00, 0x00, 0x00, 0x00, 0x00, 0x00, 0x00, 
  0x00, 0x00, 0x00, 0x00, 0x00, 0x00, 0x00, 0x00, 0x00, 0x00, 0x00, 0x00, 
  0x00, 0x00, 0x00, 0x00, 0x00, 0x00, 0x00, 0x00, 0x00, 0x00, 0x00, 0x00, 
  0x00, 0x00, 0x00, 0x00, 0x00, 0x00, 0x00, 0x00, 0x00, 0x00, 0x00, 0x00, 
  0x00, 0x00, 0x00, 0x00, 0x00, 0x00, 0x00, 0x00, 0x00, 0x00, 0x00, 0x00, 
  0x00, 0x00, 0x00, 0x00, 0x00, 0x00, 0x60, 0x10, 0x46, 0xac, 0xea, 0xfe, 
  0x89, 0xfe, 0x89, 0xfe, 0x89, 0xfe, 0x89, 0xfe, 0x89, 0xfe, 0x89, 0xfe, 
  0x89, 0xfe, 0x89, 0xfe, 0x89, 0xfe, 0x89, 0xfe, 0x89, 0xfe, 0x89, 0xfe, 
  0x89, 0xfe, 0x49, 0xfe, 0x28, 0xca, 0xc4, 0x70, 0x00, 0x00, 0x00, 0x00, 
  0x00, 0x00, 0x00, 0x00, 0x00, 0x00, 0x00, 0x00, 0x00, 0x00, 0x00, 0x00, 
  0x00, 0x00, 0x00, 0x00, 0x00, 0x00, 0x00, 0x00, 0x00, 0x00, 0x00, 0x00, 
  0x00, 0x00, 0x00, 0x00, 0x00, 0x00, 0x00, 0x00, 0x00, 0x00, 0x00, 0x00, 
  0x00, 0x00, 0x00, 0x00, 0x00, 0x00, 0x00, 0x00, 0x00, 0x00, 0x00, 0x00, 
  0x00, 0x00, 0x00, 0x00, 0x00, 0x00, 0x00, 0x00, 0x00, 0x00, 0x00, 0x00, 
  0x00, 0x00, 0x00, 0x00, 0x00, 0x00, 0x00, 0x00, 0x00, 0x00, 0x00, 0x00, 
  0x00, 0x00, 0x00, 0x00, 0x00, 0x00, 0x00, 0x00, 0x00, 0x00, 0x00, 0x00, 
  0x00, 0x00, 0x00, 0x00, 0x00, 0x00, 0x00, 0x00, 0x00, 0x00, 0x00, 0x00, 
  0x00, 0x00, 0x00, 0x00, 0x00, 0x00, 0x00, 0x00, 0x00, 0x00, 0x00, 0x00, 
  0x00, 0x00, 0x00, 0x00, 0x00, 0x00, 0x00, 0x00, 0x00, 0x00, 0x00, 0x00, 
  0x00, 0x00, 0x00, 0x00, 0x00, 0x00, 0x00, 0x00, 0x00, 0x00, 0x00, 0x00, 
  0x00, 0x00, 0x00, 0x00, 0x00, 0x00, 0x00, 0x00, 0x00, 0x00, 0x00, 0x00, 
  0x00, 0x00, 0x00, 0x00, 0x00, 0x00, 0x00, 0x00, 0x00, 0x00, 0x00, 0x00, 
  0x00, 0x00, 0x00, 0x00, 0x00, 0x00, 0x00, 0x00, 0x00, 0x00, 0x00, 0x00, 
  0x00, 0x00, 0x00, 0x00, 0x00, 0x00, 0x00, 0x00, 0x00, 0x00, 0x00, 0x00, 
  0x00, 0x00, 0x00, 0x00, 0x00, 0x00, 0x00, 0x00, 0x00, 0x00, 0x00, 0x00, 
  0x00, 0x00, 0x00, 0x00, 0x00, 0x00, 0x00, 0x00, 0x00, 0x00, 0x00, 0x00, 
  0x00, 0x00, 0x00, 0x00, 0x00, 0x00, 0x00, 0x00, 0x00, 0x00, 0x00, 0x00, 
  0x00, 0x00, 0x00, 0x00, 0x00, 0x00, 0x00, 0x00, 0x00, 0x00, 0x00, 0x00, 
  0x00, 0x00, 0x00, 0x00, 0x00, 0x00, 0x00, 0x00, 0x00, 0x00, 0x00, 0x00, 
  0x00, 0x00, 0x00, 0x00, 0x00, 0x00, 0x00, 0x00, 0x00, 0x00, 0x00, 0x00, 
  0x00, 0x00, 0x00, 0x00, 0x00, 0x00, 0x00, 0x00, 0x00, 0x00, 0x00, 0x00, 
  0x00, 0x00, 0x00, 0x00, 0x00, 0x00, 0x00, 0x00, 0x00, 0x00, 0x80, 0x10, 
  0x29, 0xf6, 0xa9, 0xfe, 0x89, 0xfe, 0x89, 0xfe, 0x89, 0xfe, 0x89, 0xfe, 
  0x89, 0xfe, 0x89, 0xfe, 0x89, 0xfe, 0xea, 0xfe, 0xc4, 0x6a, 0x00, 0x00, 
  0x00, 0x00, 0x00, 0x00, 0x00, 0x00, 0x00, 0x00, 0x00, 0x00, 0x00, 0x00, 
  0x00, 0x00, 0x00, 0x00, 0x00, 0x00, 0x00, 0x00, 0x00, 0x00, 0x00, 0x00, 
  0x00, 0x00, 0x00, 0x00, 0x00, 0x00, 0x00, 0x00, 0x00, 0x00, 0x00, 0x00, 
  0x00, 0x00, 0x00, 0x00, 0x00, 0x00, 0x00, 0x00, 0x00, 0x00, 0x00, 0x00, 
  0x00, 0x00, 0x00, 0x00, 0x00, 0x00, 0x00, 0x00, 0x00, 0x00, 0x00, 0x00, 
  0x00, 0x00, 0x00, 0x00, 0x00, 0x00, 0x00, 0x00, 0x00, 0x00, 0x00, 0x00, 
  0x00, 0x00, 0x00, 0x00, 0x00, 0x00, 0x00, 0x00, 0x00, 0x00, 0x00, 0x00, 
  0x00, 0x00, 0x00, 0x00, 0x00, 0x00, 0x00, 0x00, 0x00, 0x00, 0x00, 0x00, 
  0x00, 0x00, 0x00, 0x00, 0x00, 0x00, 0x00, 0x00, 0x00, 0x00, 0x00, 0x00, 
  0x00, 0x00, 0x00, 0x00, 0x00, 0x00, 0x00, 0x00, 0x00, 0x00, 0x00, 0x00, 
  0x00, 0x00, 0x43, 0x5a, 0xea, 0xfe, 0x69, 0xfe, 0x89, 0xfe, 0x89, 0xfe, 
  0x49, 0xf6, 0x83, 0x59, 0x00, 0x10, 0x00, 0x00, 0x00, 0x00, 0x00, 0x00, 
  0x00, 0x00, 0x00, 0x00, 0x00, 0x00, 0x00, 0x00, 0x00, 0x00, 0x20, 0x00, 
  0x00, 0x00, 0xe5, 0x9b, 0xc8, 0xe5, 0x40, 0x10, 0x26, 0x99, 0x47, 0xb1, 
  0x88, 0xed, 0xc9, 0xfe, 0x89, 0xfe, 0x89, 0xfe, 0x89, 0xfe, 0xc9, 0xfe, 
  0xe9, 0xec, 0x83, 0x50, 0x00, 0x00, 0x00, 0x00, 0x00, 0x00, 0x00, 0x00, 
  0x00, 0x00, 0x00, 0x00, 0x00, 0x00, 0x00, 0x00, 0x00, 0x00, 0x00, 0x00, 
  0x00, 0x00, 0x00, 0x00, 0x00, 0x00, 0x00, 0x00, 0x00, 0x00, 0x00, 0x00, 
  0x00, 0x00, 0x00, 0x00, 0x00, 0x00, 0x00, 0x00, 0x00, 0x00, 0x00, 0x00, 
  0x00, 0x00, 0x00, 0x00, 0x00, 0x00, 0x00, 0x00, 0x00, 0x00, 0x00, 0x00, 
  0x00, 0x00, 0x00, 0x00, 0x00, 0x00, 0x00, 0x00, 0x00, 0x00, 0x00, 0x00, 
  0x00, 0x00, 0x00, 0x00, 0x00, 0x00, 0x00, 0x00, 0x00, 0x00, 0x00, 0x00, 
  0x00, 0x00, 0x00, 0x00, 0x00, 0x00, 0x00, 0x00, 0x00, 0x00, 0x00, 0x00, 
  0x00, 0x00, 0x00, 0x00, 0x00, 0x00, 0x00, 0x00, 0x00, 0x00, 0x00, 0x00, 
  0x00, 0x00, 0x00, 0x00, 0x00, 0x00, 0x00, 0x00, 0x00, 0x00, 0x00, 0x00, 
  0x00, 0x00, 0x00, 0x00, 0x00, 0x00, 0x00, 0x00, 0x00, 0x00, 0x00, 0x00, 
  0x00, 0x00, 0x00, 0x00, 0xe1, 0x20, 0x27, 0xcd, 0xea, 0xfe, 0x89, 0xfe, 
  0x89, 0xfe, 0x89, 0xfe, 0x89, 0xfe, 0x89, 0xfe, 0x89, 0xfe, 0x89, 0xfe, 
  0x89, 0xfe, 0x89, 0xfe, 0x89, 0xfe, 0x89, 0xfe, 0x89, 0xfe, 0x69, 0xfe, 
  0xc9, 0xfe, 0x89, 0xf5, 0x87, 0xb1, 0x47, 0xb1, 0x41, 0x28, 0x00, 0x00, 
  0x00, 0x00, 0x00, 0x00, 0x00, 0x00, 0x00, 0x00, 0x00, 0x00, 0x00, 0x00, 
  0x00, 0x00, 0x00, 0x00, 0x00, 0x00, 0x00, 0x00, 0x00, 0x00, 0x00, 0x00, 
  0x00, 0x00, 0x00, 0x00, 0x00, 0x00, 0x00, 0x00, 0x00, 0x00, 0x00, 0x00, 
  0x00, 0x00, 0x00, 0x00, 0x00, 0x00, 0x00, 0x00, 0x00, 0x00, 0x00, 0x00, 
  0x00, 0x00, 0x00, 0x00, 0x00, 0x00, 0x00, 0x00, 0x00, 0x00, 0x00, 0x00, 
  0x00, 0x00, 0x00, 0x00, 0x00, 0x00, 0x00, 0x00, 0x00, 0x00, 0x00, 0x00, 
  0x00, 0x00, 0x00, 0x00, 0x00, 0x00, 0x00, 0x00, 0x00, 0x00, 0x00, 0x00, 
  0x00, 0x00, 0x00, 0x00, 0x00, 0x00, 0x00, 0x00, 0x00, 0x00, 0x00, 0x00, 
  0x00, 0x00, 0x00, 0x00, 0x00, 0x00, 0x00, 0x00, 0x00, 0x00, 0x00, 0x00, 
  0x00, 0x00, 0x00, 0x00, 0x00, 0x00, 0x00, 0x00, 0x00, 0x00, 0x00, 0x00, 
  0x00, 0x00, 0x00, 0x00, 0x00, 0x00, 0x00, 0x00, 0x00, 0x00, 0x00, 0x00, 
  0x00, 0x00, 0x00, 0x00, 0x00, 0x00, 0x00, 0x00, 0x00, 0x00, 0x00, 0x00, 
  0x00, 0x00, 0x00, 0x00, 0x00, 0x00, 0x00, 0x00, 0x00, 0x00, 0x00, 0x00, 
  0x00, 0x00, 0x00, 0x00, 0x00, 0x00, 0x00, 0x00, 0x00, 0x00, 0x00, 0x00, 
  0x00, 0x00, 0x00, 0x00, 0x00, 0x00, 0x00, 0x00, 0x00, 0x00, 0x00, 0x00, 
  0x00, 0x00, 0x00, 0x00, 0x00, 0x00, 0x00, 0x00, 0x00, 0x00, 0x00, 0x00, 
  0x00, 0x00, 0x00, 0x00, 0x00, 0x00, 0x00, 0x00, 0x00, 0x00, 0x00, 0x00, 
  0x00, 0x00, 0x00, 0x00, 0x00, 0x00, 0x00, 0x00, 0x00, 0x00, 0x00, 0x00, 
  0x00, 0x00, 0x00, 0x00, 0x00, 0x00, 0x00, 0x00, 0x00, 0x00, 0x00, 0x00, 
  0x00, 0x00, 0x00, 0x00, 0x00, 0x00, 0x00, 0x00, 0x00, 0x00, 0x00, 0x00, 
  0x00, 0x00, 0x00, 0x00, 0x00, 0x00, 0x00, 0x00, 0x00, 0x00, 0x00, 0x00, 
  0x00, 0x00, 0x00, 0x00, 0x00, 0x00, 0x00, 0x00, 0x00, 0x00, 0x00, 0x00, 
  0x00, 0x00, 0x00, 0x00, 0x00, 0x00, 0x00, 0x00, 0x00, 0x00, 0x85, 0x8b, 
  0xca, 0xfe, 0x89, 0xfe, 0x89, 0xfe, 0x89, 0xfe, 0x89, 0xfe, 0x89, 0xfe, 
  0x89, 0xfe, 0x89, 0xfe, 0x89, 0xfe, 0x89, 0xfe, 0x89, 0xfe, 0x62, 0x39, 
  0x00, 0x00, 0x20, 0x00, 0x00, 0x00, 0x00, 0x00, 0x00, 0x00, 0x00, 0x00, 
  0x00, 0x00, 0x00, 0x00, 0x00, 0x00, 0x00, 0x00, 0x00, 0x00, 0x00, 0x00, 
  0x00, 0x00, 0x00, 0x00, 0x00, 0x00, 0x00, 0x00, 0x00, 0x00, 0x00, 0x00, 
  0x00, 0x00, 0x00, 0x00, 0x00, 0x00, 0x00, 0x00, 0x00, 0x00, 0x00, 0x00, 
  0x00, 0x00, 0x00, 0x00, 0x00, 0x00, 0x00, 0x00, 0x00, 0x00, 0x00, 0x00, 
  0x00, 0x00, 0x00, 0x00, 0x00, 0x00, 0x00, 0x00, 0x00, 0x00, 0x00, 0x00, 
  0x00, 0x00, 0x00, 0x00, 0x00, 0x00, 0x00, 0x00, 0x00, 0x00, 0x00, 0x00, 
  0x00, 0x00, 0x00, 0x00, 0x00, 0x00, 0x00, 0x00, 0x00, 0x00, 0x00, 0x00, 
  0x00, 0x00, 0x00, 0x00, 0x00, 0x00, 0x00, 0x00, 0x00, 0x00, 0x00, 0x00, 
  0x00, 0x00, 0x00, 0x00, 0x00, 0x00, 0x00, 0x00, 0x00, 0x00, 0x00, 0x00, 
  0x00, 0x00, 0x65, 0x83, 0x0a, 0xff, 0x69, 0xfe, 0x89, 0xfe, 0x89, 0xfe, 
  0xc9, 0xfe, 0xc9, 0xfd, 0x86, 0x91, 0x00, 0x00, 0x00, 0x00, 0x00, 0x00, 
  0x00, 0x00, 0x00, 0x00, 0x00, 0x00, 0x00, 0x00, 0x00, 0x00, 0x00, 0x00, 
  0x00, 0x00, 0x63, 0x62, 0x67, 0xd5, 0x61, 0x18, 0x46, 0xa9, 0xe5, 0x80, 
  0x06, 0xa4, 0xca, 0xfe, 0x89, 0xfe, 0x89, 0xfe, 0x89, 0xfe, 0xa9, 0xfe, 
  0x29, 0xfe, 0xa7, 0xb1, 0x42, 0x30, 0x00, 0x00, 0x00, 0x00, 0x00, 0x00, 
  0x00, 0x00, 0x00, 0x00, 0x00, 0x00, 0x00, 0x00, 0x00, 0x00, 0x00, 0x00, 
  0x00, 0x00, 0x00, 0x00, 0x00, 0x00, 0x00, 0x00, 0x00, 0x00, 0x00, 0x00, 
  0x00, 0x00, 0x00, 0x00, 0x00, 0x00, 0x00, 0x00, 0x00, 0x00, 0x00, 0x00, 
  0x00, 0x00, 0x00, 0x00, 0x00, 0x00, 0x00, 0x00, 0x00, 0x00, 0x00, 0x00, 
  0x00, 0x00, 0x00, 0x00, 0x00, 0x00, 0x00, 0x00, 0x00, 0x00, 0x00, 0x00, 
  0x00, 0x00, 0x00, 0x00, 0x00, 0x00, 0x00, 0x00, 0x00, 0x00, 0x00, 0x00, 
  0x00, 0x00, 0x00, 0x00, 0x00, 0x00, 0x00, 0x00, 0x00, 0x00, 0x00, 0x00, 
  0x00, 0x00, 0x00, 0x00, 0x00, 0x00, 0x00, 0x00, 0x00, 0x00, 0x00, 0x00, 
  0x00, 0x00, 0x00, 0x00, 0x00, 0x00, 0x00, 0x00, 0x00, 0x00, 0x00, 0x00, 
  0x00, 0x00, 0x00, 0x00, 0x00, 0x00, 0x00, 0x00, 0x00, 0x00, 0x00, 0x00, 
  0x00, 0x00, 0xe2, 0x49, 0xe8, 0xe5, 0xea, 0xfe, 0x69, 0xfe, 0x89, 0xfe, 
  0x89, 0xfe, 0x89, 0xfe, 0x89, 0xfe, 0x89, 0xfe, 0x89, 0xfe, 0x89, 0xfe, 
  0x89, 0xfe, 0x89, 0xfe, 0x89, 0xfe, 0x89, 0xfe, 0x69, 0xfe, 0xc9, 0xfe, 
  0x69, 0xfe, 0xa7, 0xc2, 0x26, 0xa9, 0x67, 0xb9, 0xc4, 0x60, 0x00, 0x00, 
  0x00, 0x00, 0x00, 0x00, 0x00, 0x00, 0x00, 0x00, 0x00, 0x00, 0x00, 0x00, 
  0x00, 0x00, 0x00, 0x00, 0x00, 0x00, 0x00, 0x00, 0x00, 0x00, 0x00, 0x00, 
  0x00, 0x00, 0x00, 0x00, 0x00, 0x00, 0x00, 0x00, 0x00, 0x00, 0x00, 0x00, 
  0x00, 0x00, 0x00, 0x00, 0x00, 0x00, 0x00, 0x00, 0x00, 0x00, 0x00, 0x00, 
  0x00, 0x00, 0x00, 0x00, 0x00, 0x00, 0x00, 0x00, 0x00, 0x00, 0x00, 0x00, 
  0x00, 0x00, 0x00, 0x00, 0x00, 0x00, 0x00, 0x00, 0x00, 0x00, 0x00, 0x00, 
  0x00, 0x00, 0x00, 0x00, 0x00, 0x00, 0x00, 0x00, 0x00, 0x00, 0x00, 0x00, 
  0x40, 0x08, 0x03, 0x4a, 0x24, 0x7b, 0x65, 0x83, 0xc4, 0x6a, 0x21, 0x31, 
  0x00, 0x00, 0x00, 0x00, 0x00, 0x00, 0x00, 0x00, 0x00, 0x00, 0x00, 0x00, 
  0x00, 0x00, 0x00, 0x00, 0x00, 0x00, 0x00, 0x00, 0x00, 0x00, 0x00, 0x00, 
  0x00, 0x00, 0x00, 0x00, 0x00, 0x00, 0x00, 0x00, 0x00, 0x00, 0x00, 0x00, 
  0x00, 0x00, 0x00, 0x00, 0x00, 0x00, 0x00, 0x00, 0x00, 0x00, 0x00, 0x00, 
  0x00, 0x00, 0x00, 0x00, 0x00, 0x00, 0x00, 0x00, 0x00, 0x00, 0x00, 0x00, 
  0x00, 0x00, 0x00, 0x00, 0x00, 0x00, 0x00, 0x00, 0x00, 0x00, 0x00, 0x00, 
  0x00, 0x00, 0x00, 0x00, 0x00, 0x00, 0x00, 0x00, 0x00, 0x00, 0x00, 0x00, 
  0x00, 0x00, 0x00, 0x00, 0x00, 0x00, 0x00, 0x00, 0x00, 0x00, 0x00, 0x00, 
  0x00, 0x00, 0x00, 0x00, 0x00, 0x00, 0x00, 0x00, 0x00, 0x00, 0x00, 0x00, 
  0x00, 0x00, 0x00, 0x00, 0x00, 0x00, 0x00, 0x00, 0x00, 0x00, 0x00, 0x00, 
  0x00, 0x00, 0x00, 0x00, 0x00, 0x00, 0x00, 0x00, 0x00, 0x00, 0x00, 0x00, 
  0x00, 0x00, 0x00, 0x00, 0x00, 0x00, 0x00, 0x00, 0x00, 0x00, 0x00, 0x00, 
  0x00, 0x00, 0x00, 0x00, 0x00, 0x00, 0x00, 0x00, 0x00, 0x00, 0x00, 0x00, 
  0x00, 0x00, 0x00, 0x00, 0x00, 0x00, 0x00, 0x00, 0x00, 0x00, 0x00, 0x00, 
  0x00, 0x00, 0x00, 0x00, 0x00, 0x00, 0x00, 0x00, 0xc2, 0x41, 0x89, 0xfe, 
  0xa9, 0xfe, 0x89, 0xfe, 0x89, 0xfe, 0x89, 0xfe, 0x89, 0xfe, 0x89, 0xfe, 
  0x89, 0xfe, 0x89, 0xfe, 0x89, 0xfe, 0x69, 0xfe, 0xea, 0xfe, 0xe7, 0xcc, 
  0x00, 0x10, 0x00, 0x00, 0x00, 0x00, 0x82, 0x39, 0xc8, 0xd5, 0x46, 0xa4, 
  0x82, 0x39, 0x00, 0x00, 0x00, 0x00, 0x00, 0x00, 0x00, 0x00, 0x00, 0x00, 
  0x00, 0x00, 0x00, 0x00, 0x00, 0x00, 0x00, 0x00, 0x00, 0x00, 0x00, 0x00, 
  0x00, 0x00, 0x00, 0x00, 0x00, 0x00, 0x00, 0x00, 0x00, 0x00, 0x00, 0x00, 
  0x00, 0x00, 0x00, 0x00, 0x00, 0x00, 0x00, 0x00, 0x00, 0x00, 0x00, 0x00, 
  0x00, 0x00, 0x00, 0x00, 0x00, 0x00, 0x00, 0x00, 0x00, 0x00, 0x00, 0x00, 
  0x00, 0x00, 0x00, 0x00, 0x00, 0x00, 0x00, 0x00, 0x00, 0x00, 0x00, 0x00, 
  0x00, 0x00, 0x00, 0x00, 0x00, 0x00, 0x00, 0x00, 0x00, 0x00, 0x00, 0x00, 
  0x00, 0x00, 0x00, 0x00, 0x00, 0x00, 0x00, 0x00, 0x00, 0x00, 0x00, 0x00, 
  0x00, 0x00, 0x00, 0x00, 0x00, 0x00, 0x00, 0x00, 0x00, 0x00, 0x00, 0x00, 
  0x00, 0x00, 0x46, 0xac, 0xea, 0xfe, 0x89, 0xfe, 0x89, 0xfe, 0x89, 0xfe, 
  0x69, 0xfe, 0xe9, 0xfe, 0x68, 0xe4, 0x01, 0x18, 0x00, 0x00, 0x00, 0x00, 
  0x00, 0x00, 0x00, 0x00, 0x00, 0x00, 0x00, 0x00, 0x00, 0x00, 0x00, 0x00, 
  0x00, 0x00, 0xc1, 0x18, 0x86, 0xb4, 0x40, 0x08, 0x67, 0xa9, 0xa4, 0x68, 
  0x44, 0x7b, 0xca, 0xfe, 0x89, 0xfe, 0x89, 0xfe, 0x89, 0xfe, 0x89, 0xfe, 
  0x69, 0xfe, 0x88, 0xca, 0xe5, 0x88, 0x00, 0x00, 0x00, 0x00, 0x00, 0x00, 
  0x00, 0x00, 0x00, 0x00, 0x00, 0x00, 0x00, 0x00, 0x00, 0x00, 0x00, 0x00, 
  0x00, 0x00, 0x00, 0x00, 0x00, 0x00, 0x00, 0x00, 0x00, 0x00, 0x00, 0x00, 
  0x00, 0x00, 0x00, 0x00, 0x00, 0x00, 0x00, 0x00, 0x00, 0x00, 0x00, 0x00, 
  0x00, 0x00, 0x00, 0x00, 0x00, 0x00, 0x00, 0x00, 0x00, 0x00, 0x00, 0x00, 
  0x00, 0x00, 0x00, 0x00, 0x00, 0x00, 0x00, 0x00, 0x00, 0x00, 0x00, 0x00, 
  0x00, 0x00, 0x00, 0x00, 0x00, 0x00, 0x00, 0x00, 0x00, 0x00, 0x00, 0x00, 
  0x00, 0x00, 0x00, 0x00, 0x00, 0x00, 0x00, 0x00, 0x00, 0x00, 0x00, 0x00, 
  0x00, 0x00, 0x00, 0x00, 0x00, 0x00, 0x00, 0x00, 0x00, 0x00, 0x00, 0x00, 
  0x00, 0x00, 0x00, 0x00, 0x00, 0x00, 0x00, 0x00, 0x00, 0x00, 0x00, 0x00, 
  0x00, 0x00, 0x00, 0x00, 0x00, 0x00, 0x00, 0x00, 0x00, 0x00, 0x00, 0x00, 
  0x24, 0x7b, 0x89, 0xfe, 0xc9, 0xfe, 0x69, 0xfe, 0x89, 0xfe, 0x89, 0xfe, 
  0x89, 0xfe, 0x89, 0xfe, 0x89, 0xfe, 0x89, 0xfe, 0x89, 0xfe, 0x89, 0xfe, 
  0x89, 0xfe, 0x89, 0xfe, 0x89, 0xfe, 0x89, 0xfe, 0xc9, 0xfe, 0xa9, 0xf5, 
  0x87, 0xc2, 0x27, 0xa9, 0x67, 0xb1, 0x67, 0xb1, 0x05, 0x89, 0x00, 0x00, 
  0x00, 0x00, 0x00, 0x00, 0x00, 0x00, 0x00, 0x00, 0x00, 0x00, 0x00, 0x00, 
  0x00, 0x00, 0x00, 0x00, 0x00, 0x00, 0x00, 0x00, 0x00, 0x00, 0x00, 0x00, 
  0x00, 0x00, 0x00, 0x00, 0x00, 0x00, 0x00, 0x00, 0x00, 0x00, 0x00, 0x00, 
  0x00, 0x00, 0x00, 0x00, 0x00, 0x00, 0x00, 0x00, 0x00, 0x00, 0x00, 0x00, 
  0x00, 0x00, 0x00, 0x00, 0x00, 0x00, 0x00, 0x00, 0x00, 0x00, 0x00, 0x00, 
  0x00, 0x00, 0x00, 0x00, 0x00, 0x00, 0x00, 0x00, 0x00, 0x00, 0x00, 0x00, 
  0x00, 0x00, 0x00, 0x00, 0x00, 0x00, 0x00, 0x00, 0x00, 0x00, 0x41, 0x31, 
  0x68, 0xd5, 0xea, 0xfe, 0xc9, 0xfe, 0xca, 0xfe, 0xca, 0xfe, 0xa9, 0xfe, 
  0x66, 0xac, 0x41, 0x31, 0x00, 0x00, 0x00, 0x00, 0x00, 0x00, 0x00, 0x00, 
  0x00, 0x00, 0x00, 0x00, 0x00, 0x00, 0x00, 0x00, 0x00, 0x00, 0x00, 0x00, 
  0x00, 0x00, 0x00, 0x00, 0x00, 0x00, 0x00, 0x00, 0x00, 0x00, 0x00, 0x00, 
  0x00, 0x00, 0x00, 0x00, 0x00, 0x00, 0x00, 0x00, 0x00, 0x00, 0x00, 0x00, 
  0x00, 0x00, 0x00, 0x00, 0x00, 0x00, 0x00, 0x00, 0x00, 0x00, 0x00, 0x00, 
  0x00, 0x00, 0x00, 0x00, 0x00, 0x00, 0x00, 0x00, 0x00, 0x00, 0x00, 0x00, 
  0x00, 0x00, 0x00, 0x00, 0x00, 0x00, 0x00, 0x00, 0x00, 0x00, 0x00, 0x00, 
  0x00, 0x00, 0x00, 0x00, 0x00, 0x00, 0x00, 0x00, 0x00, 0x00, 0x00, 0x00, 
  0x00, 0x00, 0x00, 0x00, 0x00, 0x00, 0x00, 0x00, 0x00, 0x00, 0x00, 0x00, 
  0x00, 0x00, 0x00, 0x00, 0x00, 0x00, 0x00, 0x00, 0x00, 0x00, 0x00, 0x00, 
  0x00, 0x00, 0x00, 0x00, 0x00, 0x00, 0x00, 0x00, 0x00, 0x00, 0x00, 0x00, 
  0x00, 0x00, 0x00, 0x00, 0x00, 0x00, 0x00, 0x00, 0x00, 0x00, 0x00, 0x00, 
  0x00, 0x00, 0x00, 0x00, 0x00, 0x00, 0x00, 0x00, 0x00, 0x00, 0x00, 0x00, 
  0x00, 0x00, 0x00, 0x00, 0x00, 0x00, 0x00, 0x00, 0x00, 0x00, 0x00, 0x00, 
  0x00, 0x00, 0x00, 0x00, 0x00, 0x00, 0x80, 0x18, 0xa8, 0xdd, 0xc9, 0xfe, 
  0x89, 0xfe, 0x89, 0xfe, 0x89, 0xfe, 0x89, 0xfe, 0x89, 0xfe, 0x89, 0xfe, 
  0x89, 0xfe, 0x89, 0xfe, 0x89, 0xfe, 0x89, 0xfe, 0x89, 0xfe, 0xaa, 0xfe, 
  0xe6, 0xa2, 0xa1, 0x20, 0x82, 0x39, 0xa6, 0xb4, 0x0a, 0xff, 0xca, 0xfe, 
  0xa9, 0xfe, 0x46, 0xac, 0x21, 0x29, 0x00, 0x00, 0x00, 0x00, 0x00, 0x00, 
  0x00, 0x00, 0x00, 0x00, 0x00, 0x00, 0x00, 0x00, 0x00, 0x00, 0x00, 0x00, 
  0x00, 0x00, 0x00, 0x00, 0x00, 0x00, 0x00, 0x00, 0x00, 0x00, 0x00, 0x00, 
  0x00, 0x00, 0x00, 0x00, 0x00, 0x00, 0x00, 0x00, 0x00, 0x00, 0x00, 0x00, 
  0x00, 0x00, 0x00, 0x00, 0x00, 0x00, 0x00, 0x00, 0x00, 0x00, 0x00, 0x00, 
  0x00, 0x00, 0x00, 0x00, 0x00, 0x00, 0x00, 0x00, 0x00, 0x00, 0x00, 0x00, 
  0x00, 0x00, 0x00, 0x00, 0x00, 0x00, 0x00, 0x00, 0x00, 0x00, 0x00, 0x00, 
  0x00, 0x00, 0x00, 0x00, 0x00, 0x00, 0x00, 0x00, 0x00, 0x00, 0x00, 0x00, 
  0x00, 0x00, 0x00, 0x00, 0x00, 0x00, 0x00, 0x00, 0x00, 0x00, 0x00, 0x00, 
  0x20, 0x00, 0x07, 0xc5, 0xca, 0xfe, 0x89, 0xfe, 0x89, 0xfe, 0x89, 0xfe, 
  0x89, 0xfe, 0x89, 0xfe, 0x69, 0xfe, 0x64, 0x71, 0x00, 0x00, 0x00, 0x00, 
  0x00, 0x00, 0x00, 0x00, 0x00, 0x00, 0x00, 0x00, 0x00, 0x00, 0x00, 0x00, 
  0x00, 0x00, 0x00, 0x00, 0x01, 0x21, 0x00, 0x00, 0x46, 0xa1, 0xa4, 0x60, 
  0x04, 0x73, 0xca, 0xfe, 0x89, 0xfe, 0x89, 0xfe, 0x89, 0xfe, 0x89, 0xfe, 
  0x89, 0xfe, 0x28, 0xcb, 0x27, 0xa9, 0x62, 0x30, 0x00, 0x00, 0x00, 0x00, 
  0x00, 0x00, 0x00, 0x00, 0x00, 0x00, 0x00, 0x00, 0x00, 0x00, 0x00, 0x00, 
  0x00, 0x00, 0x00, 0x00, 0x00, 0x00, 0x00, 0x00, 0x00, 0x00, 0x00, 0x00, 
  0x00, 0x00, 0x00, 0x00, 0x00, 0x00, 0x00, 0x00, 0x00, 0x00, 0x00, 0x00, 
  0x00, 0x00, 0x00, 0x00, 0x00, 0x00, 0x00, 0x00, 0x00, 0x00, 0x00, 0x00, 
  0x00, 0x00, 0x00, 0x00, 0x00, 0x00, 0x00, 0x00, 0x00, 0x00, 0x00, 0x00, 
  0x00, 0x00, 0x00, 0x00, 0x00, 0x00, 0x00, 0x00, 0x00, 0x00, 0x00, 0x00, 
  0x00, 0x00, 0x00, 0x00, 0x00, 0x00, 0x00, 0x00, 0x00, 0x00, 0x00, 0x00, 
  0x00, 0x00, 0x00, 0x00, 0x00, 0x00, 0x00, 0x00, 0x00, 0x00, 0x00, 0x00, 
  0x00, 0x00, 0x00, 0x00, 0x00, 0x00, 0x00, 0x00, 0x00, 0x00, 0x00, 0x00, 
  0x00, 0x00, 0x00, 0x00, 0x00, 0x00, 0x00, 0x00, 0xc1, 0x20, 0x86, 0xb4, 
  0xca, 0xfe, 0x89, 0xfe, 0x89, 0xfe, 0x89, 0xfe, 0x89, 0xfe, 0x89, 0xfe, 
  0x89, 0xfe, 0x89, 0xfe, 0x89, 0xfe, 0x89, 0xfe, 0x89, 0xfe, 0x89, 0xfe, 
  0x89, 0xfe, 0x89, 0xfe, 0xc9, 0xfe, 0x69, 0xfe, 0x28, 0xdc, 0xa7, 0xb1, 
  0x27, 0xa9, 0x67, 0xb1, 0x67, 0xa9, 0x67, 0xb1, 0x05, 0x81, 0x00, 0x00, 
  0x00, 0x00, 0x00, 0x00, 0x00, 0x00, 0x00, 0x00, 0x00, 0x00, 0x00, 0x00, 
  0x00, 0x00, 0x00, 0x00, 0x00, 0x00, 0x00, 0x00, 0x00, 0x00, 0x00, 0x00, 
  0x00, 0x00, 0x00, 0x00, 0x00, 0x00, 0x00, 0x00, 0x00, 0x00, 0x00, 0x00, 
  0x00, 0x00, 0x00, 0x00, 0x00, 0x00, 0x00, 0x00, 0x00, 0x00, 0x00, 0x00, 
  0x00, 0x00, 0x00, 0x00, 0x00, 0x00, 0x00, 0x00, 0x00, 0x00, 0x00, 0x00, 
  0x00, 0x00, 0x00, 0x00, 0x00, 0x00, 0x00, 0x00, 0x00, 0x00, 0x00, 0x00, 
  0x00, 0x00, 0x00, 0x00, 0x00, 0x00, 0x00, 0x00, 0x00, 0x00, 0x27, 0xcd, 
  0x0a, 0xff, 0x69, 0xfe, 0x89, 0xfe, 0x89, 0xfe, 0x89, 0xfe, 0x89, 0xfe, 
  0xea, 0xfe, 0x49, 0xee, 0x85, 0x8b, 0x80, 0x18, 0x00, 0x00, 0x00, 0x00, 
  0x00, 0x00, 0x00, 0x00, 0x00, 0x00, 0x00, 0x00, 0x00, 0x00, 0x00, 0x00, 
  0x00, 0x00, 0x00, 0x00, 0x00, 0x00, 0x00, 0x00, 0x00, 0x00, 0x00, 0x00, 
  0x00, 0x00, 0x00, 0x00, 0x00, 0x00, 0x00, 0x00, 0x00, 0x00, 0x00, 0x00, 
  0x00, 0x00, 0x00, 0x00, 0x00, 0x00, 0x00, 0x00, 0x00, 0x00, 0x00, 0x00, 
  0x00, 0x00, 0x00, 0x00, 0x00, 0x00, 0x00, 0x00, 0x00, 0x00, 0x00, 0x00, 
  0x00, 0x00, 0x00, 0x00, 0x00, 0x00, 0x00, 0x00, 0x00, 0x00, 0x00, 0x00, 
  0x00, 0x00, 0x00, 0x00, 0x00, 0x00, 0x00, 0x00, 0x00, 0x00, 0x00, 0x00, 
  0x00, 0x00, 0x00, 0x00, 0x00, 0x00, 0x00, 0x00, 0x00, 0x00, 0x00, 0x00, 
  0x00, 0x00, 0x00, 0x00, 0x00, 0x00, 0x00, 0x00, 0x00, 0x00, 0x00, 0x00, 
  0x00, 0x00, 0x00, 0x00, 0x00, 0x00, 0x00, 0x00, 0x00, 0x00, 0x00, 0x00, 
  0x00, 0x00, 0x00, 0x00, 0x00, 0x00, 0x00, 0x00, 0x00, 0x00, 0x00, 0x00, 
  0x00, 0x00, 0x00, 0x00, 0x00, 0x00, 0x00, 0x00, 0x00, 0x00, 0x00, 0x00, 
  0x00, 0x00, 0x00, 0x00, 0x00, 0x00, 0x00, 0x00, 0x00, 0x00, 0x00, 0x00, 
  0x00, 0x00, 0x00, 0x00, 0x00, 0x00, 0x86, 0xb4, 0xea, 0xfe, 0x69, 0xfe, 
  0x89, 0xfe, 0x89, 0xfe, 0x89, 0xfe, 0x89, 0xfe, 0x89, 0xfe, 0x89, 0xfe, 
  0x89, 0xfe, 0x89, 0xfe, 0x89, 0xfe, 0x89, 0xfe, 0x89, 0xfe, 0xa9, 0xfe, 
  0x69, 0xfe, 0xc8, 0xed, 0x49, 0xf6, 0xca, 0xfe, 0x69, 0xfe, 0x89, 0xfe, 
  0x89, 0xfe, 0xea, 0xfe, 0x29, 0xee, 0x04, 0x73, 0x00, 0x00, 0x00, 0x00, 
  0x00, 0x00, 0x00, 0x00, 0x00, 0x00, 0x00, 0x00, 0x00, 0x00, 0x00, 0x00, 
  0x00, 0x00, 0x00, 0x00, 0x00, 0x00, 0x00, 0x00, 0x00, 0x00, 0x00, 0x00, 
  0x00, 0x00, 0x00, 0x00, 0x00, 0x00, 0x00, 0x00, 0x00, 0x00, 0x00, 0x00, 
  0x00, 0x00, 0x00, 0x00, 0x00, 0x00, 0x00, 0x00, 0x00, 0x00, 0x00, 0x00, 
  0x00, 0x00, 0x00, 0x00, 0x00, 0x00, 0x00, 0x00, 0x00, 0x00, 0x00, 0x00, 
  0x00, 0x00, 0x00, 0x00, 0x00, 0x00, 0x00, 0x00, 0x00, 0x00, 0x00, 0x00, 
  0x00, 0x00, 0x00, 0x00, 0x00, 0x00, 0x00, 0x00, 0x00, 0x00, 0x00, 0x00, 
  0x00, 0x00, 0x00, 0x00, 0x00, 0x00, 0x00, 0x00, 0x00, 0x00, 0x00, 0x00, 
  0x40, 0x08, 0xc8, 0xe5, 0xa9, 0xfe, 0x89, 0xfe, 0x89, 0xfe, 0x89, 0xfe, 
  0x89, 0xfe, 0x89, 0xfe, 0xc9, 0xfe, 0xe8, 0xca, 0x42, 0x38, 0x00, 0x00, 
  0x00, 0x00, 0x00, 0x00, 0x00, 0x00, 0x00, 0x00, 0x00, 0x00, 0x00, 0x00, 
  0x00, 0x00, 0x00, 0x00, 0x00, 0x00, 0x00, 0x00, 0x05, 0x81, 0xa4, 0x60, 
  0x44, 0x7b, 0xca, 0xfe, 0x89, 0xfe, 0x89, 0xfe, 0x89, 0xfe, 0x89, 0xfe, 
  0xa9, 0xfe, 0x88, 0xd3, 0x27, 0xb1, 0xe4, 0x68, 0x00, 0x00, 0x00, 0x00, 
  0x00, 0x00, 0x00, 0x00, 0x00, 0x00, 0x00, 0x00, 0x00, 0x00, 0x00, 0x00, 
  0x00, 0x00, 0x00, 0x00, 0x00, 0x00, 0x00, 0x00, 0x00, 0x00, 0x00, 0x00, 
  0x00, 0x00, 0x00, 0x00, 0x00, 0x00, 0x00, 0x00, 0x00, 0x00, 0x00, 0x00, 
  0x00, 0x00, 0x00, 0x00, 0x00, 0x00, 0x00, 0x00, 0x00, 0x00, 0x00, 0x00, 
  0x00, 0x00, 0x00, 0x00, 0x00, 0x00, 0x00, 0x00, 0x00, 0x00, 0x00, 0x00, 
  0x00, 0x00, 0x00, 0x00, 0x00, 0x00, 0x00, 0x00, 0x00, 0x00, 0x00, 0x00, 
  0x00, 0x00, 0x00, 0x00, 0x00, 0x00, 0x00, 0x00, 0x00, 0x00, 0x00, 0x00, 
  0x00, 0x00, 0x00, 0x00, 0x00, 0x00, 0x00, 0x00, 0x00, 0x00, 0x00, 0x00, 
  0x00, 0x00, 0x00, 0x00, 0x00, 0x00, 0x00, 0x00, 0x00, 0x00, 0x00, 0x00, 
  0x00, 0x00, 0x00, 0x00, 0x20, 0x00, 0x63, 0x62, 0xe8, 0xe5, 0xea, 0xfe, 
  0x89, 0xfe, 0x89, 0xfe, 0x89, 0xfe, 0x89, 0xfe, 0x89, 0xfe, 0x89, 0xfe, 
  0x89, 0xfe, 0x89, 0xfe, 0x89, 0xfe, 0x89, 0xfe, 0x89, 0xfe, 0x89, 0xfe, 
  0xc9, 0xfe, 0x89, 0xfe, 0xe8, 0xe4, 0x47, 0xba, 0x07, 0xa9, 0x47, 0xa9, 
  0x67, 0xb1, 0x47, 0xa9, 0x67, 0xb1, 0x67, 0xb1, 0x61, 0x28, 0x00, 0x00, 
  0x00, 0x00, 0x00, 0x00, 0x00, 0x00, 0x00, 0x00, 0x00, 0x00, 0x00, 0x00, 
  0x00, 0x00, 0x00, 0x00, 0x00, 0x00, 0x00, 0x00, 0x00, 0x00, 0x00, 0x00, 
  0x00, 0x00, 0x00, 0x00, 0x00, 0x00, 0x00, 0x00, 0x00, 0x00, 0x00, 0x00, 
  0x00, 0x00, 0x00, 0x00, 0x00, 0x00, 0x00, 0x00, 0x00, 0x00, 0x00, 0x00, 
  0x00, 0x00, 0x00, 0x00, 0x00, 0x00, 0x00, 0x00, 0x00, 0x00, 0x00, 0x00, 
  0x00, 0x00, 0x00, 0x00, 0x00, 0x00, 0x00, 0x00, 0x00, 0x00, 0x00, 0x00, 
  0x00, 0x00, 0x00, 0x00, 0x00, 0x00, 0x00, 0x00, 0xc1, 0x18, 0x08, 0xee, 
  0xa9, 0xfe, 0x89, 0xfe, 0x89, 0xfe, 0x89, 0xfe, 0x89, 0xfe, 0x89, 0xfe, 
  0x69, 0xfe, 0xa9, 0xfe, 0xea, 0xfe, 0xe8, 0xe5, 0xe4, 0x72, 0x60, 0x10, 
  0x00, 0x00, 0x00, 0x00, 0x00, 0x00, 0x00, 0x00, 0x00, 0x00, 0x00, 0x00, 
  0x00, 0x00, 0x00, 0x00, 0x00, 0x00, 0x00, 0x00, 0x00, 0x00, 0x00, 0x00, 
  0x00, 0x00, 0x00, 0x00, 0x00, 0x00, 0x00, 0x00, 0x00, 0x00, 0x00, 0x00, 
  0x00, 0x00, 0x00, 0x00, 0x00, 0x00, 0x00, 0x00, 0x00, 0x00, 0x00, 0x00, 
  0x00, 0x00, 0x00, 0x00, 0x00, 0x00, 0x00, 0x00, 0x00, 0x00, 0x00, 0x00, 
  0x00, 0x00, 0x00, 0x00, 0x00, 0x00, 0x00, 0x00, 0x00, 0x00, 0x00, 0x00, 
  0x00, 0x00, 0x00, 0x00, 0x00, 0x00, 0x00, 0x00, 0x00, 0x00, 0x00, 0x00, 
  0x00, 0x00, 0x00, 0x00, 0x00, 0x00, 0x00, 0x00, 0x00, 0x00, 0x00, 0x00, 
  0x00, 0x00, 0x00, 0x00, 0x00, 0x00, 0x00, 0x00, 0x00, 0x00, 0x00, 0x00, 
  0x00, 0x00, 0x00, 0x00, 0x00, 0x00, 0x00, 0x00, 0x00, 0x00, 0x00, 0x00, 
  0x00, 0x00, 0x00, 0x00, 0x00, 0x00, 0x00, 0x00, 0x00, 0x00, 0x00, 0x00, 
  0x00, 0x00, 0x00, 0x00, 0x00, 0x00, 0x00, 0x00, 0x00, 0x00, 0x00, 0x00, 
  0x00, 0x00, 0x00, 0x00, 0x00, 0x00, 0x00, 0x00, 0x00, 0x00, 0x00, 0x00, 
  0x00, 0x00, 0x00, 0x00, 0x64, 0x83, 0xea, 0xfe, 0x69, 0xfe, 0x89, 0xfe, 
  0x89, 0xfe, 0x89, 0xfe, 0x89, 0xfe, 0x89, 0xfe, 0x89, 0xfe, 0x89, 0xfe, 
  0x89, 0xfe, 0x89, 0xfe, 0x89, 0xfe, 0x89, 0xfe, 0x89, 0xfe, 0x89, 0xfe, 
  0x89, 0xfe, 0xa9, 0xfe, 0xa9, 0xfe, 0x89, 0xfe, 0x89, 0xfe, 0x89, 0xfe, 
  0x89, 0xfe, 0x69, 0xfe, 0xa9, 0xfe, 0xea, 0xfe, 0x26, 0xa4, 0x40, 0x08, 
  0x00, 0x00, 0x00, 0x00, 0x00, 0x00, 0x00, 0x00, 0x00, 0x00, 0x00, 0x00, 
  0x00, 0x00, 0x00, 0x00, 0x00, 0x00, 0x00, 0x00, 0x00, 0x00, 0x00, 0x00, 
  0x00, 0x00, 0x00, 0x00, 0x00, 0x00, 0x00, 0x00, 0x00, 0x00, 0x00, 0x00, 
  0x00, 0x00, 0x00, 0x00, 0x00, 0x00, 0x00, 0x00, 0x00, 0x00, 0x00, 0x00, 
  0x00, 0x00, 0x00, 0x00, 0x00, 0x00, 0x00, 0x00, 0x00, 0x00, 0x00, 0x00, 
  0x00, 0x00, 0x00, 0x00, 0x00, 0x00, 0x00, 0x00, 0x00, 0x00, 0x00, 0x00, 
  0x00, 0x00, 0x00, 0x00, 0x00, 0x00, 0x00, 0x00, 0x00, 0x00, 0x00, 0x00, 
  0x00, 0x00, 0x00, 0x00, 0x00, 0x00, 0x00, 0x00, 0x00, 0x00, 0x00, 0x00, 
  0x60, 0x10, 0x49, 0xf6, 0x89, 0xfe, 0x89, 0xfe, 0x89, 0xfe, 0x89, 0xfe, 
  0x89, 0xfe, 0x89, 0xfe, 0xa9, 0xfe, 0x88, 0xd3, 0x06, 0xa1, 0x41, 0x18, 
  0x00, 0x00, 0x00, 0x00, 0x00, 0x00, 0x00, 0x00, 0x00, 0x00, 0x00, 0x00, 
  0x00, 0x00, 0x00, 0x00, 0x00, 0x00, 0x00, 0x00, 0xa3, 0x50, 0xa4, 0x68, 
  0xa5, 0x8b, 0xca, 0xfe, 0x89, 0xfe, 0x89, 0xfe, 0x89, 0xfe, 0x89, 0xfe, 
  0xc9, 0xfe, 0xa8, 0xd3, 0x27, 0xb1, 0x25, 0x89, 0x00, 0x00, 0x00, 0x00, 
  0x00, 0x00, 0x00, 0x00, 0x00, 0x00, 0x00, 0x00, 0x00, 0x00, 0x00, 0x00, 
  0x00, 0x00, 0x00, 0x00, 0x00, 0x00, 0x00, 0x00, 0x00, 0x00, 0x00, 0x00, 
  0x00, 0x00, 0x00, 0x00, 0x00, 0x00, 0x00, 0x00, 0x00, 0x00, 0x00, 0x00, 
  0x00, 0x00, 0x00, 0x00, 0x00, 0x00, 0x00, 0x00, 0x00, 0x00, 0x00, 0x00, 
  0x00, 0x00, 0x00, 0x00, 0x00, 0x00, 0x00, 0x00, 0x00, 0x00, 0x00, 0x00, 
  0x00, 0x00, 0x00, 0x00, 0x00, 0x00, 0x00, 0x00, 0x00, 0x00, 0x00, 0x00, 
  0x00, 0x00, 0x00, 0x00, 0x00, 0x00, 0x00, 0x00, 0x00, 0x00, 0x00, 0x00, 
  0x00, 0x00, 0x00, 0x00, 0x00, 0x00, 0x00, 0x00, 0x00, 0x00, 0x00, 0x00, 
  0x00, 0x00, 0x00, 0x00, 0x00, 0x00, 0x00, 0x00, 0x00, 0x00, 0xa0, 0x18, 
  0x62, 0x31, 0x83, 0x62, 0xe7, 0xc4, 0xca, 0xfe, 0xa9, 0xfe, 0x69, 0xfe, 
  0x89, 0xfe, 0x89, 0xfe, 0x89, 0xfe, 0x89, 0xfe, 0x89, 0xfe, 0x89, 0xfe, 
  0x89, 0xfe, 0x89, 0xfe, 0x89, 0xfe, 0x89, 0xfe, 0xa9, 0xfe, 0xc9, 0xfe, 
  0x49, 0xed, 0xc7, 0xc2, 0x27, 0xa9, 0x27, 0xa9, 0x67, 0xb1, 0x67, 0xa9, 
  0x67, 0xa9, 0x67, 0xb9, 0x46, 0xa9, 0x62, 0x38, 0x00, 0x00, 0x00, 0x00, 
  0x00, 0x00, 0x00, 0x00, 0x00, 0x00, 0x00, 0x00, 0x00, 0x00, 0x00, 0x00, 
  0x00, 0x00, 0x00, 0x00, 0x00, 0x00, 0x00, 0x00, 0x00, 0x00, 0x00, 0x00, 
  0x00, 0x00, 0x00, 0x00, 0x00, 0x00, 0x00, 0x00, 0x00, 0x00, 0x00, 0x00, 
  0x00, 0x00, 0x00, 0x00, 0x00, 0x00, 0x00, 0x00, 0x00, 0x00, 0x00, 0x00, 
  0x00, 0x00, 0x00, 0x00, 0x00, 0x00, 0x00, 0x00, 0x00, 0x00, 0x00, 0x00, 
  0x00, 0x00, 0x00, 0x00, 0x00, 0x00, 0x00, 0x00, 0x00, 0x00, 0x00, 0x00, 
  0x00, 0x00, 0x00, 0x00, 0x00, 0x00, 0x00, 0x00, 0x20, 0x00, 0x88, 0xdd, 
  0xca, 0xfe, 0x89, 0xfe, 0x89, 0xfe, 0x89, 0xfe, 0x89, 0xfe, 0x89, 0xfe, 
  0x89, 0xfe, 0x89, 0xfe, 0x89, 0xfe, 0xa9, 0xfe, 0xea, 0xfe, 0x88, 0xdd, 
  0xc4, 0x6a, 0x00, 0x00, 0x00, 0x00, 0x00, 0x00, 0x00, 0x00, 0x00, 0x00, 
  0x00, 0x00, 0x00, 0x00, 0x00, 0x00, 0x00, 0x00, 0x00, 0x00, 0x00, 0x00, 
  0x00, 0x00, 0x00, 0x00, 0x00, 0x00, 0x00, 0x00, 0x00, 0x00, 0x00, 0x00, 
  0x00, 0x00, 0x00, 0x00, 0x00, 0x00, 0x00, 0x00, 0x00, 0x00, 0x00, 0x00, 
  0x00, 0x00, 0x00, 0x00, 0x00, 0x00, 0x00, 0x00, 0x00, 0x00, 0x00, 0x00, 
  0x00, 0x00, 0x00, 0x00, 0x00, 0x00, 0x00, 0x00, 0x00, 0x00, 0x00, 0x00, 
  0x00, 0x00, 0x00, 0x00, 0x00, 0x00, 0x00, 0x00, 0x00, 0x00, 0x00, 0x00, 
  0x00, 0x00, 0x00, 0x00, 0x00, 0x00, 0x00, 0x00, 0x00, 0x00, 0x00, 0x00, 
  0x00, 0x00, 0x00, 0x00, 0x00, 0x00, 0x00, 0x00, 0x00, 0x00, 0x00, 0x00, 
  0x00, 0x00, 0x00, 0x00, 0x00, 0x00, 0x00, 0x00, 0x00, 0x00, 0x00, 0x00, 
  0x00, 0x00, 0x00, 0x00, 0x00, 0x00, 0x00, 0x00, 0x00, 0x00, 0x00, 0x00, 
  0x00, 0x00, 0x00, 0x00, 0x00, 0x00, 0x00, 0x00, 0x00, 0x00, 0x00, 0x00, 
  0x00, 0x00, 0x00, 0x00, 0x00, 0x00, 0x00, 0x00, 0x00, 0x00, 0x00, 0x00, 
  0x00, 0x00, 0x23, 0x5a, 0xa9, 0xfe, 0x89, 0xfe, 0x89, 0xfe, 0x89, 0xfe, 
  0x89, 0xfe, 0x89, 0xfe, 0x89, 0xfe, 0x89, 0xfe, 0x89, 0xfe, 0x89, 0xfe, 
  0x89, 0xfe, 0x89, 0xfe, 0x89, 0xfe, 0x89, 0xfe, 0x89, 0xfe, 0x89, 0xfe, 
  0x89, 0xfe, 0x89, 0xfe, 0x89, 0xfe, 0x89, 0xfe, 0x89, 0xfe, 0x89, 0xfe, 
  0x89, 0xfe, 0x89, 0xfe, 0x89, 0xfe, 0x69, 0xfe, 0xea, 0xfe, 0xa5, 0x8b, 
  0x00, 0x00, 0x00, 0x00, 0x00, 0x00, 0x00, 0x00, 0x00, 0x00, 0x00, 0x00, 
  0x00, 0x00, 0x00, 0x00, 0x00, 0x00, 0x00, 0x00, 0x00, 0x00, 0x00, 0x00, 
  0x00, 0x00, 0x00, 0x00, 0x00, 0x00, 0x00, 0x00, 0x00, 0x00, 0x00, 0x00, 
  0x00, 0x00, 0x00, 0x00, 0x00, 0x00, 0x00, 0x00, 0x00, 0x00, 0x00, 0x00, 
  0x00, 0x00, 0x00, 0x00, 0x00, 0x00, 0x00, 0x00, 0x00, 0x00, 0x00, 0x00, 
  0x00, 0x00, 0x00, 0x00, 0x00, 0x00, 0x00, 0x00, 0x00, 0x00, 0x00, 0x00, 
  0x00, 0x00, 0x00, 0x00, 0x00, 0x00, 0x00, 0x00, 0x00, 0x00, 0x00, 0x00, 
  0x00, 0x00, 0x00, 0x00, 0x00, 0x00, 0x00, 0x00, 0x00, 0x00, 0x00, 0x00, 
  0xc1, 0x20, 0x89, 0xfe, 0x89, 0xfe, 0x89, 0xfe, 0x89, 0xfe, 0x89, 0xfe, 
  0x89, 0xfe, 0x89, 0xfe, 0xc9, 0xfe, 0xa8, 0xd3, 0x47, 0xb1, 0xe4, 0x68, 
  0x00, 0x00, 0x00, 0x00, 0x00, 0x00, 0x00, 0x00, 0x00, 0x00, 0x00, 0x00, 
  0x00, 0x00, 0x00, 0x00, 0x00, 0x00, 0x00, 0x00, 0x41, 0x18, 0x21, 0x28, 
  0x25, 0x9c, 0xca, 0xfe, 0x89, 0xfe, 0x89, 0xfe, 0x89, 0xfe, 0x89, 0xfe, 
  0xa9, 0xfe, 0xa8, 0xd3, 0x07, 0xb1, 0x46, 0x99, 0x20, 0x10, 0x00, 0x00, 
  0x00, 0x00, 0x00, 0x00, 0x00, 0x00, 0x00, 0x00, 0x00, 0x00, 0x00, 0x00, 
  0x00, 0x00, 0x00, 0x00, 0x00, 0x00, 0x00, 0x00, 0x00, 0x00, 0x00, 0x00, 
  0x00, 0x00, 0x00, 0x00, 0x00, 0x00, 0x00, 0x00, 0x00, 0x00, 0x00, 0x00, 
  0x00, 0x00, 0x00, 0x00, 0x00, 0x00, 0x00, 0x00, 0x00, 0x00, 0x00, 0x00, 
  0x00, 0x00, 0x00, 0x00, 0x00, 0x00, 0x00, 0x00, 0x00, 0x00, 0x00, 0x00, 
  0x00, 0x00, 0x00, 0x00, 0x00, 0x00, 0x00, 0x00, 0x00, 0x00, 0x00, 0x00, 
  0x00, 0x00, 0x00, 0x00, 0x00, 0x00, 0x00, 0x00, 0x00, 0x00, 0x00, 0x00, 
  0x00, 0x00, 0x00, 0x00, 0x00, 0x00, 0x00, 0x00, 0x00, 0x00, 0x00, 0x00, 
  0x00, 0x00, 0x00, 0x00, 0x00, 0x00, 0x01, 0x29, 0x86, 0xb4, 0xc8, 0xdd, 
  0x29, 0xf6, 0xea, 0xfe, 0xca, 0xfe, 0x89, 0xfe, 0x89, 0xfe, 0x89, 0xfe, 
  0x89, 0xfe, 0x89, 0xfe, 0x89, 0xfe, 0x89, 0xfe, 0x89, 0xfe, 0x89, 0xfe, 
  0x89, 0xfe, 0x89, 0xfe, 0xa9, 0xfe, 0xc9, 0xfe, 0xa9, 0xf5, 0x48, 0xcb, 
  0x67, 0xb1, 0x07, 0xa9, 0x67, 0xb1, 0x67, 0xb1, 0x67, 0xa9, 0x67, 0xb1, 
  0x67, 0xb1, 0x05, 0x81, 0x41, 0x18, 0x00, 0x00, 0x00, 0x00, 0x00, 0x00, 
  0x00, 0x00, 0x00, 0x00, 0x00, 0x00, 0x00, 0x00, 0x00, 0x00, 0x00, 0x00, 
  0x00, 0x00, 0x00, 0x00, 0x00, 0x00, 0x00, 0x00, 0x00, 0x00, 0x00, 0x00, 
  0x00, 0x00, 0x00, 0x00, 0x00, 0x00, 0x00, 0x00, 0x00, 0x00, 0x00, 0x00, 
  0x00, 0x00, 0x00, 0x00, 0x00, 0x00, 0x00, 0x00, 0x00, 0x00, 0x00, 0x00, 
  0x00, 0x00, 0x00, 0x00, 0x00, 0x00, 0x00, 0x00, 0x00, 0x00, 0x00, 0x00, 
  0x00, 0x00, 0x00, 0x00, 0x00, 0x00, 0x00, 0x00, 0x00, 0x00, 0x00, 0x00, 
  0x00, 0x00, 0x00, 0x00, 0x00, 0x00, 0x00, 0x00, 0x00, 0x00, 0x83, 0x62, 
  0xca, 0xfe, 0x89, 0xfe, 0x69, 0xfe, 0x89, 0xfe, 0x89, 0xfe, 0x89, 0xfe, 
  0x89, 0xfe, 0x89, 0xfe, 0x89, 0xfe, 0x89, 0xfe, 0x69, 0xfe, 0xc9, 0xfe, 
  0xea, 0xfe, 0xe7, 0xbc, 0xa0, 0x18, 0x00, 0x00, 0x00, 0x00, 0x00, 0x00, 
  0x00, 0x00, 0x00, 0x00, 0x00, 0x00, 0x00, 0x00, 0x00, 0x00, 0x00, 0x00, 
  0x00, 0x00, 0x00, 0x00, 0x00, 0x00, 0x00, 0x00, 0x00, 0x00, 0x00, 0x00, 
  0x00, 0x00, 0x00, 0x00, 0x00, 0x00, 0x00, 0x00, 0x00, 0x00, 0x00, 0x00, 
  0x00, 0x00, 0x00, 0x00, 0x00, 0x00, 0x00, 0x00, 0x00, 0x00, 0x00, 0x00, 
  0x00, 0x00, 0x00, 0x00, 0x00, 0x00, 0x00, 0x00, 0x00, 0x00, 0x00, 0x00, 
  0x00, 0x00, 0x00, 0x00, 0x00, 0x00, 0x00, 0x00, 0x00, 0x00, 0x00, 0x00, 
  0x00, 0x00, 0x00, 0x00, 0x00, 0x00, 0x00, 0x00, 0x00, 0x00, 0x00, 0x00, 
  0x00, 0x00, 0x00, 0x00, 0x00, 0x00, 0x00, 0x00, 0x00, 0x00, 0x00, 0x00, 
  0x00, 0x00, 0x00, 0x00, 0x00, 0x00, 0x00, 0x00, 0x00, 0x00, 0x00, 0x00, 
  0x00, 0x00, 0x00, 0x00, 0x00, 0x00, 0x00, 0x00, 0x00, 0x00, 0x00, 0x00, 
  0x00, 0x00, 0x00, 0x00, 0x00, 0x00, 0x00, 0x00, 0x00, 0x00, 0x00, 0x00, 
  0x00, 0x00, 0x00, 0x00, 0x00, 0x00, 0x00, 0x00, 0x00, 0x00, 0x00, 0x00, 
  0x62, 0x31, 0x49, 0xee, 0xa9, 0xfe, 0x89, 0xfe, 0x89, 0xfe, 0x89, 0xfe, 
  0x89, 0xfe, 0x89, 0xfe, 0x89, 0xfe, 0x89, 0xfe, 0x89, 0xfe, 0x89, 0xfe, 
  0x89, 0xfe, 0x89, 0xfe, 0x89, 0xfe, 0x89, 0xfe, 0x89, 0xfe, 0x89, 0xfe, 
  0xc9, 0xfe, 0x89, 0xfe, 0x69, 0xfe, 0x89, 0xfe, 0x89, 0xfe, 0x89, 0xfe, 
  0x89, 0xfe, 0x89, 0xfe, 0x89, 0xfe, 0x89, 0xfe, 0x89, 0xfe, 0x69, 0xfe, 
  0x62, 0x39, 0x00, 0x00, 0x00, 0x00, 0x00, 0x00, 0x00, 0x00, 0x00, 0x00, 
  0x00, 0x00, 0x00, 0x00, 0x00, 0x00, 0x00, 0x00, 0x00, 0x00, 0x00, 0x00, 
  0x00, 0x00, 0x00, 0x00, 0x00, 0x00, 0x00, 0x00, 0x00, 0x00, 0x00, 0x00, 
  0x00, 0x00, 0x00, 0x00, 0x00, 0x00, 0x00, 0x00, 0x00, 0x00, 0x00, 0x00, 
  0x00, 0x00, 0x00, 0x00, 0x00, 0x00, 0x00, 0x00, 0x00, 0x00, 0x00, 0x00, 
  0x00, 0x00, 0x00, 0x00, 0x00, 0x00, 0x00, 0x00, 0x00, 0x00, 0x00, 0x00, 
  0x00, 0x00, 0x00, 0x00, 0x00, 0x00, 0x00, 0x00, 0x00, 0x00, 0x00, 0x00, 
  0x00, 0x00, 0x00, 0x00, 0x00, 0x00, 0x00, 0x00, 0x00, 0x00, 0x00, 0x00, 
  0x41, 0x31, 0x89, 0xfe, 0x89, 0xfe, 0x89, 0xfe, 0x89, 0xfe, 0x89, 0xfe, 
  0x89, 0xfe, 0x89, 0xfe, 0xc9, 0xfe, 0x68, 0xcb, 0x07, 0xb1, 0x46, 0x99, 
  0x00, 0x00, 0x00, 0x00, 0x00, 0x00, 0x00, 0x00, 0x00, 0x00, 0x00, 0x00, 
  0x00, 0x00, 0x00, 0x00, 0x00, 0x00, 0x00, 0x00, 0x00, 0x00, 0x00, 0x00, 
  0xc7, 0xbc, 0xca, 0xfe, 0x89, 0xfe, 0x89, 0xfe, 0x89, 0xfe, 0x89, 0xfe, 
  0xa9, 0xfe, 0x88, 0xcb, 0x27, 0xa9, 0x66, 0xa1, 0x21, 0x18, 0x00, 0x00, 
  0x00, 0x00, 0x00, 0x00, 0x00, 0x00, 0x00, 0x00, 0x00, 0x00, 0x00, 0x00, 
  0x00, 0x00, 0x00, 0x00, 0x00, 0x00, 0x00, 0x00, 0x00, 0x00, 0x00, 0x00, 
  0x00, 0x00, 0x00, 0x00, 0x00, 0x00, 0x00, 0x00, 0x00, 0x00, 0x00, 0x00, 
  0x00, 0x00, 0x00, 0x00, 0x00, 0x00, 0x00, 0x00, 0x00, 0x00, 0x00, 0x00, 
  0x00, 0x00, 0x00, 0x00, 0x00, 0x00, 0x00, 0x00, 0x00, 0x00, 0x00, 0x00, 
  0x00, 0x00, 0x00, 0x00, 0x00, 0x00, 0x00, 0x00, 0x00, 0x00, 0x00, 0x00, 
  0x00, 0x00, 0x00, 0x00, 0x00, 0x00, 0x00, 0x00, 0x00, 0x00, 0x00, 0x00, 
  0x00, 0x00, 0x00, 0x00, 0x00, 0x00, 0x00, 0x00, 0x00, 0x00, 0x00, 0x00, 
  0x00, 0x00, 0x00, 0x00, 0x41, 0x31, 0x08, 0xe6, 0xea, 0xfe, 0xc9, 0xfe, 
  0xa9, 0xfe, 0x69, 0xfe, 0x89, 0xfe, 0x89, 0xfe, 0x89, 0xfe, 0x89, 0xfe, 
  0x89, 0xfe, 0x89, 0xfe, 0x89, 0xfe, 0x89, 0xfe, 0x89, 0xfe, 0x89, 0xfe, 
  0xa9, 0xfe, 0xe9, 0xfe, 0xe9, 0xf5, 0xa8, 0xd3, 0x87, 0xb1, 0x07, 0xa9, 
  0x47, 0xa9, 0x67, 0xb1, 0x47, 0xa9, 0x67, 0xb1, 0x67, 0xb9, 0x26, 0x91, 
  0x82, 0x40, 0x00, 0x00, 0x00, 0x00, 0x00, 0x00, 0x00, 0x00, 0x00, 0x00, 
  0x00, 0x00, 0x00, 0x00, 0x00, 0x00, 0x00, 0x00, 0x00, 0x00, 0x00, 0x00, 
  0x00, 0x00, 0x00, 0x00, 0x00, 0x00, 0x00, 0x00, 0x00, 0x00, 0x00, 0x00, 
  0x00, 0x00, 0x00, 0x00, 0x00, 0x00, 0x00, 0x00, 0x00, 0x00, 0x00, 0x00, 
  0x00, 0x00, 0x00, 0x00, 0x00, 0x00, 0x00, 0x00, 0x00, 0x00, 0x00, 0x00, 
  0x00, 0x00, 0x00, 0x00, 0x00, 0x00, 0x00, 0x00, 0x00, 0x00, 0x00, 0x00, 
  0x00, 0x00, 0x00, 0x00, 0x00, 0x00, 0x00, 0x00, 0x00, 0x00, 0x00, 0x00, 
  0x00, 0x00, 0x00, 0x00, 0x00, 0x00, 0x00, 0x00, 0x00, 0x00, 0x00, 0x00, 
  0x65, 0x83, 0xa9, 0xfe, 0xc9, 0xfe, 0x89, 0xfe, 0x89, 0xfe, 0x89, 0xfe, 
  0x89, 0xfe, 0x89, 0xfe, 0x89, 0xfe, 0x89, 0xfe, 0x89, 0xfe, 0x89, 0xfe, 
  0x69, 0xfe, 0x0a, 0xff, 0xc7, 0xbc, 0x00, 0x00, 0x00, 0x00, 0x00, 0x00, 
  0x00, 0x00, 0x00, 0x00, 0x00, 0x00, 0x00, 0x00, 0x00, 0x00, 0x00, 0x00, 
  0x00, 0x00, 0x00, 0x00, 0x00, 0x00, 0x00, 0x00, 0x00, 0x00, 0x00, 0x00, 
  0x00, 0x00, 0x00, 0x00, 0x00, 0x00, 0x00, 0x00, 0x00, 0x00, 0x00, 0x00, 
  0x00, 0x00, 0x00, 0x00, 0x00, 0x00, 0x00, 0x00, 0x00, 0x00, 0x00, 0x00, 
  0x00, 0x00, 0x00, 0x00, 0x00, 0x00, 0x00, 0x00, 0x00, 0x00, 0x00, 0x00, 
  0x00, 0x00, 0x00, 0x00, 0x00, 0x00, 0x00, 0x00, 0x00, 0x00, 0x00, 0x00, 
  0x00, 0x00, 0x00, 0x00, 0x00, 0x00, 0x00, 0x00, 0x00, 0x00, 0x00, 0x00, 
  0x00, 0x00, 0x00, 0x00, 0x00, 0x00, 0x00, 0x00, 0x00, 0x00, 0x00, 0x00, 
  0x00, 0x00, 0x00, 0x00, 0x00, 0x00, 0x00, 0x00, 0x00, 0x00, 0x00, 0x00, 
  0x00, 0x00, 0x00, 0x00, 0x00, 0x00, 0x00, 0x00, 0x00, 0x00, 0x00, 0x00, 
  0x00, 0x00, 0x00, 0x00, 0x00, 0x00, 0x00, 0x00, 0x00, 0x00, 0x00, 0x00, 
  0x00, 0x00, 0x00, 0x00, 0x00, 0x00, 0x00, 0x00, 0x00, 0x00, 0x01, 0x29, 
  0xe8, 0xe5, 0xc9, 0xfe, 0x89, 0xfe, 0x89, 0xfe, 0x89, 0xfe, 0x89, 0xfe, 
  0x89, 0xfe, 0x89, 0xfe, 0x89, 0xfe, 0x89, 0xfe, 0x89, 0xfe, 0x89, 0xfe, 
  0x89, 0xfe, 0x89, 0xfe, 0x89, 0xfe, 0x89, 0xfe, 0xc9, 0xfe, 0xa9, 0xfe, 
  0xc8, 0xe4, 0x27, 0xba, 0x29, 0xed, 0xe9, 0xfe, 0x89, 0xfe, 0x89, 0xfe, 
  0x89, 0xfe, 0x89, 0xfe, 0x89, 0xfe, 0x89, 0xfe, 0x69, 0xfe, 0xea, 0xfe, 
  0xc7, 0xbb, 0x01, 0x18, 0x00, 0x00, 0x00, 0x00, 0x00, 0x00, 0x00, 0x00, 
  0x00, 0x00, 0x00, 0x00, 0x00, 0x00, 0x00, 0x00, 0x00, 0x00, 0x00, 0x00, 
  0x00, 0x00, 0x00, 0x00, 0x00, 0x00, 0x00, 0x00, 0x00, 0x00, 0x00, 0x00, 
  0x00, 0x00, 0x00, 0x00, 0x00, 0x00, 0x00, 0x00, 0x00, 0x00, 0x00, 0x00, 
  0x00, 0x00, 0x00, 0x00, 0x00, 0x00, 0x00, 0x00, 0x00, 0x00, 0x00, 0x00, 
  0x00, 0x00, 0x00, 0x00, 0x00, 0x00, 0x00, 0x00, 0x00, 0x00, 0x00, 0x00, 
  0x00, 0x00, 0x00, 0x00, 0x00, 0x00, 0x00, 0x00, 0x00, 0x00, 0x00, 0x00, 
  0x00, 0x00, 0x00, 0x00, 0x00, 0x00, 0x00, 0x00, 0x00, 0x00, 0x00, 0x00, 
  0xa2, 0x41, 0xa9, 0xfe, 0x89, 0xfe, 0x89, 0xfe, 0x89, 0xfe, 0x89, 0xfe, 
  0x89, 0xfe, 0x89, 0xfe, 0xa9, 0xfe, 0x48, 0xcb, 0x27, 0xba, 0x26, 0xa1, 
  0x41, 0x20, 0x00, 0x00, 0x00, 0x00, 0x00, 0x00, 0x00, 0x00, 0x00, 0x00, 
  0x00, 0x00, 0x00, 0x00, 0x00, 0x00, 0x00, 0x00, 0x00, 0x00, 0x00, 0x00, 
  0x88, 0xd5, 0xca, 0xfe, 0x89, 0xfe, 0x89, 0xfe, 0x89, 0xfe, 0x89, 0xfe, 
  0x89, 0xfe, 0x28, 0xcb, 0x07, 0xa9, 0x26, 0xa1, 0x81, 0x30, 0xa0, 0x10, 
  0x60, 0x10, 0x00, 0x00, 0x00, 0x00, 0x00, 0x00, 0x00, 0x00, 0x00, 0x00, 
  0x00, 0x00, 0x00, 0x00, 0x00, 0x00, 0x00, 0x00, 0x00, 0x00, 0x00, 0x00, 
  0x00, 0x00, 0x00, 0x00, 0x00, 0x00, 0x00, 0x00, 0x00, 0x00, 0x00, 0x00, 
  0x00, 0x00, 0x00, 0x00, 0x00, 0x00, 0x00, 0x00, 0x00, 0x00, 0x00, 0x00, 
  0x00, 0x00, 0x00, 0x00, 0x00, 0x00, 0x00, 0x00, 0x00, 0x00, 0x00, 0x00, 
  0x00, 0x00, 0x00, 0x00, 0x00, 0x00, 0x00, 0x00, 0x00, 0x00, 0x00, 0x00, 
  0x00, 0x00, 0x00, 0x00, 0x00, 0x00, 0x00, 0x00, 0x00, 0x00, 0x00, 0x00, 
  0x00, 0x00, 0x00, 0x00, 0x00, 0x00, 0x00, 0x00, 0x00, 0x00, 0x00, 0x00, 
  0x00, 0x00, 0x60, 0x10, 0x68, 0xd5, 0xea, 0xfe, 0x69, 0xfe, 0x89, 0xfe, 
  0x89, 0xfe, 0x89, 0xfe, 0x89, 0xfe, 0x89, 0xfe, 0x89, 0xfe, 0x89, 0xfe, 
  0x89, 0xfe, 0x89, 0xfe, 0x89, 0xfe, 0x89, 0xfe, 0xa9, 0xfe, 0xc9, 0xfe, 
  0x29, 0xfe, 0x08, 0xdc, 0xc7, 0xb1, 0x07, 0xa9, 0x47, 0xa9, 0x67, 0xb1, 
  0x67, 0xa9, 0x67, 0xb1, 0x67, 0xb9, 0x46, 0xa1, 0xa3, 0x50, 0x20, 0x08, 
  0x00, 0x00, 0x00, 0x00, 0x00, 0x00, 0x00, 0x00, 0x00, 0x00, 0x00, 0x00, 
  0x00, 0x00, 0x00, 0x00, 0x00, 0x00, 0x00, 0x00, 0x00, 0x00, 0x00, 0x00, 
  0x00, 0x00, 0x00, 0x00, 0x00, 0x00, 0x00, 0x00, 0x00, 0x00, 0x00, 0x00, 
  0x00, 0x00, 0x00, 0x00, 0x00, 0x00, 0x00, 0x00, 0x00, 0x00, 0x00, 0x00, 
  0x00, 0x00, 0x00, 0x00, 0x00, 0x00, 0x00, 0x00, 0x00, 0x00, 0x00, 0x00, 
  0x00, 0x00, 0x00, 0x00, 0x00, 0x00, 0x00, 0x00, 0x00, 0x00, 0x00, 0x00, 
  0x00, 0x00, 0x00, 0x00, 0x00, 0x00, 0x00, 0x00, 0x00, 0x00, 0x00, 0x00, 
  0x00, 0x00, 0x00, 0x00, 0x00, 0x00, 0x00, 0x00, 0x00, 0x00, 0x00, 0x00, 
  0x00, 0x00, 0x44, 0x6a, 0x89, 0xf5, 0xc9, 0xfe, 0xc9, 0xfe, 0x89, 0xfe, 
  0x89, 0xfe, 0x89, 0xfe, 0x89, 0xfe, 0x89, 0xfe, 0x89, 0xfe, 0x89, 0xfe, 
  0x89, 0xfe, 0x69, 0xfe, 0xca, 0xfe, 0x63, 0x5a, 0x00, 0x00, 0x00, 0x00, 
  0x00, 0x00, 0x00, 0x00, 0x00, 0x00, 0x00, 0x00, 0x00, 0x00, 0x00, 0x00, 
  0x00, 0x00, 0x00, 0x00, 0x00, 0x00, 0x00, 0x00, 0x00, 0x00, 0x00, 0x00, 
  0x00, 0x00, 0x00, 0x00, 0x00, 0x00, 0x00, 0x00, 0x00, 0x00, 0x00, 0x00, 
  0x00, 0x00, 0x00, 0x00, 0x00, 0x00, 0x00, 0x00, 0x00, 0x00, 0x00, 0x00, 
  0x00, 0x00, 0x00, 0x00, 0x00, 0x00, 0x00, 0x00, 0x00, 0x00, 0x00, 0x00, 
  0x00, 0x00, 0x00, 0x00, 0x00, 0x00, 0x00, 0x00, 0x00, 0x00, 0x00, 0x00, 
  0x00, 0x00, 0x00, 0x00, 0x00, 0x00, 0x00, 0x00, 0x00, 0x00, 0x00, 0x00, 
  0x00, 0x00, 0x00, 0x00, 0x00, 0x00, 0x00, 0x00, 0x00, 0x00, 0x00, 0x00, 
  0x00, 0x00, 0x00, 0x00, 0x00, 0x00, 0x00, 0x00, 0x00, 0x00, 0x00, 0x00, 
  0x00, 0x00, 0x00, 0x00, 0x00, 0x00, 0x00, 0x00, 0x00, 0x00, 0x00, 0x00, 
  0x00, 0x00, 0x00, 0x00, 0x00, 0x00, 0x00, 0x00, 0x00, 0x00, 0x00, 0x00, 
  0x00, 0x00, 0x00, 0x00, 0x00, 0x00, 0x00, 0x00, 0xa1, 0x18, 0xa8, 0xd5, 
  0xca, 0xfe, 0x69, 0xfe, 0x89, 0xfe, 0x89, 0xfe, 0x89, 0xfe, 0x89, 0xfe, 
  0x89, 0xfe, 0x89, 0xfe, 0x89, 0xfe, 0x89, 0xfe, 0x89, 0xfe, 0x89, 0xfe, 
  0x89, 0xfe, 0x89, 0xfe, 0x89, 0xfe, 0xc9, 0xfe, 0xa9, 0xf5, 0xe7, 0xca, 
  0x07, 0xa9, 0xc7, 0xb1, 0x09, 0xf6, 0xa9, 0xfe, 0x89, 0xfe, 0x89, 0xfe, 
  0x89, 0xfe, 0x89, 0xfe, 0x89, 0xfe, 0x89, 0xfe, 0x69, 0xfe, 0xe9, 0xfe, 
  0xa9, 0xe4, 0xe6, 0x90, 0x20, 0x10, 0x00, 0x00, 0x00, 0x00, 0x00, 0x00, 
  0x00, 0x00, 0x00, 0x00, 0x00, 0x00, 0x00, 0x00, 0x00, 0x00, 0x00, 0x00, 
  0x00, 0x00, 0x00, 0x00, 0x00, 0x00, 0x00, 0x00, 0x00, 0x00, 0x00, 0x00, 
  0x00, 0x00, 0x00, 0x00, 0x00, 0x00, 0x00, 0x00, 0x00, 0x00, 0x00, 0x00, 
  0x00, 0x00, 0x00, 0x00, 0x00, 0x00, 0x00, 0x00, 0x00, 0x00, 0x00, 0x00, 
  0x00, 0x00, 0x00, 0x00, 0x00, 0x00, 0x00, 0x00, 0x00, 0x00, 0x00, 0x00, 
  0x00, 0x00, 0x00, 0x00, 0x00, 0x00, 0x00, 0x00, 0x00, 0x00, 0x00, 0x00, 
  0x00, 0x00, 0x00, 0x00, 0x00, 0x00, 0x00, 0x00, 0x00, 0x00, 0x00, 0x00, 
  0x03, 0x52, 0xa9, 0xfe, 0x89, 0xfe, 0x89, 0xfe, 0x89, 0xfe, 0x89, 0xfe, 
  0x89, 0xfe, 0x89, 0xfe, 0x69, 0xfe, 0x68, 0xcb, 0x29, 0xed, 0x66, 0xa9, 
  0x41, 0x28, 0x00, 0x00, 0x00, 0x00, 0x00, 0x00, 0x00, 0x00, 0x00, 0x00, 
  0x00, 0x00, 0x00, 0x00, 0x00, 0x00, 0x00, 0x00, 0x00, 0x00, 0x40, 0x08, 
  0xe8, 0xe5, 0xc9, 0xfe, 0x89, 0xfe, 0x89, 0xfe, 0x89, 0xfe, 0x89, 0xfe, 
  0x89, 0xfe, 0x67, 0xc2, 0x67, 0xb1, 0xc8, 0xd3, 0xa8, 0xe5, 0x89, 0xfe, 
  0xe8, 0xe5, 0x85, 0x8b, 0x01, 0x29, 0x00, 0x00, 0x00, 0x00, 0x00, 0x00, 
  0x00, 0x00, 0x00, 0x00, 0x00, 0x00, 0x00, 0x00, 0x00, 0x00, 0x00, 0x00, 
  0x00, 0x00, 0x00, 0x00, 0x00, 0x00, 0x00, 0x00, 0x00, 0x00, 0x00, 0x00, 
  0x00, 0x00, 0x00, 0x00, 0x00, 0x00, 0x00, 0x00, 0x00, 0x00, 0x00, 0x00, 
  0x00, 0x00, 0x00, 0x00, 0x00, 0x00, 0x00, 0x00, 0x00, 0x00, 0x00, 0x00, 
  0x00, 0x00, 0x00, 0x00, 0x00, 0x00, 0x00, 0x00, 0x00, 0x00, 0x00, 0x00, 
  0x00, 0x00, 0x00, 0x00, 0x00, 0x00, 0x00, 0x00, 0x00, 0x00, 0x00, 0x00, 
  0x00, 0x00, 0x00, 0x00, 0x00, 0x00, 0x00, 0x00, 0x00, 0x00, 0x00, 0x00, 
  0x00, 0x00, 0x04, 0x73, 0xea, 0xfe, 0x69, 0xfe, 0x89, 0xfe, 0x89, 0xfe, 
  0x89, 0xfe, 0x89, 0xfe, 0x89, 0xfe, 0x89, 0xfe, 0x89, 0xfe, 0x89, 0xfe, 
  0x89, 0xfe, 0x89, 0xfe, 0x89, 0xfe, 0xc9, 0xfe, 0x49, 0xfe, 0x48, 0xdc, 
  0x07, 0xba, 0x27, 0xa9, 0x47, 0xb1, 0x87, 0xb1, 0x67, 0xb1, 0x67, 0xb1, 
  0x87, 0xb9, 0x66, 0xa9, 0xc4, 0x68, 0x20, 0x10, 0x00, 0x00, 0x00, 0x00, 
  0x00, 0x00, 0x00, 0x00, 0x00, 0x00, 0x00, 0x00, 0x00, 0x00, 0x00, 0x00, 
  0x00, 0x00, 0x00, 0x00, 0x00, 0x00, 0x00, 0x00, 0x00, 0x00, 0x00, 0x00, 
  0x00, 0x00, 0x00, 0x00, 0x00, 0x00, 0x00, 0x00, 0x00, 0x00, 0x00, 0x00, 
  0x00, 0x00, 0x00, 0x00, 0x00, 0x00, 0x00, 0x00, 0x00, 0x00, 0x00, 0x00, 
  0x00, 0x00, 0x00, 0x00, 0x00, 0x00, 0x00, 0x00, 0x00, 0x00, 0x00, 0x00, 
  0x00, 0x00, 0x00, 0x00, 0x00, 0x00, 0x00, 0x00, 0x00, 0x00, 0x00, 0x00, 
  0x00, 0x00, 0x00, 0x00, 0x00, 0x00, 0x00, 0x00, 0x00, 0x00, 0x00, 0x00, 
  0x00, 0x00, 0x00, 0x00, 0x00, 0x00, 0x00, 0x00, 0x00, 0x00, 0x00, 0x00, 
  0x00, 0x00, 0x00, 0x00, 0x46, 0x99, 0xc8, 0xca, 0xa8, 0xdc, 0x89, 0xfe, 
  0x89, 0xfe, 0x89, 0xfe, 0x89, 0xfe, 0x89, 0xfe, 0x89, 0xfe, 0x89, 0xfe, 
  0x89, 0xfe, 0x69, 0xfe, 0xea, 0xfe, 0xc8, 0xd4, 0x41, 0x28, 0x00, 0x00, 
  0x00, 0x00, 0x00, 0x00, 0x00, 0x00, 0x00, 0x00, 0x00, 0x00, 0x00, 0x00, 
  0x00, 0x00, 0x00, 0x00, 0x00, 0x00, 0x00, 0x00, 0x00, 0x00, 0x00, 0x00, 
  0x00, 0x00, 0x00, 0x00, 0x00, 0x00, 0x00, 0x00, 0x00, 0x00, 0x00, 0x00, 
  0x00, 0x00, 0x00, 0x00, 0x00, 0x00, 0x00, 0x00, 0x00, 0x00, 0x00, 0x00, 
  0x00, 0x00, 0x00, 0x00, 0x00, 0x00, 0x00, 0x00, 0x00, 0x00, 0x00, 0x00, 
  0x00, 0x00, 0x00, 0x00, 0x00, 0x00, 0x00, 0x00, 0x00, 0x00, 0x00, 0x00, 
  0x00, 0x00, 0x00, 0x00, 0x00, 0x00, 0x00, 0x00, 0x00, 0x00, 0x00, 0x00, 
  0x00, 0x00, 0x00, 0x00, 0x00, 0x00, 0x00, 0x00, 0x00, 0x00, 0x00, 0x00, 
  0x00, 0x00, 0x00, 0x00, 0x00, 0x00, 0x00, 0x00, 0x00, 0x00, 0x00, 0x00, 
  0x00, 0x00, 0x00, 0x00, 0x00, 0x00, 0x00, 0x00, 0x00, 0x00, 0x00, 0x00, 
  0x00, 0x00, 0x00, 0x00, 0x00, 0x00, 0x00, 0x00, 0x00, 0x00, 0x00, 0x00, 
  0x00, 0x00, 0x00, 0x00, 0x00, 0x00, 0xc1, 0x20, 0x68, 0xd5, 0xca, 0xfe, 
  0x69, 0xfe, 0x89, 0xfe, 0x89, 0xfe, 0x89, 0xfe, 0x89, 0xfe, 0x89, 0xfe, 
  0x89, 0xfe, 0x89, 0xfe, 0x89, 0xfe, 0x89, 0xfe, 0x89, 0xfe, 0x89, 0xfe, 
  0x89, 0xfe, 0xc9, 0xfe, 0x89, 0xfe, 0x28, 0xdc, 0xa7, 0xb1, 0x27, 0xa9, 
  0x47, 0xa9, 0xa8, 0xe4, 0xe9, 0xfe, 0x89, 0xfe, 0x89, 0xfe, 0x89, 0xfe, 
  0x89, 0xfe, 0x89, 0xfe, 0x89, 0xfe, 0x89, 0xfe, 0x69, 0xfe, 0xe9, 0xfe, 
  0x48, 0xdc, 0x07, 0xb1, 0x04, 0x71, 0x00, 0x00, 0x00, 0x00, 0x00, 0x00, 
  0x00, 0x00, 0x00, 0x00, 0x00, 0x00, 0x00, 0x00, 0x00, 0x00, 0x00, 0x00, 
  0x00, 0x00, 0x00, 0x00, 0x00, 0x00, 0x00, 0x00, 0x00, 0x00, 0x00, 0x00, 
  0x00, 0x00, 0x00, 0x00, 0x00, 0x00, 0x00, 0x00, 0x00, 0x00, 0x00, 0x00, 
  0x00, 0x00, 0x00, 0x00, 0x00, 0x00, 0x00, 0x00, 0x00, 0x00, 0x00, 0x00, 
  0x00, 0x00, 0x00, 0x00, 0x00, 0x00, 0x00, 0x00, 0x00, 0x00, 0x00, 0x00, 
  0x00, 0x00, 0x00, 0x00, 0x00, 0x00, 0x00, 0x00, 0x00, 0x00, 0x00, 0x00, 
  0x00, 0x00, 0x00, 0x00, 0x00, 0x00, 0x00, 0x00, 0x00, 0x00, 0x00, 0x00, 
  0x83, 0x62, 0xa9, 0xfe, 0x89, 0xfe, 0x89, 0xfe, 0x89, 0xfe, 0x89, 0xfe, 
  0x89, 0xfe, 0xa9, 0xfe, 0x09, 0xf6, 0xa7, 0xc2, 0xa9, 0xfe, 0x67, 0xba, 
  0x01, 0x20, 0x00, 0x00, 0x00, 0x00, 0x00, 0x00, 0x00, 0x00, 0x00, 0x00, 
  0x00, 0x00, 0x00, 0x00, 0x00, 0x00, 0x00, 0x00, 0x00, 0x00, 0xe1, 0x20, 
  0x08, 0xee, 0xa9, 0xfe, 0x89, 0xfe, 0x89, 0xfe, 0x89, 0xfe, 0xa9, 0xfe, 
  0x49, 0xfe, 0x28, 0xcb, 0x69, 0xed, 0xe9, 0xfe, 0xa9, 0xfe, 0x89, 0xfe, 
  0xa9, 0xfe, 0x0a, 0xff, 0x29, 0xee, 0x44, 0x7b, 0x40, 0x08, 0x00, 0x00, 
  0x00, 0x00, 0x00, 0x00, 0x00, 0x00, 0x00, 0x00, 0x00, 0x00, 0x00, 0x00, 
  0x00, 0x00, 0x00, 0x00, 0x00, 0x00, 0x00, 0x00, 0x00, 0x00, 0x00, 0x00, 
  0x00, 0x00, 0x00, 0x00, 0x00, 0x00, 0x00, 0x00, 0x00, 0x00, 0x00, 0x00, 
  0x00, 0x00, 0x00, 0x00, 0x00, 0x00, 0x00, 0x00, 0x00, 0x00, 0x00, 0x00, 
  0x00, 0x00, 0x00, 0x00, 0x00, 0x00, 0x00, 0x00, 0x00, 0x00, 0x00, 0x00, 
  0x00, 0x00, 0x00, 0x00, 0x00, 0x00, 0x00, 0x00, 0x00, 0x00, 0x00, 0x00, 
  0x00, 0x00, 0x00, 0x00, 0x00, 0x00, 0x00, 0x00, 0x00, 0x00, 0x00, 0x00, 
  0x40, 0x08, 0x07, 0xc5, 0xca, 0xfe, 0x89, 0xfe, 0x89, 0xfe, 0x89, 0xfe, 
  0x89, 0xfe, 0x89, 0xfe, 0x89, 0xfe, 0x89, 0xfe, 0x89, 0xfe, 0x89, 0xfe, 
  0xa9, 0xfe, 0xc9, 0xfe, 0x69, 0xfe, 0x88, 0xe4, 0x47, 0xba, 0x07, 0xa9, 
  0x47, 0xa9, 0x67, 0xb1, 0x07, 0xa9, 0x07, 0xa9, 0x06, 0xa9, 0xe6, 0xa0, 
  0x84, 0x68, 0x41, 0x20, 0x00, 0x00, 0x00, 0x00, 0x00, 0x00, 0x00, 0x00, 
  0x00, 0x00, 0x00, 0x00, 0x00, 0x00, 0x00, 0x00, 0x00, 0x00, 0x00, 0x00, 
  0x00, 0x00, 0x00, 0x00, 0x00, 0x00, 0x00, 0x00, 0x00, 0x00, 0x00, 0x00, 
  0x00, 0x00, 0x00, 0x00, 0x00, 0x00, 0x00, 0x00, 0x00, 0x00, 0x00, 0x00, 
  0x00, 0x00, 0x00, 0x00, 0x00, 0x00, 0x00, 0x00, 0x00, 0x00, 0x00, 0x00, 
  0x00, 0x00, 0x00, 0x00, 0x00, 0x00, 0x00, 0x00, 0x00, 0x00, 0x00, 0x00, 
  0x00, 0x00, 0x00, 0x00, 0x00, 0x00, 0x00, 0x00, 0x00, 0x00, 0x00, 0x00, 
  0x00, 0x00, 0x00, 0x00, 0x00, 0x00, 0x00, 0x00, 0x00, 0x00, 0x00, 0x00, 
  0x00, 0x00, 0x00, 0x00, 0x00, 0x00, 0x00, 0x00, 0x00, 0x00, 0x00, 0x00, 
  0x00, 0x00, 0x00, 0x00, 0x41, 0x28, 0x06, 0xa1, 0x47, 0xb1, 0x48, 0xed, 
  0xc9, 0xfe, 0x89, 0xfe, 0x89, 0xfe, 0x89, 0xfe, 0x89, 0xfe, 0x89, 0xfe, 
  0x89, 0xfe, 0x89, 0xfe, 0xa9, 0xfe, 0xa9, 0xf5, 0xa7, 0xb1, 0x21, 0x28, 
  0x00, 0x00, 0x00, 0x00, 0x00, 0x00, 0x00, 0x00, 0x00, 0x00, 0x00, 0x00, 
  0x00, 0x00, 0x00, 0x00, 0x00, 0x00, 0x00, 0x00, 0x00, 0x00, 0x00, 0x00, 
  0x00, 0x00, 0x00, 0x00, 0x00, 0x00, 0x00, 0x00, 0x00, 0x00, 0x00, 0x00, 
  0x00, 0x00, 0x00, 0x00, 0x00, 0x00, 0x00, 0x00, 0x00, 0x00, 0x00, 0x00, 
  0x00, 0x00, 0x00, 0x00, 0x00, 0x00, 0x00, 0x00, 0x00, 0x00, 0x00, 0x00, 
  0x00, 0x00, 0x00, 0x00, 0x00, 0x00, 0x00, 0x00, 0x00, 0x00, 0x00, 0x00, 
  0x00, 0x00, 0x00, 0x00, 0x00, 0x00, 0x00, 0x00, 0x00, 0x00, 0x00, 0x00, 
  0x00, 0x00, 0x00, 0x00, 0x00, 0x00, 0x00, 0x00, 0x00, 0x00, 0x00, 0x00, 
  0x00, 0x00, 0x00, 0x00, 0x00, 0x00, 0x00, 0x00, 0x00, 0x00, 0x00, 0x00, 
  0x00, 0x00, 0x00, 0x00, 0x00, 0x00, 0x00, 0x00, 0x00, 0x00, 0x00, 0x00, 
  0x00, 0x00, 0x00, 0x00, 0x00, 0x00, 0x00, 0x00, 0x00, 0x00, 0x00, 0x00, 
  0x00, 0x00, 0x00, 0x00, 0x01, 0x21, 0x88, 0xd5, 0xca, 0xfe, 0x89, 0xfe, 
  0x89, 0xfe, 0x89, 0xfe, 0x89, 0xfe, 0x89, 0xfe, 0x89, 0xfe, 0x89, 0xfe, 
  0x89, 0xfe, 0x89, 0xfe, 0x89, 0xfe, 0x89, 0xfe, 0x89, 0xfe, 0x89, 0xfe, 
  0xc9, 0xfe, 0xc9, 0xf5, 0xa7, 0xc2, 0x27, 0xa9, 0x67, 0xb1, 0x27, 0xa9, 
  0x88, 0xd3, 0xc9, 0xfe, 0x89, 0xfe, 0x89, 0xfe, 0x89, 0xfe, 0x89, 0xfe, 
  0x89, 0xfe, 0x89, 0xfe, 0x89, 0xfe, 0x89, 0xfe, 0x89, 0xfe, 0xa9, 0xfe, 
  0x48, 0xcb, 0x07, 0xa9, 0x67, 0xa9, 0x41, 0x18, 0x00, 0x00, 0x00, 0x00, 
  0x00, 0x00, 0x00, 0x00, 0x00, 0x00, 0x00, 0x00, 0x00, 0x00, 0x00, 0x00, 
  0x00, 0x00, 0x00, 0x00, 0x00, 0x00, 0x00, 0x00, 0x00, 0x00, 0x00, 0x00, 
  0x00, 0x00, 0x00, 0x00, 0x00, 0x00, 0x00, 0x00, 0x00, 0x00, 0x00, 0x00, 
  0x00, 0x00, 0x00, 0x00, 0x00, 0x00, 0x00, 0x00, 0x00, 0x00, 0x00, 0x00, 
  0x00, 0x00, 0x00, 0x00, 0x00, 0x00, 0x00, 0x00, 0x00, 0x00, 0x00, 0x00, 
  0x00, 0x00, 0x00, 0x00, 0x00, 0x00, 0x00, 0x00, 0x00, 0x00, 0x00, 0x00, 
  0x00, 0x00, 0x00, 0x00, 0x00, 0x00, 0x00, 0x00, 0x00, 0x00, 0x00, 0x00, 
  0xe4, 0x72, 0xc9, 0xfe, 0x89, 0xfe, 0x89, 0xfe, 0x89, 0xfe, 0x89, 0xfe, 
  0x89, 0xfe, 0xc9, 0xfe, 0x49, 0xed, 0x47, 0xba, 0xa9, 0xfe, 0x07, 0xcc, 
  0x01, 0x18, 0x00, 0x00, 0x00, 0x00, 0x00, 0x00, 0x00, 0x00, 0x00, 0x00, 
  0x00, 0x00, 0x00, 0x00, 0x00, 0x00, 0x00, 0x00, 0x00, 0x00, 0x82, 0x39, 
  0x49, 0xf6, 0xa9, 0xfe, 0x89, 0xfe, 0x89, 0xfe, 0x89, 0xfe, 0x89, 0xfe, 
  0x89, 0xfe, 0x69, 0xfe, 0xc9, 0xfe, 0x89, 0xfe, 0x89, 0xfe, 0x89, 0xfe, 
  0x89, 0xfe, 0x69, 0xfe, 0xa9, 0xfe, 0xea, 0xfe, 0x47, 0xcd, 0xa2, 0x41, 
  0x00, 0x00, 0x00, 0x00, 0x00, 0x00, 0x00, 0x00, 0x00, 0x00, 0x00, 0x00, 
  0x00, 0x00, 0x00, 0x00, 0x00, 0x00, 0x00, 0x00, 0x00, 0x00, 0x00, 0x00, 
  0x00, 0x00, 0x00, 0x00, 0x00, 0x00, 0x00, 0x00, 0x00, 0x00, 0x00, 0x00, 
  0x00, 0x00, 0x00, 0x00, 0x00, 0x00, 0x00, 0x00, 0x00, 0x00, 0x00, 0x00, 
  0x00, 0x00, 0x00, 0x00, 0x00, 0x00, 0x00, 0x00, 0x00, 0x00, 0x00, 0x00, 
  0x00, 0x00, 0x00, 0x00, 0x00, 0x00, 0x00, 0x00, 0x00, 0x00, 0x00, 0x00, 
  0x00, 0x00, 0x00, 0x00, 0x00, 0x00, 0x00, 0x00, 0x00, 0x00, 0x00, 0x00, 
  0xc1, 0x20, 0x29, 0xee, 0xa9, 0xfe, 0x89, 0xfe, 0x89, 0xfe, 0x89, 0xfe, 
  0x89, 0xfe, 0x89, 0xfe, 0x89, 0xfe, 0x89, 0xfe, 0x89, 0xfe, 0x89, 0xfe, 
  0x49, 0xfe, 0xc8, 0xe4, 0x67, 0xba, 0x27, 0xa9, 0x27, 0xa9, 0x67, 0xb1, 
  0x47, 0xa9, 0x87, 0xb1, 0xc7, 0xc2, 0x07, 0xcb, 0x27, 0xcb, 0x85, 0x82, 
  0x62, 0x31, 0x00, 0x00, 0x00, 0x00, 0x00, 0x00, 0x00, 0x00, 0x00, 0x00, 
  0x00, 0x00, 0x00, 0x00, 0x00, 0x00, 0x00, 0x00, 0x00, 0x00, 0x00, 0x00, 
  0x00, 0x00, 0x00, 0x00, 0x00, 0x00, 0x00, 0x00, 0x00, 0x00, 0x00, 0x00, 
  0x00, 0x00, 0x00, 0x00, 0x00, 0x00, 0x00, 0x00, 0x00, 0x00, 0x00, 0x00, 
  0x00, 0x00, 0x00, 0x00, 0x00, 0x00, 0x00, 0x00, 0x00, 0x00, 0x00, 0x00, 
  0x00, 0x00, 0x00, 0x00, 0x00, 0x00, 0x00, 0x00, 0x00, 0x00, 0x00, 0x00, 
  0x00, 0x00, 0x00, 0x00, 0x00, 0x00, 0x00, 0x00, 0x00, 0x00, 0x00, 0x00, 
  0x00, 0x00, 0x00, 0x00, 0x00, 0x00, 0x00, 0x00, 0x00, 0x00, 0x00, 0x00, 
  0x00, 0x00, 0x00, 0x00, 0x00, 0x00, 0x00, 0x00, 0x00, 0x00, 0x00, 0x00, 
  0x00, 0x00, 0x00, 0x00, 0x00, 0x00, 0x61, 0x20, 0xa5, 0x88, 0xa8, 0xe4, 
  0xe9, 0xfe, 0x89, 0xfe, 0x89, 0xfe, 0x89, 0xfe, 0x89, 0xfe, 0x89, 0xfe, 
  0x89, 0xfe, 0x89, 0xfe, 0xa9, 0xfe, 0x09, 0xf6, 0x27, 0xc2, 0xe5, 0x88, 
  0x20, 0x08, 0x00, 0x00, 0x00, 0x00, 0x00, 0x00, 0x00, 0x00, 0x00, 0x00, 
  0x00, 0x00, 0x00, 0x00, 0x00, 0x00, 0x00, 0x00, 0x00, 0x00, 0x00, 0x00, 
  0x00, 0x00, 0x00, 0x00, 0x00, 0x00, 0x00, 0x00, 0x00, 0x00, 0x00, 0x00, 
  0x00, 0x00, 0x00, 0x00, 0x00, 0x00, 0x00, 0x00, 0x00, 0x00, 0x00, 0x00, 
  0x00, 0x00, 0x00, 0x00, 0x00, 0x00, 0x00, 0x00, 0x00, 0x00, 0x00, 0x00, 
  0x00, 0x00, 0x00, 0x00, 0x00, 0x00, 0x00, 0x00, 0x00, 0x00, 0x00, 0x00, 
  0x00, 0x00, 0x00, 0x00, 0x00, 0x00, 0x00, 0x00, 0x00, 0x00, 0x00, 0x00, 
  0x00, 0x00, 0x00, 0x00, 0x00, 0x00, 0x00, 0x00, 0x00, 0x00, 0x00, 0x00, 
  0x00, 0x00, 0x00, 0x00, 0x00, 0x00, 0x00, 0x00, 0x00, 0x00, 0x00, 0x00, 
  0x00, 0x00, 0x00, 0x00, 0x00, 0x00, 0x00, 0x00, 0x00, 0x00, 0x00, 0x00, 
  0x00, 0x00, 0x00, 0x00, 0x00, 0x00, 0x00, 0x00, 0x00, 0x00, 0x00, 0x00, 
  0x00, 0x00, 0x82, 0x39, 0xe8, 0xe5, 0xca, 0xfe, 0x69, 0xfe, 0x89, 0xfe, 
  0x89, 0xfe, 0x89, 0xfe, 0x89, 0xfe, 0x89, 0xfe, 0x89, 0xfe, 0x89, 0xfe, 
  0x89, 0xfe, 0x89, 0xfe, 0x89, 0xfe, 0x89, 0xfe, 0xa9, 0xfe, 0xc9, 0xfe, 
  0x88, 0xe4, 0xa7, 0xb1, 0x27, 0xa9, 0x87, 0xb1, 0x27, 0xa9, 0xa7, 0xc2, 
  0x89, 0xfe, 0xa9, 0xfe, 0x89, 0xfe, 0x89, 0xfe, 0x89, 0xfe, 0x89, 0xfe, 
  0x89, 0xfe, 0x89, 0xfe, 0x89, 0xfe, 0x89, 0xfe, 0xc9, 0xfe, 0x89, 0xf5, 
  0x87, 0xb1, 0x47, 0xa9, 0x87, 0xb9, 0x62, 0x38, 0x00, 0x00, 0x00, 0x00, 
  0x00, 0x00, 0x00, 0x00, 0x00, 0x00, 0x00, 0x00, 0x00, 0x00, 0x00, 0x00, 
  0x00, 0x00, 0x00, 0x00, 0x00, 0x00, 0x00, 0x00, 0x00, 0x00, 0x00, 0x00, 
  0x00, 0x00, 0x00, 0x00, 0x00, 0x00, 0x00, 0x00, 0x00, 0x00, 0x00, 0x00, 
  0x00, 0x00, 0x00, 0x00, 0x00, 0x00, 0x00, 0x00, 0x00, 0x00, 0x00, 0x00, 
  0x00, 0x00, 0x00, 0x00, 0x00, 0x00, 0x00, 0x00, 0x00, 0x00, 0x00, 0x00, 
  0x00, 0x00, 0x00, 0x00, 0x00, 0x00, 0x00, 0x00, 0x00, 0x00, 0x00, 0x00, 
  0x00, 0x00, 0x00, 0x00, 0x00, 0x00, 0x00, 0x00, 0x00, 0x00, 0x00, 0x00, 
  0x44, 0x83, 0xca, 0xfe, 0x89, 0xfe, 0x89, 0xfe, 0x89, 0xfe, 0x89, 0xfe, 
  0x69, 0xfe, 0xe9, 0xfe, 0x88, 0xe4, 0x07, 0xba, 0xaa, 0xfe, 0x67, 0xd5, 
  0xa3, 0x50, 0x82, 0x38, 0x00, 0x00, 0x00, 0x00, 0x00, 0x00, 0x00, 0x00, 
  0x00, 0x00, 0x00, 0x00, 0x00, 0x00, 0x00, 0x00, 0x00, 0x00, 0x43, 0x52, 
  0x89, 0xfe, 0x89, 0xfe, 0x89, 0xfe, 0x89, 0xfe, 0x89, 0xfe, 0x89, 0xfe, 
  0x89, 0xfe, 0x89, 0xfe, 0x89, 0xfe, 0x89, 0xfe, 0x89, 0xfe, 0x89, 0xfe, 
  0x89, 0xfe, 0x89, 0xfe, 0x89, 0xfe, 0x89, 0xfe, 0xc9, 0xfe, 0x89, 0xfe, 
  0x44, 0x83, 0x00, 0x00, 0x00, 0x00, 0x00, 0x00, 0x00, 0x00, 0x00, 0x00, 
  0x00, 0x00, 0x00, 0x00, 0x00, 0x00, 0x00, 0x00, 0x00, 0x00, 0x00, 0x00, 
  0x00, 0x00, 0x00, 0x00, 0x00, 0x00, 0x00, 0x00, 0x00, 0x00, 0x00, 0x00, 
  0x00, 0x00, 0x00, 0x00, 0x00, 0x00, 0x00, 0x00, 0x00, 0x00, 0x00, 0x00, 
  0x00, 0x00, 0x00, 0x00, 0x00, 0x00, 0x00, 0x00, 0x00, 0x00, 0x00, 0x00, 
  0x00, 0x00, 0x00, 0x00, 0x00, 0x00, 0x00, 0x00, 0x00, 0x00, 0x00, 0x00, 
  0x00, 0x00, 0x00, 0x00, 0x00, 0x00, 0x00, 0x00, 0x00, 0x00, 0x00, 0x00, 
  0xe1, 0x20, 0x69, 0xfe, 0x89, 0xfe, 0x89, 0xfe, 0x89, 0xfe, 0x89, 0xfe, 
  0x89, 0xfe, 0x89, 0xfe, 0x89, 0xfe, 0x89, 0xfe, 0x89, 0xfe, 0xc9, 0xfe, 
  0xa8, 0xe4, 0x07, 0xa9, 0x27, 0xa9, 0x67, 0xb1, 0x67, 0xa9, 0x47, 0xa9, 
  0x87, 0xb1, 0xe8, 0xe4, 0xc9, 0xfe, 0xe9, 0xfe, 0xe9, 0xfe, 0x0a, 0xff, 
  0x69, 0xfe, 0x86, 0xb4, 0xe1, 0x20, 0x00, 0x00, 0x00, 0x00, 0x00, 0x00, 
  0x00, 0x00, 0x00, 0x00, 0x00, 0x00, 0x00, 0x00, 0x00, 0x00, 0x00, 0x00, 
  0x00, 0x00, 0x00, 0x00, 0x00, 0x00, 0x00, 0x00, 0x00, 0x00, 0x00, 0x00, 
  0x00, 0x00, 0x00, 0x00, 0x00, 0x00, 0x00, 0x00, 0x00, 0x00, 0x00, 0x00, 
  0x00, 0x00, 0x00, 0x00, 0x00, 0x00, 0x00, 0x00, 0x00, 0x00, 0x00, 0x00, 
  0x00, 0x00, 0x00, 0x00, 0x00, 0x00, 0x00, 0x00, 0x00, 0x00, 0x00, 0x00, 
  0x00, 0x00, 0x00, 0x00, 0x00, 0x00, 0x00, 0x00, 0x00, 0x00, 0x00, 0x00, 
  0x00, 0x00, 0x00, 0x00, 0x00, 0x00, 0x00, 0x00, 0x00, 0x00, 0x00, 0x00, 
  0x00, 0x00, 0x00, 0x00, 0x00, 0x00, 0x00, 0x00, 0x00, 0x00, 0x00, 0x00, 
  0x00, 0x00, 0x00, 0x00, 0x00, 0x00, 0x00, 0x00, 0x00, 0x00, 0x06, 0xac, 
  0xea, 0xfe, 0x89, 0xfe, 0x89, 0xfe, 0x89, 0xfe, 0x89, 0xfe, 0x89, 0xfe, 
  0x89, 0xfe, 0x89, 0xfe, 0xa9, 0xfe, 0x29, 0xfe, 0x07, 0xba, 0x47, 0xb1, 
  0x62, 0x38, 0x00, 0x00, 0x00, 0x00, 0x00, 0x00, 0x00, 0x00, 0x00, 0x00, 
  0x00, 0x00, 0x00, 0x00, 0x00, 0x00, 0x00, 0x00, 0x00, 0x00, 0x00, 0x00, 
  0x00, 0x00, 0x00, 0x00, 0x00, 0x00, 0x00, 0x00, 0x00, 0x00, 0x00, 0x00, 
  0x00, 0x00, 0x00, 0x00, 0x00, 0x00, 0x00, 0x00, 0x00, 0x00, 0x00, 0x00, 
  0x00, 0x00, 0x00, 0x00, 0x00, 0x00, 0x00, 0x00, 0x00, 0x00, 0x00, 0x00, 
  0x00, 0x00, 0x00, 0x00, 0x00, 0x00, 0x00, 0x00, 0x00, 0x00, 0x00, 0x00, 
  0x00, 0x00, 0x00, 0x00, 0x00, 0x00, 0x00, 0x00, 0x00, 0x00, 0x00, 0x00, 
  0x00, 0x00, 0x00, 0x00, 0x00, 0x00, 0x00, 0x00, 0x00, 0x00, 0x00, 0x00, 
  0x00, 0x00, 0x00, 0x00, 0x00, 0x00, 0x00, 0x00, 0x00, 0x00, 0x00, 0x00, 
  0x00, 0x00, 0x00, 0x00, 0x00, 0x00, 0x00, 0x00, 0x00, 0x00, 0x00, 0x00, 
  0x00, 0x00, 0x00, 0x00, 0x00, 0x00, 0x00, 0x00, 0x00, 0x00, 0x00, 0x00, 
  0x83, 0x62, 0x49, 0xf6, 0xc9, 0xfe, 0x69, 0xfe, 0x89, 0xfe, 0x89, 0xfe, 
  0x89, 0xfe, 0x89, 0xfe, 0x89, 0xfe, 0x89, 0xfe, 0x89, 0xfe, 0x89, 0xfe, 
  0x89, 0xfe, 0x89, 0xfe, 0x89, 0xfe, 0xa9, 0xfe, 0x89, 0xfe, 0x88, 0xd3, 
  0x27, 0xa9, 0x47, 0xa9, 0x67, 0xb1, 0x47, 0xa9, 0xe7, 0xb9, 0xe9, 0xf5, 
  0xa9, 0xfe, 0x89, 0xfe, 0x89, 0xfe, 0x89, 0xfe, 0x89, 0xfe, 0x89, 0xfe, 
  0x89, 0xfe, 0x89, 0xfe, 0x89, 0xfe, 0xa9, 0xfe, 0x29, 0xfe, 0x47, 0xba, 
  0x27, 0xa9, 0x67, 0xa9, 0x67, 0xb9, 0x62, 0x38, 0x00, 0x00, 0x00, 0x00, 
  0x00, 0x00, 0x00, 0x00, 0x00, 0x00, 0x00, 0x00, 0x00, 0x00, 0x00, 0x00, 
  0x00, 0x00, 0x00, 0x00, 0x00, 0x00, 0x00, 0x00, 0x00, 0x00, 0x00, 0x00, 
  0x00, 0x00, 0x00, 0x00, 0x00, 0x00, 0x00, 0x00, 0x00, 0x00, 0x00, 0x00, 
  0x00, 0x00, 0x00, 0x00, 0x00, 0x00, 0x00, 0x00, 0x00, 0x00, 0x00, 0x00, 
  0x00, 0x00, 0x00, 0x00, 0x00, 0x00, 0x00, 0x00, 0x00, 0x00, 0x00, 0x00, 
  0x00, 0x00, 0x00, 0x00, 0x00, 0x00, 0x00, 0x00, 0x00, 0x00, 0x00, 0x00, 
  0x00, 0x00, 0x00, 0x00, 0x00, 0x00, 0x00, 0x00, 0x00, 0x00, 0x00, 0x00, 
  0xa5, 0x8b, 0xca, 0xfe, 0x89, 0xfe, 0x89, 0xfe, 0x89, 0xfe, 0x89, 0xfe, 
  0x69, 0xfe, 0x09, 0xff, 0xa8, 0xd3, 0xc7, 0xb1, 0xea, 0xfe, 0x28, 0xe6, 
  0x25, 0x8a, 0xe5, 0x88, 0x00, 0x00, 0x00, 0x00, 0x00, 0x00, 0x00, 0x00, 
  0x00, 0x00, 0x00, 0x00, 0x00, 0x00, 0x20, 0x00, 0x00, 0x00, 0xe4, 0x72, 
  0xea, 0xfe, 0x89, 0xfe, 0x89, 0xfe, 0x89, 0xfe, 0x89, 0xfe, 0x89, 0xfe, 
  0x89, 0xfe, 0x89, 0xfe, 0x89, 0xfe, 0x89, 0xfe, 0x89, 0xfe, 0x89, 0xfe, 
  0x89, 0xfe, 0x89, 0xfe, 0x89, 0xfe, 0x89, 0xfe, 0x89, 0xfe, 0x89, 0xfe, 
  0xea, 0xfe, 0xa6, 0xb4, 0x80, 0x10, 0x00, 0x00, 0x00, 0x00, 0x00, 0x00, 
  0x00, 0x00, 0x00, 0x00, 0x00, 0x00, 0x00, 0x00, 0x00, 0x00, 0x00, 0x00, 
  0x00, 0x00, 0x00, 0x00, 0x00, 0x00, 0x00, 0x00, 0x00, 0x00, 0x00, 0x00, 
  0x00, 0x00, 0x00, 0x00, 0x00, 0x00, 0x00, 0x00, 0x00, 0x00, 0x00, 0x00, 
  0x00, 0x00, 0x00, 0x00, 0x00, 0x00, 0x00, 0x00, 0x00, 0x00, 0x00, 0x00, 
  0x00, 0x00, 0x00, 0x00, 0x00, 0x00, 0x00, 0x00, 0x00, 0x00, 0x00, 0x00, 
  0x00, 0x00, 0x00, 0x00, 0x00, 0x00, 0x00, 0x00, 0x00, 0x00, 0x00, 0x00, 
  0xa1, 0x18, 0xe8, 0xe5, 0xa9, 0xfe, 0x89, 0xfe, 0x89, 0xfe, 0x89, 0xfe, 
  0x89, 0xfe, 0x89, 0xfe, 0x89, 0xfe, 0x89, 0xfe, 0x89, 0xfe, 0xa9, 0xfe, 
  0x09, 0xf6, 0xe7, 0xb9, 0x47, 0xa9, 0x67, 0xa9, 0x87, 0xb1, 0x07, 0xa9, 
  0x47, 0xc3, 0xe9, 0xfe, 0x69, 0xfe, 0x69, 0xfe, 0x69, 0xfe, 0x69, 0xfe, 
  0x89, 0xfe, 0x0a, 0xff, 0xa8, 0xdd, 0xe1, 0x20, 0x00, 0x00, 0x00, 0x00, 
  0x00, 0x00, 0x00, 0x00, 0x00, 0x00, 0x00, 0x00, 0x00, 0x00, 0x00, 0x00, 
  0x00, 0x00, 0x00, 0x00, 0x00, 0x00, 0x00, 0x00, 0x00, 0x00, 0x00, 0x00, 
  0x00, 0x00, 0x00, 0x00, 0x00, 0x00, 0x00, 0x00, 0x00, 0x00, 0x00, 0x00, 
  0x00, 0x00, 0x00, 0x00, 0x00, 0x00, 0x00, 0x00, 0x00, 0x00, 0x00, 0x00, 
  0x00, 0x00, 0x00, 0x00, 0x00, 0x00, 0x00, 0x00, 0x00, 0x00, 0x00, 0x00, 
  0x00, 0x00, 0x00, 0x00, 0x00, 0x00, 0x00, 0x00, 0x00, 0x00, 0x00, 0x00, 
  0x00, 0x00, 0x00, 0x00, 0x00, 0x00, 0x00, 0x00, 0x00, 0x00, 0x00, 0x00, 
  0x00, 0x00, 0x00, 0x00, 0x00, 0x00, 0x00, 0x00, 0x00, 0x00, 0x00, 0x00, 
  0x00, 0x00, 0x00, 0x00, 0x00, 0x00, 0x00, 0x00, 0x00, 0x00, 0xe5, 0x93, 
  0xea, 0xfe, 0x69, 0xfe, 0x89, 0xfe, 0x89, 0xfe, 0x89, 0xfe, 0x89, 0xfe, 
  0x89, 0xfe, 0x89, 0xfe, 0xa9, 0xfe, 0xc9, 0xf5, 0xc7, 0xb1, 0x47, 0xb1, 
  0xc4, 0x60, 0x00, 0x00, 0x00, 0x00, 0x00, 0x00, 0x00, 0x00, 0x00, 0x00, 
  0x00, 0x00, 0x00, 0x00, 0x00, 0x00, 0x00, 0x00, 0x00, 0x00, 0x00, 0x00, 
  0x00, 0x00, 0x00, 0x00, 0x00, 0x00, 0x00, 0x00, 0x00, 0x00, 0x00, 0x00, 
  0x00, 0x00, 0x00, 0x00, 0x00, 0x00, 0x00, 0x00, 0x00, 0x00, 0x00, 0x00, 
  0x00, 0x00, 0x00, 0x00, 0x00, 0x00, 0x00, 0x00, 0x00, 0x00, 0x00, 0x00, 
  0x00, 0x00, 0x00, 0x00, 0x00, 0x00, 0x00, 0x00, 0x00, 0x00, 0x00, 0x00, 
  0x00, 0x00, 0x00, 0x00, 0x00, 0x00, 0x00, 0x00, 0x00, 0x00, 0x00, 0x00, 
  0x00, 0x00, 0x00, 0x00, 0x00, 0x00, 0x00, 0x00, 0x00, 0x00, 0x00, 0x00, 
  0x00, 0x00, 0x00, 0x00, 0x00, 0x00, 0x00, 0x00, 0x00, 0x00, 0x00, 0x00, 
  0x00, 0x00, 0x00, 0x00, 0x00, 0x00, 0x00, 0x00, 0x00, 0x00, 0x00, 0x00, 
  0x00, 0x00, 0x00, 0x00, 0x00, 0x00, 0x00, 0x00, 0x00, 0x00, 0xa5, 0x8b, 
  0xa9, 0xfe, 0xa9, 0xfe, 0x69, 0xfe, 0x89, 0xfe, 0x89, 0xfe, 0x89, 0xfe, 
  0x89, 0xfe, 0x89, 0xfe, 0x89, 0xfe, 0x89, 0xfe, 0x89, 0xfe, 0x89, 0xfe, 
  0x89, 0xfe, 0x89, 0xfe, 0xc9, 0xfe, 0x09, 0xf6, 0xa7, 0xc2, 0x07, 0xa9, 
  0x67, 0xb1, 0x67, 0xb1, 0x47, 0xa9, 0x47, 0xb1, 0x08, 0xe5, 0xc9, 0xfe, 
  0x89, 0xfe, 0x89, 0xfe, 0x89, 0xfe, 0x89, 0xfe, 0x89, 0xfe, 0x89, 0xfe, 
  0x89, 0xfe, 0x89, 0xfe, 0xa9, 0xfe, 0x49, 0xfe, 0x67, 0xc2, 0x27, 0xa9, 
  0x67, 0xb1, 0x67, 0xa9, 0x67, 0xb1, 0x41, 0x20, 0x00, 0x00, 0x00, 0x00, 
  0x00, 0x00, 0x00, 0x00, 0x00, 0x00, 0x00, 0x00, 0x00, 0x00, 0x00, 0x00, 
  0x00, 0x00, 0x00, 0x00, 0x00, 0x00, 0x00, 0x00, 0x00, 0x00, 0x00, 0x00, 
  0x00, 0x00, 0x00, 0x00, 0x00, 0x00, 0x00, 0x00, 0x00, 0x00, 0x00, 0x00, 
  0x00, 0x00, 0x00, 0x00, 0x00, 0x00, 0x00, 0x00, 0x00, 0x00, 0x00, 0x00, 
  0x00, 0x00, 0x00, 0x00, 0x00, 0x00, 0x00, 0x00, 0x00, 0x00, 0x00, 0x00, 
  0x00, 0x00, 0x00, 0x00, 0x00, 0x00, 0x00, 0x00, 0x00, 0x00, 0x00, 0x00, 
  0x00, 0x00, 0x00, 0x00, 0x00, 0x00, 0x00, 0x00, 0x00, 0x00, 0x00, 0x00, 
  0x06, 0x9c, 0xea, 0xfe, 0x89, 0xfe, 0x89, 0xfe, 0x89, 0xfe, 0x89, 0xfe, 
  0x89, 0xfe, 0xa9, 0xfe, 0xe7, 0xca, 0x47, 0xba, 0xc9, 0xfe, 0xc9, 0xfe, 
  0xc7, 0xc3, 0xe6, 0xa0, 0x41, 0x20, 0x00, 0x00, 0x00, 0x00, 0x00, 0x00, 
  0x00, 0x00, 0x00, 0x00, 0x00, 0x00, 0x20, 0x00, 0x00, 0x00, 0xa5, 0x8b, 
  0x0a, 0xff, 0x69, 0xfe, 0x89, 0xfe, 0x89, 0xfe, 0x89, 0xfe, 0x89, 0xfe, 
  0x89, 0xfe, 0x89, 0xfe, 0x89, 0xfe, 0x89, 0xfe, 0x89, 0xfe, 0xa9, 0xfe, 
  0xa9, 0xfe, 0x89, 0xfe, 0x89, 0xfe, 0x89, 0xfe, 0x89, 0xfe, 0x89, 0xfe, 
  0x69, 0xfe, 0xea, 0xfe, 0x47, 0xcd, 0xc1, 0x18, 0x00, 0x00, 0x00, 0x00, 
  0x00, 0x00, 0x00, 0x00, 0x00, 0x00, 0x00, 0x00, 0x00, 0x00, 0x00, 0x00, 
  0x00, 0x00, 0x00, 0x00, 0x00, 0x00, 0x00, 0x00, 0x00, 0x00, 0x00, 0x00, 
  0x00, 0x00, 0x00, 0x00, 0x00, 0x00, 0x00, 0x00, 0x00, 0x00, 0x00, 0x00, 
  0x00, 0x00, 0x00, 0x00, 0x00, 0x00, 0x00, 0x00, 0x00, 0x00, 0x00, 0x00, 
  0x00, 0x00, 0x00, 0x00, 0x00, 0x00, 0x00, 0x00, 0x00, 0x00, 0x00, 0x00, 
  0x00, 0x00, 0x00, 0x00, 0x00, 0x00, 0x00, 0x00, 0x00, 0x00, 0x00, 0x00, 
  0x00, 0x00, 0x66, 0xac, 0x2a, 0xff, 0x69, 0xfe, 0x69, 0xfe, 0x89, 0xfe, 
  0x89, 0xfe, 0x89, 0xfe, 0x89, 0xfe, 0x89, 0xfe, 0x89, 0xfe, 0x89, 0xfe, 
  0xc9, 0xfe, 0x88, 0xd3, 0x27, 0xa9, 0x67, 0xb1, 0x46, 0x99, 0x42, 0x30, 
  0x43, 0x5a, 0xea, 0xfe, 0x89, 0xfe, 0x89, 0xfe, 0x89, 0xfe, 0x89, 0xfe, 
  0x89, 0xfe, 0x69, 0xfe, 0xea, 0xfe, 0xa8, 0xdd, 0xc1, 0x20, 0x00, 0x00, 
  0x00, 0x00, 0x00, 0x00, 0x00, 0x00, 0x00, 0x00, 0x00, 0x00, 0x00, 0x00, 
  0x00, 0x00, 0x00, 0x00, 0x00, 0x00, 0x00, 0x00, 0x00, 0x00, 0x00, 0x00, 
  0x00, 0x00, 0x00, 0x00, 0x00, 0x00, 0x00, 0x00, 0x00, 0x00, 0x00, 0x00, 
  0x00, 0x00, 0x00, 0x00, 0x00, 0x00, 0x00, 0x00, 0x00, 0x00, 0x00, 0x00, 
  0x00, 0x00, 0x00, 0x00, 0x00, 0x00, 0x00, 0x00, 0x00, 0x00, 0x00, 0x00, 
  0x00, 0x00, 0x00, 0x00, 0x00, 0x00, 0x00, 0x00, 0x00, 0x00, 0x00, 0x00, 
  0x00, 0x00, 0x00, 0x00, 0x00, 0x00, 0x00, 0x00, 0x00, 0x00, 0x00, 0x00, 
  0x00, 0x00, 0x00, 0x00, 0x00, 0x00, 0x00, 0x00, 0x00, 0x00, 0x00, 0x00, 
  0x00, 0x00, 0x00, 0x00, 0x00, 0x00, 0x20, 0x00, 0x00, 0x00, 0x26, 0xa4, 
  0xea, 0xfe, 0x69, 0xfe, 0x89, 0xfe, 0x89, 0xfe, 0x89, 0xfe, 0x89, 0xfe, 
  0x89, 0xfe, 0x69, 0xfe, 0xe9, 0xfe, 0xe8, 0xe4, 0x47, 0xa9, 0x67, 0xb1, 
  0xe5, 0x78, 0x00, 0x00, 0x00, 0x00, 0x00, 0x00, 0x00, 0x00, 0x00, 0x00, 
  0x00, 0x00, 0x00, 0x00, 0x00, 0x00, 0x00, 0x00, 0x00, 0x00, 0x00, 0x00, 
  0x00, 0x00, 0x00, 0x00, 0x00, 0x00, 0x00, 0x00, 0x00, 0x00, 0x00, 0x00, 
  0x00, 0x00, 0x00, 0x00, 0x00, 0x00, 0x00, 0x00, 0x00, 0x00, 0x00, 0x00, 
  0x00, 0x00, 0x00, 0x00, 0x00, 0x00, 0x00, 0x00, 0x00, 0x00, 0x00, 0x00, 
  0x00, 0x00, 0x00, 0x00, 0x00, 0x00, 0x00, 0x00, 0x00, 0x00, 0x00, 0x00, 
  0x00, 0x00, 0x00, 0x00, 0x00, 0x00, 0x00, 0x00, 0x00, 0x00, 0x00, 0x00, 
  0x00, 0x00, 0x00, 0x00, 0x00, 0x00, 0x00, 0x00, 0x00, 0x00, 0x00, 0x00, 
  0x00, 0x00, 0x00, 0x00, 0x00, 0x00, 0x00, 0x00, 0x00, 0x00, 0x00, 0x00, 
  0x00, 0x00, 0x00, 0x00, 0x00, 0x00, 0x00, 0x00, 0x00, 0x00, 0x00, 0x00, 
  0x00, 0x00, 0x00, 0x00, 0x00, 0x00, 0x20, 0x08, 0x46, 0xac, 0xea, 0xfe, 
  0x89, 0xfe, 0x89, 0xfe, 0x89, 0xfe, 0x89, 0xfe, 0x89, 0xfe, 0x89, 0xfe, 
  0x89, 0xfe, 0x89, 0xfe, 0x89, 0xfe, 0x89, 0xfe, 0x89, 0xfe, 0x89, 0xfe, 
  0x69, 0xfe, 0xc9, 0xfe, 0x89, 0xf5, 0x27, 0xba, 0x07, 0xa9, 0x67, 0xb1, 
  0x67, 0xa9, 0x67, 0xb1, 0x27, 0xa9, 0xa7, 0xcb, 0xc9, 0xfe, 0x89, 0xfe, 
  0x89, 0xfe, 0x89, 0xfe, 0x89, 0xfe, 0x89, 0xfe, 0x89, 0xfe, 0x89, 0xfe, 
  0x89, 0xfe, 0xa9, 0xfe, 0x69, 0xfe, 0xa7, 0xc2, 0x27, 0xa9, 0x67, 0xb1, 
  0x67, 0xa9, 0x67, 0xb9, 0x05, 0x81, 0x00, 0x00, 0x00, 0x00, 0x00, 0x00, 
  0x00, 0x00, 0x00, 0x00, 0x00, 0x00, 0x00, 0x00, 0x00, 0x00, 0x00, 0x00, 
  0x00, 0x00, 0x00, 0x00, 0x00, 0x00, 0x00, 0x00, 0x00, 0x00, 0x00, 0x00, 
  0x00, 0x00, 0x00, 0x00, 0x00, 0x00, 0x00, 0x00, 0x00, 0x00, 0x00, 0x00, 
  0x00, 0x00, 0x00, 0x00, 0x00, 0x00, 0x00, 0x00, 0x00, 0x00, 0x00, 0x00, 
  0x00, 0x00, 0x00, 0x00, 0x00, 0x00, 0x00, 0x00, 0x00, 0x00, 0x00, 0x00, 
  0x00, 0x00, 0x00, 0x00, 0x00, 0x00, 0x00, 0x00, 0x00, 0x00, 0x00, 0x00, 
  0x00, 0x00, 0x00, 0x00, 0x00, 0x00, 0x00, 0x00, 0x00, 0x00, 0x00, 0x00, 
  0x66, 0xac, 0xea, 0xfe, 0x89, 0xfe, 0x89, 0xfe, 0x89, 0xfe, 0x89, 0xfe, 
  0xa9, 0xfe, 0x29, 0xfe, 0xe7, 0xb9, 0x88, 0xd3, 0xc9, 0xfe, 0xc9, 0xfe, 
  0xe8, 0xdc, 0x67, 0xb1, 0xa3, 0x58, 0x00, 0x00, 0x00, 0x00, 0x00, 0x00, 
  0x00, 0x00, 0x00, 0x00, 0x00, 0x00, 0x00, 0x00, 0x00, 0x00, 0x26, 0xa4, 
  0x0a, 0xff, 0x69, 0xfe, 0x89, 0xfe, 0x89, 0xfe, 0x89, 0xfe, 0x89, 0xfe, 
  0x89, 0xfe, 0x89, 0xfe, 0x89, 0xfe, 0x69, 0xfe, 0xe9, 0xfe, 0x49, 0xed, 
  0xe8, 0xd3, 0x69, 0xfe, 0x89, 0xfe, 0x89, 0xfe, 0x89, 0xfe, 0x89, 0xfe, 
  0x89, 0xfe, 0x69, 0xfe, 0xea, 0xfe, 0xc7, 0xbc, 0x20, 0x00, 0x00, 0x00, 
  0x00, 0x00, 0x00, 0x00, 0x00, 0x00, 0x00, 0x00, 0x00, 0x00, 0x00, 0x00, 
  0x00, 0x00, 0x00, 0x00, 0x00, 0x00, 0x00, 0x00, 0x00, 0x00, 0x00, 0x00, 
  0x00, 0x00, 0x00, 0x00, 0x00, 0x00, 0x00, 0x00, 0x00, 0x00, 0x00, 0x00, 
  0x00, 0x00, 0x00, 0x00, 0x00, 0x00, 0x00, 0x00, 0x00, 0x00, 0x00, 0x00, 
  0x00, 0x00, 0x00, 0x00, 0x00, 0x00, 0x00, 0x00, 0x00, 0x00, 0x00, 0x00, 
  0x00, 0x00, 0x00, 0x00, 0x00, 0x00, 0x00, 0x00, 0x00, 0x00, 0x00, 0x00, 
  0x00, 0x00, 0x01, 0x29, 0x27, 0xcd, 0xc9, 0xfe, 0xe9, 0xfe, 0xc9, 0xfe, 
  0xa9, 0xfe, 0x89, 0xfe, 0x89, 0xfe, 0x89, 0xfe, 0x89, 0xfe, 0x89, 0xfe, 
  0xc9, 0xfe, 0x28, 0xed, 0x27, 0xb1, 0xc3, 0x58, 0x00, 0x08, 0x00, 0x00, 
  0x00, 0x00, 0x85, 0x8b, 0xc9, 0xfe, 0xa9, 0xfe, 0x89, 0xfe, 0x89, 0xfe, 
  0x89, 0xfe, 0x89, 0xfe, 0x69, 0xfe, 0xea, 0xfe, 0x68, 0xcd, 0xa1, 0x18, 
  0x00, 0x00, 0x00, 0x00, 0x00, 0x00, 0x00, 0x00, 0x00, 0x00, 0x00, 0x00, 
  0x00, 0x00, 0x00, 0x00, 0x00, 0x00, 0x00, 0x00, 0x00, 0x00, 0x00, 0x00, 
  0x00, 0x00, 0x00, 0x00, 0x00, 0x00, 0x00, 0x00, 0x00, 0x00, 0x00, 0x00, 
  0x00, 0x00, 0x00, 0x00, 0x00, 0x00, 0x00, 0x00, 0x00, 0x00, 0x00, 0x00, 
  0x00, 0x00, 0x00, 0x00, 0x00, 0x00, 0x00, 0x00, 0x00, 0x00, 0x00, 0x00, 
  0x00, 0x00, 0x00, 0x00, 0x00, 0x00, 0x00, 0x00, 0x00, 0x00, 0x00, 0x00, 
  0x00, 0x00, 0x00, 0x00, 0x00, 0x00, 0x00, 0x00, 0x00, 0x00, 0x00, 0x00, 
  0x00, 0x00, 0x00, 0x00, 0x00, 0x00, 0x00, 0x00, 0x00, 0x00, 0x00, 0x00, 
  0x00, 0x00, 0x00, 0x00, 0x00, 0x00, 0x20, 0x00, 0x00, 0x00, 0x86, 0xb4, 
  0x0a, 0xff, 0x69, 0xfe, 0x89, 0xfe, 0x89, 0xfe, 0x89, 0xfe, 0x89, 0xfe, 
  0x89, 0xfe, 0x89, 0xfe, 0xa9, 0xfe, 0x48, 0xcb, 0x06, 0xa9, 0x87, 0xb1, 
  0x05, 0x81, 0x00, 0x00, 0x00, 0x00, 0x00, 0x00, 0x00, 0x00, 0x00, 0x00, 
  0x00, 0x00, 0x00, 0x00, 0x00, 0x00, 0x00, 0x00, 0x00, 0x00, 0x00, 0x00, 
  0x00, 0x00, 0x00, 0x00, 0x00, 0x00, 0x00, 0x00, 0x00, 0x00, 0x00, 0x00, 
  0x00, 0x00, 0x00, 0x00, 0x00, 0x00, 0x00, 0x00, 0x00, 0x00, 0x00, 0x00, 
  0x00, 0x00, 0x00, 0x00, 0x00, 0x00, 0x00, 0x00, 0x00, 0x00, 0x00, 0x00, 
  0x00, 0x00, 0x00, 0x00, 0x00, 0x00, 0x00, 0x00, 0x00, 0x00, 0x00, 0x00, 
  0x00, 0x00, 0x00, 0x00, 0x00, 0x00, 0x00, 0x00, 0x00, 0x00, 0x00, 0x00, 
  0x00, 0x00, 0x00, 0x00, 0x00, 0x00, 0x00, 0x00, 0x00, 0x00, 0x00, 0x00, 
  0x00, 0x00, 0x00, 0x00, 0x00, 0x00, 0x00, 0x00, 0x00, 0x00, 0x00, 0x00, 
  0x00, 0x00, 0x00, 0x00, 0x00, 0x00, 0x00, 0x00, 0x00, 0x00, 0x00, 0x00, 
  0x00, 0x00, 0x00, 0x00, 0x00, 0x00, 0x24, 0x7b, 0x0a, 0xff, 0x69, 0xfe, 
  0x89, 0xfe, 0x89, 0xfe, 0x89, 0xfe, 0x89, 0xfe, 0x89, 0xfe, 0x89, 0xfe, 
  0x89, 0xfe, 0x89, 0xfe, 0x89, 0xfe, 0x89, 0xfe, 0x89, 0xfe, 0x89, 0xfe, 
  0xe9, 0xfe, 0x28, 0xed, 0xc7, 0xb1, 0x27, 0xa9, 0x67, 0xb1, 0x47, 0xa9, 
  0x67, 0xb1, 0x27, 0xa9, 0x25, 0x92, 0x69, 0xf6, 0x89, 0xfe, 0x89, 0xfe, 
  0x89, 0xfe, 0x89, 0xfe, 0x89, 0xfe, 0x89, 0xfe, 0x89, 0xfe, 0x89, 0xfe, 
  0x89, 0xfe, 0x89, 0xfe, 0x08, 0xcb, 0x07, 0xa9, 0x67, 0xb1, 0x67, 0xa9, 
  0x67, 0xb1, 0x46, 0xa9, 0x41, 0x20, 0x00, 0x00, 0x00, 0x00, 0x00, 0x00, 
  0x00, 0x00, 0x00, 0x00, 0x00, 0x00, 0x00, 0x00, 0x00, 0x00, 0x00, 0x00, 
  0x00, 0x00, 0x00, 0x00, 0x00, 0x00, 0x00, 0x00, 0x00, 0x00, 0x00, 0x00, 
  0x00, 0x00, 0x00, 0x00, 0x00, 0x00, 0x00, 0x00, 0x00, 0x00, 0x00, 0x00, 
  0x00, 0x00, 0x00, 0x00, 0x00, 0x00, 0x00, 0x00, 0x00, 0x00, 0x00, 0x00, 
  0x00, 0x00, 0x00, 0x00, 0x00, 0x00, 0x00, 0x00, 0x00, 0x00, 0x00, 0x00, 
  0x00, 0x00, 0x00, 0x00, 0x00, 0x00, 0x00, 0x00, 0x00, 0x00, 0x00, 0x00, 
  0x00, 0x00, 0x00, 0x00, 0x00, 0x00, 0x00, 0x00, 0x00, 0x00, 0x00, 0x00, 
  0xa6, 0xb4, 0xea, 0xfe, 0x69, 0xfe, 0x89, 0xfe, 0x89, 0xfe, 0x89, 0xfe, 
  0xc9, 0xfe, 0x69, 0xed, 0x47, 0xb1, 0xa9, 0xf5, 0xa9, 0xfe, 0xa9, 0xfe, 
  0xc9, 0xed, 0x07, 0xc2, 0xe5, 0x78, 0x00, 0x00, 0x00, 0x00, 0x00, 0x00, 
  0x00, 0x00, 0x00, 0x00, 0x00, 0x00, 0x00, 0x00, 0xa2, 0x41, 0xa8, 0xdd, 
  0xa9, 0xfe, 0x89, 0xfe, 0x89, 0xfe, 0x89, 0xfe, 0x89, 0xfe, 0x89, 0xfe, 
  0x89, 0xfe, 0x89, 0xfe, 0x89, 0xfe, 0xc9, 0xfe, 0x69, 0xed, 0x87, 0xb1, 
  0xe7, 0xb9, 0x49, 0xfe, 0xa9, 0xfe, 0x89, 0xfe, 0x89, 0xfe, 0x89, 0xfe, 
  0x89, 0xfe, 0x89, 0xfe, 0x89, 0xfe, 0xca, 0xfe, 0x63, 0x6a, 0x00, 0x00, 
  0x00, 0x00, 0x00, 0x00, 0x00, 0x00, 0x00, 0x00, 0x00, 0x00, 0x00, 0x00, 
  0x00, 0x00, 0x00, 0x00, 0x00, 0x00, 0x00, 0x00, 0x00, 0x00, 0x00, 0x00, 
  0x00, 0x00, 0x00, 0x00, 0x00, 0x00, 0x00, 0x00, 0x00, 0x00, 0x00, 0x00, 
  0x00, 0x00, 0x00, 0x00, 0x00, 0x00, 0x00, 0x00, 0x00, 0x00, 0x00, 0x00, 
  0x00, 0x00, 0x00, 0x00, 0x00, 0x00, 0x00, 0x00, 0x00, 0x00, 0x00, 0x00, 
  0x00, 0x00, 0x00, 0x00, 0x00, 0x00, 0x00, 0x00, 0x00, 0x00, 0x00, 0x00, 
  0x00, 0x00, 0x00, 0x00, 0x40, 0x08, 0x84, 0x7a, 0x48, 0xdc, 0x28, 0xed, 
  0x29, 0xfe, 0xa9, 0xfe, 0x89, 0xfe, 0x89, 0xfe, 0x89, 0xfe, 0x89, 0xfe, 
  0xc9, 0xfe, 0xc9, 0xf5, 0xc7, 0xb9, 0xa3, 0x58, 0x00, 0x00, 0x00, 0x00, 
  0x00, 0x00, 0x00, 0x00, 0x23, 0x52, 0xe8, 0xe5, 0xc9, 0xfe, 0x89, 0xfe, 
  0x89, 0xfe, 0x89, 0xfe, 0x89, 0xfe, 0x69, 0xfe, 0xca, 0xfe, 0xa8, 0xdd, 
  0x82, 0x39, 0x00, 0x00, 0x00, 0x00, 0x00, 0x00, 0x40, 0x08, 0x00, 0x00, 
  0x00, 0x00, 0x00, 0x00, 0x00, 0x00, 0x00, 0x00, 0x00, 0x00, 0x00, 0x00, 
  0x00, 0x00, 0x00, 0x00, 0x00, 0x00, 0x00, 0x00, 0x00, 0x00, 0x00, 0x00, 
  0x00, 0x00, 0x00, 0x00, 0x00, 0x00, 0x00, 0x00, 0x00, 0x00, 0x00, 0x00, 
  0x00, 0x00, 0x00, 0x00, 0x00, 0x00, 0x00, 0x00, 0x00, 0x00, 0x00, 0x00, 
  0x00, 0x00, 0x00, 0x00, 0x00, 0x00, 0x00, 0x00, 0x00, 0x00, 0x00, 0x00, 
  0x00, 0x00, 0x00, 0x00, 0x00, 0x00, 0x00, 0x00, 0x00, 0x00, 0x00, 0x00, 
  0x00, 0x00, 0x00, 0x00, 0x00, 0x00, 0x00, 0x00, 0x00, 0x00, 0x00, 0x00, 
  0x00, 0x00, 0x00, 0x00, 0x00, 0x00, 0x00, 0x00, 0x00, 0x00, 0xc7, 0xbc, 
  0xea, 0xfe, 0x69, 0xfe, 0x89, 0xfe, 0x89, 0xfe, 0x89, 0xfe, 0x89, 0xfe, 
  0x89, 0xfe, 0xa9, 0xfe, 0xe9, 0xf5, 0xa7, 0xb1, 0x47, 0xa9, 0x67, 0xb1, 
  0x05, 0x79, 0x00, 0x00, 0x00, 0x00, 0x00, 0x00, 0x00, 0x00, 0x00, 0x00, 
  0x00, 0x00, 0x00, 0x00, 0x00, 0x00, 0x00, 0x00, 0x00, 0x00, 0x00, 0x00, 
  0x00, 0x00, 0x00, 0x00, 0x60, 0x08, 0x21, 0x29, 0x03, 0x52, 0x24, 0x7b, 
  0xe5, 0x9b, 0x66, 0xac, 0x86, 0xb4, 0x46, 0xac, 0xc5, 0x93, 0xa3, 0x62, 
  0x62, 0x31, 0x40, 0x08, 0x00, 0x00, 0x00, 0x00, 0x00, 0x00, 0x00, 0x00, 
  0x00, 0x00, 0x00, 0x00, 0x00, 0x00, 0x00, 0x00, 0x00, 0x00, 0x00, 0x00, 
  0x00, 0x00, 0x00, 0x00, 0x00, 0x00, 0x00, 0x00, 0x00, 0x00, 0x00, 0x00, 
  0x00, 0x00, 0x00, 0x00, 0x00, 0x00, 0x00, 0x00, 0x00, 0x00, 0x00, 0x00, 
  0x00, 0x00, 0x00, 0x00, 0x00, 0x00, 0x00, 0x00, 0x00, 0x00, 0x00, 0x00, 
  0x00, 0x00, 0x00, 0x00, 0x00, 0x00, 0x00, 0x00, 0x00, 0x00, 0x00, 0x00, 
  0x00, 0x00, 0x00, 0x00, 0x60, 0x10, 0x08, 0xee, 0xa9, 0xfe, 0x89, 0xfe, 
  0x89, 0xfe, 0x89, 0xfe, 0x89, 0xfe, 0x89, 0xfe, 0x89, 0xfe, 0x89, 0xfe, 
  0x89, 0xfe, 0x89, 0xfe, 0x89, 0xfe, 0x89, 0xfe, 0x89, 0xfe, 0xe9, 0xfe, 
  0xe8, 0xe4, 0x87, 0xb1, 0x47, 0xa9, 0x67, 0xb1, 0x47, 0xa9, 0x67, 0xb1, 
  0x46, 0xa9, 0xe3, 0x50, 0x67, 0xcd, 0xca, 0xfe, 0x89, 0xfe, 0x89, 0xfe, 
  0x89, 0xfe, 0x89, 0xfe, 0x89, 0xfe, 0x89, 0xfe, 0x89, 0xfe, 0x89, 0xfe, 
  0xc9, 0xfe, 0xa8, 0xd3, 0x07, 0xa9, 0x67, 0xb1, 0x67, 0xa9, 0x67, 0xb1, 
  0x47, 0xa9, 0x62, 0x30, 0x00, 0x00, 0x00, 0x00, 0x00, 0x00, 0x00, 0x00, 
  0x00, 0x00, 0x00, 0x00, 0x00, 0x00, 0x00, 0x00, 0x00, 0x00, 0x00, 0x00, 
  0x00, 0x00, 0x00, 0x00, 0x00, 0x00, 0x00, 0x00, 0x00, 0x00, 0x00, 0x00, 
  0x00, 0x00, 0x00, 0x00, 0x00, 0x00, 0x00, 0x00, 0x00, 0x00, 0x00, 0x00, 
  0x00, 0x00, 0x00, 0x00, 0x00, 0x00, 0x00, 0x00, 0x00, 0x00, 0x00, 0x00, 
  0x00, 0x00, 0x00, 0x00, 0x00, 0x00, 0x00, 0x00, 0x00, 0x00, 0x00, 0x00, 
  0x00, 0x00, 0x00, 0x00, 0x00, 0x00, 0x00, 0x00, 0x00, 0x00, 0x00, 0x00, 
  0x00, 0x00, 0x00, 0x00, 0x00, 0x00, 0x00, 0x00, 0x00, 0x00, 0x00, 0x00, 
  0xc7, 0xbc, 0xea, 0xfe, 0x69, 0xfe, 0x89, 0xfe, 0x89, 0xfe, 0x89, 0xfe, 
  0xc9, 0xfe, 0x68, 0xdc, 0x48, 0xdc, 0xc9, 0xfe, 0x89, 0xfe, 0x89, 0xfe, 
  0x89, 0xfe, 0x47, 0xba, 0x06, 0xa1, 0x41, 0x18, 0x00, 0x00, 0x00, 0x00, 
  0x00, 0x00, 0x00, 0x00, 0x21, 0x31, 0x86, 0xac, 0x89, 0xfe, 0xa9, 0xfe, 
  0x89, 0xfe, 0x89, 0xfe, 0x89, 0xfe, 0x89, 0xfe, 0x89, 0xfe, 0x89, 0xfe, 
  0x89, 0xfe, 0x69, 0xfe, 0xc9, 0xfe, 0x69, 0xed, 0xc7, 0xb1, 0xe6, 0xa8, 
  0xa8, 0xd3, 0xc9, 0xfe, 0x89, 0xfe, 0x89, 0xfe, 0x89, 0xfe, 0x89, 0xfe, 
  0x89, 0xfe, 0x89, 0xfe, 0x69, 0xfe, 0xc9, 0xfe, 0xa8, 0xcb, 0x22, 0x30, 
  0x00, 0x00, 0x00, 0x00, 0x00, 0x00, 0x00, 0x00, 0x00, 0x00, 0x00, 0x00, 
  0x00, 0x00, 0x00, 0x00, 0x00, 0x00, 0x00, 0x00, 0x00, 0x00, 0x00, 0x00, 
  0x00, 0x00, 0x00, 0x00, 0x00, 0x00, 0x00, 0x00, 0x00, 0x00, 0x00, 0x00, 
  0x00, 0x00, 0x00, 0x00, 0x00, 0x00, 0x00, 0x00, 0x00, 0x00, 0x00, 0x00, 
  0x00, 0x00, 0x00, 0x00, 0x00, 0x00, 0x00, 0x00, 0x00, 0x00, 0x00, 0x00, 
  0x00, 0x00, 0x00, 0x00, 0x00, 0x00, 0x00, 0x00, 0x00, 0x00, 0x00, 0x00, 
  0x00, 0x00, 0x00, 0x00, 0x00, 0x00, 0x00, 0x10, 0x26, 0xa9, 0x87, 0xb1, 
  0xa7, 0xb1, 0x48, 0xdc, 0xa9, 0xfe, 0x89, 0xfe, 0x89, 0xfe, 0x89, 0xfe, 
  0xa9, 0xfe, 0x29, 0xfe, 0x47, 0xc2, 0x06, 0x99, 0x20, 0x10, 0x00, 0x00, 
  0x00, 0x00, 0x00, 0x00, 0x00, 0x00, 0x85, 0x81, 0xe9, 0xfd, 0xa9, 0xfe, 
  0x89, 0xfe, 0x89, 0xfe, 0x89, 0xfe, 0x89, 0xfe, 0x69, 0xfe, 0xca, 0xfe, 
  0x29, 0xf6, 0x65, 0x83, 0x46, 0xac, 0xc8, 0xe5, 0x08, 0xee, 0x27, 0xcd, 
  0xe4, 0x72, 0xc1, 0x18, 0x00, 0x00, 0x00, 0x00, 0x00, 0x00, 0x00, 0x00, 
  0x00, 0x00, 0x00, 0x00, 0x00, 0x00, 0x00, 0x00, 0x00, 0x00, 0x00, 0x00, 
  0x00, 0x00, 0x00, 0x00, 0x00, 0x00, 0x00, 0x00, 0x00, 0x00, 0x00, 0x00, 
  0x00, 0x00, 0x00, 0x00, 0x00, 0x00, 0x00, 0x00, 0x00, 0x00, 0x00, 0x00, 
  0x00, 0x00, 0x00, 0x00, 0x00, 0x00, 0x00, 0x00, 0x00, 0x00, 0x00, 0x00, 
  0x00, 0x00, 0x00, 0x00, 0x00, 0x00, 0x00, 0x00, 0x00, 0x00, 0x00, 0x00, 
  0x00, 0x00, 0x00, 0x00, 0x00, 0x00, 0x00, 0x00, 0x00, 0x00, 0x00, 0x00, 
  0x00, 0x00, 0x00, 0x00, 0x00, 0x00, 0x00, 0x00, 0x00, 0x00, 0x07, 0xc5, 
  0xea, 0xfe, 0x69, 0xfe, 0x89, 0xfe, 0x89, 0xfe, 0x89, 0xfe, 0x89, 0xfe, 
  0x89, 0xfe, 0xc9, 0xfe, 0xa8, 0xe4, 0x27, 0xa9, 0x67, 0xa9, 0x67, 0xb9, 
  0xa3, 0x58, 0x00, 0x00, 0x00, 0x00, 0x00, 0x00, 0x00, 0x00, 0x00, 0x00, 
  0x00, 0x00, 0x00, 0x00, 0x00, 0x00, 0x00, 0x00, 0x00, 0x00, 0x40, 0x08, 
  0x23, 0x52, 0xc5, 0x93, 0x47, 0xcd, 0x69, 0xfe, 0xea, 0xfe, 0xea, 0xfe, 
  0xca, 0xfe, 0xca, 0xfe, 0xca, 0xfe, 0xca, 0xfe, 0xca, 0xfe, 0xea, 0xfe, 
  0xa9, 0xfe, 0x27, 0xc5, 0xa3, 0x62, 0x20, 0x00, 0x00, 0x00, 0x00, 0x00, 
  0x00, 0x00, 0x00, 0x00, 0x00, 0x00, 0x00, 0x00, 0x00, 0x00, 0x00, 0x00, 
  0x00, 0x00, 0x00, 0x00, 0x00, 0x00, 0x00, 0x00, 0x00, 0x00, 0x00, 0x00, 
  0x00, 0x00, 0x00, 0x00, 0x00, 0x00, 0x00, 0x00, 0x00, 0x00, 0x00, 0x00, 
  0x00, 0x00, 0x00, 0x00, 0x00, 0x00, 0x00, 0x00, 0x00, 0x00, 0x00, 0x00, 
  0x00, 0x00, 0x00, 0x00, 0x00, 0x00, 0x00, 0x00, 0x00, 0x00, 0x00, 0x00, 
  0x00, 0x00, 0x00, 0x00, 0xe2, 0x49, 0x89, 0xfe, 0x89, 0xfe, 0x89, 0xfe, 
  0x89, 0xfe, 0x89, 0xfe, 0x89, 0xfe, 0x89, 0xfe, 0x89, 0xfe, 0x89, 0xfe, 
  0x89, 0xfe, 0x89, 0xfe, 0x89, 0xfe, 0x89, 0xfe, 0xc9, 0xfe, 0xa8, 0xe4, 
  0x67, 0xb1, 0x47, 0xa9, 0x67, 0xb1, 0x47, 0xa9, 0x67, 0xb9, 0x46, 0xa1, 
  0x01, 0x20, 0xc5, 0x8b, 0xea, 0xfe, 0x69, 0xfe, 0x89, 0xfe, 0x89, 0xfe, 
  0x89, 0xfe, 0x89, 0xfe, 0x89, 0xfe, 0x89, 0xfe, 0x89, 0xfe, 0xc9, 0xfe, 
  0x68, 0xdc, 0x27, 0xa9, 0x67, 0xb1, 0x67, 0xa9, 0x67, 0xb1, 0x67, 0xb1, 
  0x62, 0x30, 0x00, 0x00, 0x00, 0x00, 0x00, 0x00, 0x00, 0x00, 0x00, 0x00, 
  0x00, 0x00, 0x00, 0x00, 0x00, 0x00, 0x00, 0x00, 0x00, 0x00, 0x00, 0x00, 
  0x00, 0x00, 0x00, 0x00, 0x00, 0x00, 0x00, 0x00, 0x00, 0x00, 0x00, 0x00, 
  0x00, 0x00, 0x00, 0x00, 0x00, 0x00, 0x00, 0x00, 0x00, 0x00, 0x00, 0x00, 
  0x00, 0x00, 0x00, 0x00, 0x00, 0x00, 0x00, 0x00, 0x00, 0x00, 0x00, 0x00, 
  0x00, 0x00, 0x00, 0x00, 0x00, 0x00, 0x00, 0x00, 0x00, 0x00, 0x00, 0x00, 
  0x00, 0x00, 0x00, 0x00, 0x00, 0x00, 0x00, 0x00, 0x20, 0x00, 0x00, 0x00, 
  0x00, 0x00, 0x00, 0x00, 0x00, 0x00, 0x00, 0x00, 0x00, 0x00, 0x00, 0x00, 
  0x07, 0xc5, 0xea, 0xfe, 0x69, 0xfe, 0x89, 0xfe, 0x89, 0xfe, 0x89, 0xfe, 
  0x89, 0xfe, 0x29, 0xfe, 0xa9, 0xfe, 0x89, 0xfe, 0x89, 0xfe, 0x89, 0xfe, 
  0xa9, 0xfe, 0x67, 0xba, 0x27, 0xb9, 0x82, 0x38, 0x00, 0x00, 0x00, 0x00, 
  0x20, 0x08, 0x65, 0x83, 0x69, 0xf6, 0xca, 0xfe, 0x89, 0xfe, 0x89, 0xfe, 
  0x89, 0xfe, 0x89, 0xfe, 0x89, 0xfe, 0x89, 0xfe, 0x89, 0xfe, 0x89, 0xfe, 
  0x89, 0xfe, 0xc9, 0xfe, 0x69, 0xed, 0xc7, 0xb1, 0x27, 0xa9, 0xa7, 0xb1, 
  0x89, 0xf5, 0xc9, 0xfe, 0x89, 0xfe, 0x89, 0xfe, 0x89, 0xfe, 0x89, 0xfe, 
  0x89, 0xfe, 0x89, 0xfe, 0xc9, 0xfe, 0xa9, 0xf5, 0xa7, 0xb9, 0x47, 0xa9, 
  0x61, 0x28, 0x00, 0x00, 0x00, 0x00, 0x00, 0x00, 0x00, 0x00, 0x00, 0x00, 
  0x00, 0x00, 0x00, 0x00, 0x00, 0x00, 0x00, 0x00, 0x00, 0x00, 0x00, 0x00, 
  0x00, 0x00, 0x00, 0x00, 0x00, 0x00, 0x00, 0x00, 0x00, 0x00, 0x00, 0x00, 
  0x00, 0x00, 0x00, 0x00, 0x00, 0x00, 0x00, 0x00, 0x00, 0x00, 0x00, 0x00, 
  0x00, 0x00, 0x00, 0x00, 0x00, 0x00, 0x00, 0x00, 0x00, 0x00, 0x00, 0x00, 
  0x00, 0x00, 0x00, 0x00, 0x00, 0x00, 0x00, 0x00, 0x00, 0x00, 0x00, 0x00, 
  0x00, 0x00, 0x00, 0x00, 0x00, 0x00, 0x00, 0x00, 0xc4, 0x68, 0x87, 0xb9, 
  0x27, 0xb1, 0xe7, 0xb9, 0xe9, 0xf5, 0xa9, 0xfe, 0x89, 0xfe, 0x89, 0xfe, 
  0xa9, 0xfe, 0x49, 0xfe, 0x87, 0xc2, 0x27, 0xb1, 0x82, 0x40, 0x00, 0x00, 
  0x00, 0x00, 0x00, 0x00, 0x20, 0x00, 0x01, 0x28, 0x88, 0xcb, 0x09, 0xff, 
  0x69, 0xfe, 0x89, 0xfe, 0x89, 0xfe, 0x89, 0xfe, 0x89, 0xfe, 0x89, 0xfe, 
  0xa9, 0xfe, 0xea, 0xfe, 0xca, 0xfe, 0xc9, 0xfe, 0xa9, 0xfe, 0xc9, 0xfe, 
  0xea, 0xfe, 0x08, 0xe6, 0x43, 0x5a, 0x00, 0x00, 0x00, 0x00, 0x00, 0x00, 
  0x00, 0x00, 0x00, 0x00, 0x00, 0x00, 0x00, 0x00, 0x00, 0x00, 0x00, 0x00, 
  0x00, 0x00, 0x00, 0x00, 0x00, 0x00, 0x00, 0x00, 0x00, 0x00, 0x00, 0x00, 
  0x00, 0x00, 0x00, 0x00, 0x00, 0x00, 0x00, 0x00, 0x00, 0x00, 0x00, 0x00, 
  0x00, 0x00, 0x00, 0x00, 0x00, 0x00, 0x00, 0x00, 0x00, 0x00, 0x00, 0x00, 
  0x00, 0x00, 0x00, 0x00, 0x00, 0x00, 0x00, 0x00, 0x00, 0x00, 0x00, 0x00, 
  0x00, 0x00, 0x00, 0x00, 0x00, 0x00, 0x00, 0x00, 0x00, 0x00, 0x00, 0x00, 
  0x00, 0x00, 0x00, 0x00, 0x00, 0x00, 0x00, 0x00, 0x40, 0x08, 0x47, 0xcd, 
  0xca, 0xfe, 0x89, 0xfe, 0x89, 0xfe, 0x89, 0xfe, 0x89, 0xfe, 0x89, 0xfe, 
  0x89, 0xfe, 0xc9, 0xfe, 0x68, 0xcb, 0x27, 0xa9, 0x67, 0xa9, 0x67, 0xb1, 
  0x41, 0x28, 0x00, 0x00, 0x00, 0x00, 0x00, 0x00, 0x00, 0x00, 0x00, 0x00, 
  0x00, 0x00, 0x00, 0x00, 0x60, 0x10, 0xa2, 0x39, 0xe5, 0x93, 0xc8, 0xe5, 
  0x89, 0xfe, 0x0a, 0xff, 0xca, 0xfe, 0x89, 0xfe, 0x69, 0xfe, 0x89, 0xfe, 
  0x89, 0xfe, 0x89, 0xfe, 0x89, 0xfe, 0x89, 0xfe, 0x89, 0xfe, 0x69, 0xfe, 
  0x89, 0xfe, 0xca, 0xfe, 0xea, 0xfe, 0x07, 0xc5, 0x01, 0x29, 0x00, 0x00, 
  0x00, 0x00, 0x00, 0x00, 0x00, 0x00, 0x00, 0x00, 0x00, 0x00, 0x00, 0x00, 
  0x00, 0x00, 0x00, 0x00, 0x00, 0x00, 0x00, 0x00, 0x00, 0x00, 0x00, 0x00, 
  0x00, 0x00, 0x00, 0x00, 0x00, 0x00, 0x00, 0x00, 0x00, 0x00, 0x00, 0x00, 
  0x00, 0x00, 0x00, 0x00, 0x00, 0x00, 0x00, 0x00, 0x00, 0x00, 0x00, 0x00, 
  0x00, 0x00, 0x00, 0x00, 0x00, 0x00, 0x00, 0x00, 0x00, 0x00, 0x00, 0x00, 
  0x00, 0x00, 0x00, 0x00, 0xa3, 0x62, 0xa9, 0xfe, 0x89, 0xfe, 0x89, 0xfe, 
  0x89, 0xfe, 0x89, 0xfe, 0x89, 0xfe, 0x89, 0xfe, 0x89, 0xfe, 0x89, 0xfe, 
  0x89, 0xfe, 0x89, 0xfe, 0x89, 0xfe, 0xe9, 0xfe, 0x88, 0xdc, 0x47, 0xa9, 
  0x47, 0xa9, 0x67, 0xb1, 0x47, 0xa9, 0x67, 0xb9, 0x26, 0x91, 0x00, 0x10, 
  0x22, 0x4a, 0xca, 0xfe, 0x89, 0xfe, 0x89, 0xfe, 0x89, 0xfe, 0x89, 0xfe, 
  0x89, 0xfe, 0x89, 0xfe, 0x89, 0xfe, 0x89, 0xfe, 0xc9, 0xfe, 0x28, 0xed, 
  0x67, 0xb1, 0x47, 0xa9, 0x67, 0xb1, 0x67, 0xb1, 0x67, 0xb1, 0x82, 0x40, 
  0x00, 0x00, 0x00, 0x00, 0x00, 0x00, 0x00, 0x00, 0x00, 0x00, 0x00, 0x00, 
  0x00, 0x00, 0x00, 0x00, 0x00, 0x00, 0x00, 0x00, 0x00, 0x00, 0x00, 0x00, 
  0x00, 0x00, 0x00, 0x00, 0x00, 0x00, 0x00, 0x00, 0x00, 0x00, 0x00, 0x00, 
  0x00, 0x00, 0x00, 0x00, 0x00, 0x00, 0x00, 0x00, 0x00, 0x00, 0x00, 0x00, 
  0x00, 0x00, 0x00, 0x00, 0x00, 0x00, 0x00, 0x00, 0x00, 0x00, 0x00, 0x00, 
  0x00, 0x00, 0x00, 0x00, 0x00, 0x00, 0x00, 0x00, 0x00, 0x00, 0x00, 0x00, 
  0x00, 0x00, 0x00, 0x00, 0x00, 0x00, 0x00, 0x00, 0x00, 0x00, 0x00, 0x00, 
  0x00, 0x00, 0x00, 0x00, 0x00, 0x00, 0x00, 0x00, 0x00, 0x00, 0x00, 0x00, 
  0x07, 0xc5, 0xea, 0xfe, 0x69, 0xfe, 0x89, 0xfe, 0x89, 0xfe, 0x89, 0xfe, 
  0x89, 0xfe, 0xa9, 0xfe, 0x89, 0xfe, 0x89, 0xfe, 0x89, 0xfe, 0x89, 0xfe, 
  0x69, 0xfe, 0x27, 0xba, 0x27, 0xb1, 0xe4, 0x68, 0x00, 0x00, 0x01, 0x29, 
  0x27, 0xc5, 0xea, 0xfe, 0xa9, 0xfe, 0x69, 0xfe, 0x89, 0xfe, 0x89, 0xfe, 
  0x89, 0xfe, 0x89, 0xfe, 0x89, 0xfe, 0x89, 0xfe, 0x89, 0xfe, 0x69, 0xfe, 
  0xc9, 0xfe, 0x89, 0xed, 0xc7, 0xb1, 0x47, 0xa9, 0x27, 0xa9, 0x68, 0xcb, 
  0xc9, 0xfe, 0x89, 0xfe, 0x89, 0xfe, 0x89, 0xfe, 0x89, 0xfe, 0x89, 0xfe, 
  0x89, 0xfe, 0x89, 0xfe, 0x89, 0xfe, 0xa7, 0xc2, 0x06, 0xa9, 0x87, 0xb9, 
  0x25, 0x91, 0x00, 0x08, 0x00, 0x00, 0x00, 0x00, 0x00, 0x00, 0x00, 0x00, 
  0x00, 0x00, 0x00, 0x00, 0x00, 0x00, 0x00, 0x00, 0x00, 0x00, 0x00, 0x00, 
  0x00, 0x00, 0x00, 0x00, 0x00, 0x00, 0x00, 0x00, 0x00, 0x00, 0x00, 0x00, 
  0x00, 0x00, 0x00, 0x00, 0x00, 0x00, 0x00, 0x00, 0x00, 0x00, 0x00, 0x00, 
  0x00, 0x00, 0x00, 0x00, 0x00, 0x00, 0x00, 0x00, 0x00, 0x00, 0x00, 0x00, 
  0x00, 0x00, 0x00, 0x00, 0x00, 0x00, 0x00, 0x00, 0x00, 0x00, 0x00, 0x00, 
  0x00, 0x00, 0x00, 0x00, 0x00, 0x00, 0x00, 0x00, 0x00, 0x00, 0xa3, 0x48, 
  0x05, 0x89, 0x27, 0xaa, 0x29, 0xfe, 0xa9, 0xfe, 0x89, 0xfe, 0x89, 0xfe, 
  0xa9, 0xfe, 0x49, 0xfe, 0x87, 0xba, 0x47, 0xb9, 0xc4, 0x60, 0x00, 0x00, 
  0x00, 0x00, 0x00, 0x00, 0x00, 0x00, 0x00, 0x00, 0x43, 0x62, 0x0a, 0xff, 
  0x69, 0xfe, 0x89, 0xfe, 0x89, 0xfe, 0x89, 0xfe, 0x89, 0xfe, 0x89, 0xfe, 
  0x89, 0xfe, 0x89, 0xfe, 0x89, 0xfe, 0x89, 0xfe, 0x89, 0xfe, 0x89, 0xfe, 
  0x69, 0xfe, 0xc9, 0xfe, 0x89, 0xfe, 0xa2, 0x41, 0x00, 0x00, 0x00, 0x00, 
  0x00, 0x00, 0x00, 0x00, 0x00, 0x00, 0x00, 0x00, 0x00, 0x00, 0x00, 0x00, 
  0x00, 0x00, 0x00, 0x00, 0x00, 0x00, 0x00, 0x00, 0x00, 0x00, 0x00, 0x00, 
  0x00, 0x00, 0x00, 0x00, 0x00, 0x00, 0x00, 0x00, 0x00, 0x00, 0x00, 0x00, 
  0x00, 0x00, 0x00, 0x00, 0x00, 0x00, 0x00, 0x00, 0x00, 0x00, 0x00, 0x00, 
  0x00, 0x00, 0x00, 0x00, 0x00, 0x00, 0x00, 0x00, 0x00, 0x00, 0x00, 0x00, 
  0x00, 0x00, 0x00, 0x00, 0x00, 0x00, 0x00, 0x00, 0x00, 0x00, 0x00, 0x00, 
  0x00, 0x00, 0x00, 0x00, 0x00, 0x00, 0x00, 0x00, 0x80, 0x10, 0x88, 0xd5, 
  0xc9, 0xfe, 0x89, 0xfe, 0x89, 0xfe, 0x89, 0xfe, 0x89, 0xfe, 0x89, 0xfe, 
  0x89, 0xfe, 0xc9, 0xfe, 0x87, 0xc2, 0x26, 0xa9, 0x87, 0xb9, 0x05, 0x89, 
  0x20, 0x08, 0x00, 0x00, 0x00, 0x00, 0x00, 0x00, 0x00, 0x00, 0x00, 0x00, 
  0xc2, 0x41, 0x85, 0x8b, 0x67, 0xd5, 0xca, 0xfe, 0xca, 0xfe, 0xc9, 0xfe, 
  0x89, 0xfe, 0x69, 0xfe, 0x89, 0xfe, 0x89, 0xfe, 0x89, 0xfe, 0x89, 0xfe, 
  0x89, 0xfe, 0x89, 0xfe, 0x89, 0xfe, 0x89, 0xfe, 0x89, 0xfe, 0x89, 0xfe, 
  0x89, 0xfe, 0x69, 0xfe, 0x89, 0xfe, 0xea, 0xfe, 0xc8, 0xe5, 0xe1, 0x20, 
  0x00, 0x00, 0x00, 0x00, 0x00, 0x00, 0x00, 0x00, 0x00, 0x00, 0x00, 0x00, 
  0x00, 0x00, 0x00, 0x00, 0x00, 0x00, 0x00, 0x00, 0x00, 0x00, 0x00, 0x00, 
  0x00, 0x00, 0x00, 0x00, 0x00, 0x00, 0x00, 0x00, 0x00, 0x00, 0x00, 0x00, 
  0x00, 0x00, 0x00, 0x00, 0x00, 0x00, 0x00, 0x00, 0x00, 0x00, 0x00, 0x00, 
  0x00, 0x00, 0x00, 0x00, 0x00, 0x00, 0x00, 0x00, 0x00, 0x00, 0x00, 0x00, 
  0x00, 0x00, 0x00, 0x00, 0xa3, 0x6a, 0xa9, 0xfe, 0x89, 0xfe, 0x89, 0xfe, 
  0x89, 0xfe, 0x89, 0xfe, 0x89, 0xfe, 0x89, 0xfe, 0x89, 0xfe, 0x89, 0xfe, 
  0x89, 0xfe, 0x89, 0xfe, 0xc9, 0xfe, 0x88, 0xe4, 0x47, 0xa9, 0x47, 0xb1, 
  0x67, 0xb1, 0x47, 0xa9, 0x67, 0xb9, 0x25, 0x89, 0x20, 0x10, 0xc1, 0x18, 
  0xe8, 0xed, 0xa9, 0xfe, 0x89, 0xfe, 0x89, 0xfe, 0x89, 0xfe, 0x89, 0xfe, 
  0x89, 0xfe, 0x89, 0xfe, 0x89, 0xfe, 0xa9, 0xfe, 0xe9, 0xf5, 0xe7, 0xb9, 
  0x47, 0xa9, 0x67, 0xb1, 0x47, 0xa9, 0x67, 0xb9, 0xa3, 0x50, 0x00, 0x00, 
  0x00, 0x00, 0x00, 0x00, 0x00, 0x00, 0x00, 0x00, 0x00, 0x00, 0x00, 0x00, 
  0x00, 0x00, 0x00, 0x00, 0x00, 0x00, 0x00, 0x00, 0x00, 0x00, 0x00, 0x00, 
  0x00, 0x00, 0x00, 0x00, 0x00, 0x00, 0x00, 0x00, 0x00, 0x00, 0x00, 0x00, 
  0x00, 0x00, 0x00, 0x00, 0x00, 0x00, 0x00, 0x00, 0x00, 0x00, 0x00, 0x00, 
  0x00, 0x00, 0x00, 0x00, 0x00, 0x00, 0x00, 0x00, 0x00, 0x00, 0x00, 0x00, 
  0x00, 0x00, 0x00, 0x00, 0x00, 0x00, 0x00, 0x00, 0x00, 0x00, 0x00, 0x00, 
  0x00, 0x00, 0x00, 0x00, 0x23, 0x52, 0x26, 0x9c, 0x65, 0x83, 0x43, 0x5a, 
  0x40, 0x08, 0x00, 0x00, 0x00, 0x00, 0x00, 0x00, 0x00, 0x00, 0x00, 0x00, 
  0x47, 0xcd, 0xea, 0xfe, 0x89, 0xfe, 0x89, 0xfe, 0x89, 0xfe, 0x89, 0xfe, 
  0x89, 0xfe, 0x89, 0xfe, 0x89, 0xfe, 0x89, 0xfe, 0x69, 0xfe, 0xc9, 0xfe, 
  0x28, 0xed, 0x67, 0xb1, 0x67, 0xb1, 0xc5, 0x80, 0xc2, 0x41, 0x09, 0xe6, 
  0xea, 0xfe, 0x69, 0xfe, 0x89, 0xfe, 0x89, 0xfe, 0x89, 0xfe, 0x89, 0xfe, 
  0x89, 0xfe, 0x89, 0xfe, 0x89, 0xfe, 0x89, 0xfe, 0x89, 0xfe, 0xc9, 0xfe, 
  0x89, 0xf5, 0xc7, 0xb1, 0x27, 0xa9, 0x67, 0xb1, 0xc7, 0xb1, 0xe9, 0xf5, 
  0xa9, 0xfe, 0x89, 0xfe, 0x89, 0xfe, 0x89, 0xfe, 0x89, 0xfe, 0x89, 0xfe, 
  0x69, 0xfe, 0xe9, 0xfe, 0xa8, 0xe4, 0x27, 0xa9, 0x67, 0xb1, 0x67, 0xb1, 
  0x67, 0xb1, 0x41, 0x28, 0x00, 0x00, 0x00, 0x00, 0x00, 0x00, 0x00, 0x00, 
  0x00, 0x00, 0x00, 0x00, 0x00, 0x00, 0x00, 0x00, 0x00, 0x00, 0x00, 0x00, 
  0x00, 0x00, 0x00, 0x00, 0x00, 0x00, 0x00, 0x00, 0x00, 0x00, 0x00, 0x00, 
  0x00, 0x00, 0x00, 0x00, 0x00, 0x00, 0x00, 0x00, 0x00, 0x00, 0x00, 0x00, 
  0x00, 0x00, 0x00, 0x00, 0x00, 0x00, 0x00, 0x00, 0x00, 0x00, 0x00, 0x00, 
  0x00, 0x00, 0x00, 0x00, 0x00, 0x00, 0x00, 0x00, 0x00, 0x00, 0x00, 0x00, 
  0x00, 0x00, 0x00, 0x00, 0x00, 0x00, 0x00, 0x00, 0x00, 0x00, 0x00, 0x00, 
  0x00, 0x00, 0x45, 0x83, 0xea, 0xfe, 0x69, 0xfe, 0x89, 0xfe, 0x89, 0xfe, 
  0xa9, 0xfe, 0x29, 0xfe, 0x47, 0xba, 0x47, 0xb1, 0x05, 0x79, 0x00, 0x00, 
  0x00, 0x00, 0x00, 0x00, 0x00, 0x00, 0x00, 0x00, 0x03, 0x4a, 0xea, 0xfe, 
  0x89, 0xfe, 0x89, 0xfe, 0x89, 0xfe, 0x89, 0xfe, 0x89, 0xfe, 0x89, 0xfe, 
  0x89, 0xfe, 0x89, 0xfe, 0x89, 0xfe, 0x89, 0xfe, 0x89, 0xfe, 0x89, 0xfe, 
  0x89, 0xfe, 0x69, 0xfe, 0xea, 0xfe, 0x66, 0xac, 0x00, 0x00, 0x00, 0x00, 
  0x00, 0x00, 0x00, 0x00, 0x00, 0x00, 0x00, 0x00, 0x00, 0x00, 0x00, 0x00, 
  0x00, 0x00, 0x00, 0x00, 0x00, 0x00, 0x00, 0x00, 0x00, 0x00, 0x00, 0x00, 
  0x00, 0x00, 0x00, 0x00, 0x00, 0x00, 0x00, 0x00, 0x00, 0x00, 0x00, 0x00, 
  0x00, 0x00, 0x00, 0x00, 0x00, 0x00, 0x00, 0x00, 0x00, 0x00, 0x00, 0x00, 
  0x00, 0x00, 0x00, 0x00, 0x00, 0x00, 0x00, 0x00, 0x00, 0x00, 0x00, 0x00, 
  0x00, 0x00, 0x00, 0x00, 0x00, 0x00, 0x00, 0x00, 0x00, 0x00, 0x00, 0x00, 
  0x00, 0x00, 0x00, 0x00, 0x00, 0x00, 0x00, 0x00, 0xe1, 0x20, 0xc8, 0xe5, 
  0xa9, 0xfe, 0x89, 0xfe, 0x89, 0xfe, 0x89, 0xfe, 0x89, 0xfe, 0x89, 0xfe, 
  0x89, 0xfe, 0xa9, 0xfe, 0x47, 0xba, 0x27, 0xa9, 0x87, 0xb9, 0xa3, 0x50, 
  0x00, 0x00, 0x00, 0x00, 0x60, 0x08, 0x62, 0x39, 0x85, 0x8b, 0x88, 0xd5, 
  0x69, 0xfe, 0x0a, 0xff, 0xc9, 0xfe, 0x89, 0xfe, 0x89, 0xfe, 0x89, 0xfe, 
  0x89, 0xfe, 0x89, 0xfe, 0x89, 0xfe, 0x89, 0xfe, 0x89, 0xfe, 0x89, 0xfe, 
  0x89, 0xfe, 0x89, 0xfe, 0x89, 0xfe, 0x89, 0xfe, 0x89, 0xfe, 0x89, 0xfe, 
  0x89, 0xfe, 0x89, 0xfe, 0x89, 0xfe, 0x69, 0xfe, 0x0a, 0xff, 0x46, 0xa4, 
  0x00, 0x00, 0x00, 0x00, 0x00, 0x00, 0x00, 0x00, 0x00, 0x00, 0x00, 0x00, 
  0x00, 0x00, 0x00, 0x00, 0x00, 0x00, 0x00, 0x00, 0x00, 0x00, 0x00, 0x00, 
  0x00, 0x00, 0x00, 0x00, 0x00, 0x00, 0x00, 0x00, 0x00, 0x00, 0x00, 0x00, 
  0x00, 0x00, 0x00, 0x00, 0x00, 0x00, 0x00, 0x00, 0x00, 0x00, 0x00, 0x00, 
  0x00, 0x00, 0x00, 0x00, 0x00, 0x00, 0x00, 0x00, 0x00, 0x00, 0x00, 0x00, 
  0x00, 0x00, 0x00, 0x00, 0xe2, 0x49, 0x89, 0xfe, 0x89, 0xfe, 0x89, 0xfe, 
  0x89, 0xfe, 0x89, 0xfe, 0x89, 0xfe, 0x89, 0xfe, 0x89, 0xfe, 0x89, 0xfe, 
  0x89, 0xfe, 0xe9, 0xfe, 0x88, 0xe4, 0x47, 0xa9, 0x67, 0xb1, 0x67, 0xb1, 
  0x47, 0xa9, 0x67, 0xb9, 0x05, 0x81, 0x20, 0x08, 0x00, 0x00, 0x86, 0xb4, 
  0xea, 0xfe, 0x69, 0xfe, 0x89, 0xfe, 0x89, 0xfe, 0x89, 0xfe, 0x89, 0xfe, 
  0x89, 0xfe, 0x89, 0xfe, 0x89, 0xfe, 0x89, 0xfe, 0xc7, 0xc2, 0x07, 0xa9, 
  0x67, 0xb1, 0x47, 0xa9, 0x67, 0xb9, 0xe4, 0x68, 0x00, 0x00, 0x00, 0x00, 
  0x00, 0x00, 0x00, 0x00, 0x00, 0x00, 0x00, 0x00, 0x00, 0x00, 0x00, 0x00, 
  0x00, 0x00, 0x00, 0x00, 0x00, 0x00, 0x00, 0x00, 0x00, 0x00, 0x00, 0x00, 
  0x00, 0x00, 0x00, 0x00, 0x00, 0x00, 0x00, 0x00, 0x00, 0x00, 0x00, 0x00, 
  0x00, 0x00, 0x00, 0x00, 0x00, 0x00, 0x00, 0x00, 0x00, 0x00, 0x00, 0x00, 
  0x00, 0x00, 0x00, 0x00, 0x00, 0x00, 0x00, 0x00, 0x00, 0x00, 0x00, 0x00, 
  0x00, 0x00, 0x00, 0x00, 0x00, 0x00, 0x00, 0x00, 0x00, 0x00, 0x00, 0x00, 
  0x00, 0x00, 0x00, 0x00, 0x26, 0xa4, 0x6a, 0xff, 0x0a, 0xff, 0xa9, 0xfe, 
  0x88, 0xd5, 0x42, 0x31, 0x00, 0x00, 0x00, 0x00, 0x00, 0x00, 0x40, 0x08, 
  0x47, 0xd5, 0xca, 0xfe, 0x89, 0xfe, 0x89, 0xfe, 0x89, 0xfe, 0x89, 0xfe, 
  0x89, 0xfe, 0x89, 0xfe, 0x89, 0xfe, 0x89, 0xfe, 0x89, 0xfe, 0x69, 0xfe, 
  0x87, 0xc2, 0x27, 0xa9, 0x27, 0xa9, 0xe7, 0xc2, 0x69, 0xf6, 0xc9, 0xfe, 
  0x69, 0xfe, 0x89, 0xfe, 0x89, 0xfe, 0x89, 0xfe, 0x89, 0xfe, 0x89, 0xfe, 
  0x89, 0xfe, 0x89, 0xfe, 0x89, 0xfe, 0x89, 0xfe, 0xa9, 0xfe, 0xc9, 0xf5, 
  0xe7, 0xb9, 0x27, 0xa9, 0x87, 0xb1, 0x27, 0xa9, 0x28, 0xdc, 0xc9, 0xfe, 
  0x89, 0xfe, 0x89, 0xfe, 0x89, 0xfe, 0x89, 0xfe, 0x89, 0xfe, 0x89, 0xfe, 
  0xa9, 0xfe, 0x49, 0xfe, 0x27, 0xba, 0x27, 0xa9, 0x67, 0xa9, 0x67, 0xb1, 
  0x25, 0x89, 0x20, 0x08, 0x00, 0x00, 0x00, 0x00, 0x00, 0x00, 0x00, 0x00, 
  0x00, 0x00, 0x00, 0x00, 0x00, 0x00, 0x00, 0x00, 0x00, 0x00, 0x00, 0x00, 
  0x00, 0x00, 0x00, 0x00, 0x00, 0x00, 0x00, 0x00, 0x00, 0x00, 0x00, 0x00, 
  0x00, 0x00, 0x00, 0x00, 0x00, 0x00, 0x00, 0x00, 0x00, 0x00, 0x00, 0x00, 
  0x00, 0x00, 0x00, 0x00, 0x00, 0x00, 0x00, 0x00, 0x00, 0x00, 0x00, 0x00, 
  0x00, 0x00, 0x00, 0x00, 0x00, 0x00, 0x00, 0x00, 0x00, 0x00, 0x00, 0x00, 
  0x00, 0x00, 0x00, 0x00, 0x00, 0x00, 0x00, 0x00, 0x00, 0x00, 0x00, 0x00, 
  0xa1, 0x18, 0x08, 0xee, 0xa9, 0xfe, 0x89, 0xfe, 0x89, 0xfe, 0x89, 0xfe, 
  0xc9, 0xfe, 0xc9, 0xf5, 0xa7, 0xb1, 0x67, 0xb1, 0x05, 0x89, 0x00, 0x08, 
  0x00, 0x00, 0x00, 0x00, 0x20, 0x00, 0x00, 0x00, 0xc2, 0x41, 0xea, 0xfe, 
  0x89, 0xfe, 0x89, 0xfe, 0x89, 0xfe, 0x89, 0xfe, 0x89, 0xfe, 0x89, 0xfe, 
  0x89, 0xfe, 0x89, 0xfe, 0x89, 0xfe, 0x89, 0xfe, 0x89, 0xfe, 0x89, 0xfe, 
  0x89, 0xfe, 0x89, 0xfe, 0xc9, 0xfe, 0xa9, 0xed, 0xe3, 0x58, 0x00, 0x00, 
  0x00, 0x00, 0x00, 0x00, 0x00, 0x00, 0x00, 0x00, 0x00, 0x00, 0x00, 0x00, 
  0x00, 0x00, 0x00, 0x00, 0x00, 0x00, 0x00, 0x00, 0x00, 0x00, 0x00, 0x00, 
  0x00, 0x00, 0x00, 0x00, 0x00, 0x00, 0x00, 0x00, 0x00, 0x00, 0x00, 0x00, 
  0x00, 0x00, 0x00, 0x00, 0x00, 0x00, 0x00, 0x00, 0x00, 0x00, 0x00, 0x00, 
  0x00, 0x00, 0x00, 0x00, 0x00, 0x00, 0x00, 0x00, 0x00, 0x00, 0x00, 0x00, 
  0x00, 0x00, 0x00, 0x00, 0x00, 0x00, 0x00, 0x00, 0x00, 0x00, 0x00, 0x00, 
  0x00, 0x00, 0x00, 0x00, 0x00, 0x00, 0x00, 0x00, 0x21, 0x29, 0x08, 0xee, 
  0xa9, 0xfe, 0x89, 0xfe, 0x89, 0xfe, 0x89, 0xfe, 0x89, 0xfe, 0x89, 0xfe, 
  0x89, 0xfe, 0x89, 0xfe, 0x07, 0xba, 0x07, 0xa9, 0x06, 0xa1, 0x62, 0x30, 
  0xc2, 0x41, 0x65, 0x8b, 0x47, 0xcd, 0xa9, 0xfe, 0xca, 0xfe, 0xca, 0xfe, 
  0x89, 0xfe, 0x69, 0xfe, 0x89, 0xfe, 0x89, 0xfe, 0x89, 0xfe, 0x89, 0xfe, 
  0x89, 0xfe, 0x89, 0xfe, 0x89, 0xfe, 0x89, 0xfe, 0x89, 0xfe, 0x89, 0xfe, 
  0x89, 0xfe, 0x89, 0xfe, 0x89, 0xfe, 0x89, 0xfe, 0x89, 0xfe, 0x89, 0xfe, 
  0x89, 0xfe, 0x89, 0xfe, 0x89, 0xfe, 0x89, 0xfe, 0xa9, 0xfe, 0xe9, 0xf5, 
  0x02, 0x41, 0x00, 0x00, 0x00, 0x00, 0x00, 0x00, 0x00, 0x00, 0x00, 0x00, 
  0x00, 0x00, 0x00, 0x00, 0x00, 0x00, 0x00, 0x00, 0x00, 0x00, 0x00, 0x00, 
  0x00, 0x00, 0x00, 0x00, 0x00, 0x00, 0x00, 0x00, 0x00, 0x00, 0x00, 0x00, 
  0x00, 0x00, 0x00, 0x00, 0x00, 0x00, 0x00, 0x00, 0x00, 0x00, 0x00, 0x00, 
  0x00, 0x00, 0x00, 0x00, 0x00, 0x00, 0x00, 0x00, 0x00, 0x00, 0x00, 0x00, 
  0x00, 0x00, 0x00, 0x00, 0xe1, 0x20, 0x69, 0xfe, 0x89, 0xfe, 0x89, 0xfe, 
  0x89, 0xfe, 0x89, 0xfe, 0x89, 0xfe, 0x89, 0xfe, 0x89, 0xfe, 0x89, 0xfe, 
  0xa9, 0xfe, 0x68, 0xdc, 0x07, 0xa9, 0x27, 0xa9, 0x47, 0xa9, 0x47, 0xa9, 
  0x87, 0xb9, 0x05, 0x81, 0x20, 0x08, 0x00, 0x00, 0xc4, 0x6a, 0xca, 0xfe, 
  0x89, 0xfe, 0x89, 0xfe, 0x89, 0xfe, 0x89, 0xfe, 0x89, 0xfe, 0x89, 0xfe, 
  0x89, 0xfe, 0x89, 0xfe, 0xc9, 0xfe, 0xc8, 0xd3, 0x06, 0xa9, 0x67, 0xb1, 
  0x47, 0xa9, 0x67, 0xb9, 0x05, 0x81, 0x00, 0x00, 0x00, 0x00, 0x00, 0x00, 
  0x00, 0x00, 0x00, 0x00, 0x00, 0x00, 0x00, 0x00, 0x00, 0x00, 0x00, 0x00, 
  0x00, 0x00, 0x00, 0x00, 0x00, 0x00, 0x00, 0x00, 0x00, 0x00, 0x00, 0x00, 
  0x00, 0x00, 0x00, 0x00, 0x00, 0x00, 0x00, 0x00, 0x00, 0x00, 0x00, 0x00, 
  0x00, 0x00, 0x00, 0x00, 0x00, 0x00, 0x00, 0x00, 0x00, 0x00, 0x00, 0x00, 
  0x00, 0x00, 0x00, 0x00, 0x00, 0x00, 0x00, 0x00, 0x00, 0x00, 0x00, 0x00, 
  0x00, 0x00, 0x00, 0x00, 0x00, 0x00, 0x00, 0x00, 0x00, 0x00, 0x00, 0x00, 
  0x00, 0x00, 0x00, 0x00, 0x66, 0xac, 0xa9, 0xfe, 0x69, 0xfe, 0x89, 0xfe, 
  0xea, 0xfe, 0xc8, 0xe5, 0xc1, 0x20, 0x00, 0x00, 0x00, 0x00, 0x20, 0x08, 
  0x88, 0xd5, 0xca, 0xfe, 0x89, 0xfe, 0x89, 0xfe, 0x89, 0xfe, 0x89, 0xfe, 
  0x89, 0xfe, 0x89, 0xfe, 0x89, 0xfe, 0x89, 0xfe, 0xc9, 0xfe, 0xc8, 0xd3, 
  0x27, 0xa9, 0x27, 0xa9, 0xa7, 0xc2, 0x69, 0xfe, 0xa9, 0xfe, 0x69, 0xfe, 
  0x89, 0xfe, 0x89, 0xfe, 0x69, 0xfe, 0xa9, 0xfe, 0xa9, 0xfe, 0x89, 0xfe, 
  0x89, 0xfe, 0x89, 0xfe, 0x89, 0xfe, 0x69, 0xfe, 0xe9, 0xfe, 0x88, 0xe4, 
  0xe6, 0xa8, 0x87, 0xb1, 0x27, 0xa9, 0xa7, 0xc2, 0x89, 0xfe, 0x89, 0xfe, 
  0x89, 0xfe, 0x89, 0xfe, 0x89, 0xfe, 0x89, 0xfe, 0x89, 0xfe, 0x89, 0xfe, 
  0xc9, 0xfe, 0xc8, 0xd3, 0x27, 0xa9, 0x67, 0xb1, 0x67, 0xb1, 0x67, 0xa9, 
  0x41, 0x28, 0x00, 0x00, 0x00, 0x00, 0x00, 0x00, 0x00, 0x00, 0x00, 0x00, 
  0x00, 0x00, 0x00, 0x00, 0x00, 0x00, 0x00, 0x00, 0x00, 0x00, 0x00, 0x00, 
  0x00, 0x00, 0x00, 0x00, 0x00, 0x00, 0x00, 0x00, 0x00, 0x00, 0x00, 0x00, 
  0x00, 0x00, 0x00, 0x00, 0x00, 0x00, 0x00, 0x00, 0x00, 0x00, 0x00, 0x00, 
  0x00, 0x00, 0x00, 0x00, 0x00, 0x00, 0x00, 0x00, 0x00, 0x00, 0x00, 0x00, 
  0x00, 0x00, 0x00, 0x00, 0x00, 0x00, 0x00, 0x00, 0x00, 0x00, 0x00, 0x00, 
  0x00, 0x00, 0x00, 0x00, 0x00, 0x00, 0x00, 0x00, 0x00, 0x00, 0x00, 0x00, 
  0xa5, 0x93, 0xea, 0xfe, 0x89, 0xfe, 0x89, 0xfe, 0x89, 0xfe, 0x89, 0xfe, 
  0xc9, 0xfe, 0x49, 0xed, 0x26, 0xa9, 0x67, 0xb1, 0x25, 0x91, 0x20, 0x08, 
  0x00, 0x00, 0x00, 0x00, 0x00, 0x00, 0x20, 0x08, 0x85, 0x8b, 0xca, 0xfe, 
  0x89, 0xfe, 0x89, 0xfe, 0x89, 0xfe, 0x89, 0xfe, 0x89, 0xfe, 0x89, 0xfe, 
  0x89, 0xfe, 0x89, 0xfe, 0x89, 0xfe, 0x89, 0xfe, 0x89, 0xfe, 0x89, 0xfe, 
  0x89, 0xfe, 0x89, 0xfe, 0x89, 0xfe, 0x29, 0xfe, 0x68, 0xca, 0xa4, 0x68, 
  0x00, 0x00, 0x00, 0x00, 0x00, 0x00, 0x00, 0x00, 0x00, 0x00, 0x00, 0x00, 
  0x00, 0x00, 0x00, 0x00, 0x00, 0x00, 0x00, 0x00, 0x00, 0x00, 0x00, 0x00, 
  0x00, 0x00, 0x00, 0x00, 0x00, 0x00, 0x00, 0x00, 0x00, 0x00, 0x00, 0x00, 
  0x00, 0x00, 0x00, 0x00, 0x00, 0x00, 0x00, 0x00, 0x00, 0x00, 0x00, 0x00, 
  0x00, 0x00, 0x00, 0x00, 0x00, 0x00, 0x00, 0x00, 0x00, 0x00, 0x00, 0x00, 
  0x00, 0x00, 0x00, 0x00, 0x00, 0x00, 0x00, 0x00, 0x00, 0x00, 0x00, 0x00, 
  0x00, 0x00, 0x00, 0x00, 0x00, 0x00, 0x00, 0x00, 0x82, 0x39, 0x69, 0xfe, 
  0x89, 0xfe, 0x89, 0xfe, 0x89, 0xfe, 0x89, 0xfe, 0x89, 0xfe, 0x89, 0xfe, 
  0x89, 0xfe, 0x89, 0xfe, 0x67, 0xba, 0x67, 0xc2, 0x48, 0xdc, 0x88, 0xdd, 
  0x69, 0xfe, 0x0a, 0xff, 0xc9, 0xfe, 0x89, 0xfe, 0x89, 0xfe, 0x89, 0xfe, 
  0x89, 0xfe, 0x89, 0xfe, 0x89, 0xfe, 0x89, 0xfe, 0x89, 0xfe, 0x89, 0xfe, 
  0x89, 0xfe, 0x89, 0xfe, 0x89, 0xfe, 0x89, 0xfe, 0x89, 0xfe, 0x89, 0xfe, 
  0x89, 0xfe, 0x89, 0xfe, 0x89, 0xfe, 0x89, 0xfe, 0x89, 0xfe, 0x89, 0xfe, 
  0x89, 0xfe, 0x89, 0xfe, 0x89, 0xfe, 0x89, 0xfe, 0xa9, 0xfe, 0x09, 0xfe, 
  0x27, 0xba, 0x62, 0x40, 0x00, 0x00, 0x00, 0x00, 0x00, 0x00, 0x00, 0x00, 
  0x00, 0x00, 0x00, 0x00, 0x00, 0x00, 0x00, 0x00, 0x00, 0x00, 0x00, 0x00, 
  0x00, 0x00, 0x00, 0x00, 0x00, 0x00, 0x00, 0x00, 0x00, 0x00, 0x00, 0x00, 
  0x00, 0x00, 0x00, 0x00, 0x00, 0x00, 0x00, 0x00, 0x00, 0x00, 0x00, 0x00, 
  0x00, 0x00, 0x00, 0x00, 0x00, 0x00, 0x00, 0x00, 0x00, 0x00, 0x00, 0x00, 
  0x00, 0x00, 0x00, 0x00, 0x20, 0x00, 0xe8, 0xe5, 0xa9, 0xfe, 0x89, 0xfe, 
  0x89, 0xfe, 0x89, 0xfe, 0x89, 0xfe, 0x89, 0xfe, 0xa9, 0xfe, 0xa9, 0xfe, 
  0x69, 0xfe, 0x68, 0xdc, 0x28, 0xcb, 0x47, 0xba, 0xc7, 0xb1, 0x67, 0xb1, 
  0x84, 0x68, 0x00, 0x00, 0x00, 0x00, 0x21, 0x29, 0x49, 0xf6, 0xa9, 0xfe, 
  0x89, 0xfe, 0x89, 0xfe, 0x89, 0xfe, 0x89, 0xfe, 0x89, 0xfe, 0x89, 0xfe, 
  0x89, 0xfe, 0xc9, 0xfe, 0x09, 0xed, 0x47, 0xb1, 0x67, 0xb1, 0x67, 0xa9, 
  0x67, 0xb1, 0x46, 0x99, 0x20, 0x10, 0x00, 0x00, 0x00, 0x00, 0x00, 0x00, 
  0x00, 0x00, 0x00, 0x00, 0x00, 0x00, 0x00, 0x00, 0x00, 0x00, 0x00, 0x00, 
  0x00, 0x00, 0x00, 0x00, 0x00, 0x00, 0x00, 0x00, 0x00, 0x00, 0x00, 0x00, 
  0x00, 0x00, 0x00, 0x00, 0x00, 0x00, 0x00, 0x00, 0x00, 0x00, 0x00, 0x00, 
  0x00, 0x00, 0x00, 0x00, 0x00, 0x00, 0x00, 0x00, 0x00, 0x00, 0x00, 0x00, 
  0x00, 0x00, 0x00, 0x00, 0x00, 0x00, 0x00, 0x00, 0x00, 0x00, 0x00, 0x00, 
  0x00, 0x00, 0x00, 0x00, 0x00, 0x00, 0x00, 0x00, 0x00, 0x00, 0x00, 0x00, 
  0x00, 0x00, 0xa0, 0x18, 0x09, 0xee, 0xa9, 0xfe, 0x89, 0xfe, 0x89, 0xfe, 
  0x69, 0xfe, 0xea, 0xfe, 0xa6, 0xb4, 0x00, 0x00, 0x01, 0x21, 0x86, 0xac, 
  0x89, 0xfe, 0x89, 0xfe, 0x89, 0xfe, 0x89, 0xfe, 0x89, 0xfe, 0x89, 0xfe, 
  0x89, 0xfe, 0x89, 0xfe, 0x89, 0xfe, 0xe9, 0xfe, 0xe8, 0xe4, 0x47, 0xb1, 
  0x27, 0xa9, 0x27, 0xba, 0x29, 0xfe, 0xa9, 0xfe, 0x89, 0xfe, 0x89, 0xfe, 
  0x89, 0xfe, 0xc9, 0xfe, 0xe9, 0xfe, 0x69, 0xfe, 0x49, 0xfe, 0x89, 0xfe, 
  0x89, 0xfe, 0x89, 0xfe, 0x89, 0xfe, 0x89, 0xfe, 0xe9, 0xfe, 0x28, 0xdc, 
  0x06, 0xa9, 0x67, 0xb1, 0xa7, 0xb1, 0xa9, 0xf5, 0xc9, 0xfe, 0x89, 0xfe, 
  0x89, 0xfe, 0x89, 0xfe, 0x89, 0xfe, 0x89, 0xfe, 0x89, 0xfe, 0xc9, 0xfe, 
  0x29, 0xed, 0x67, 0xb1, 0x67, 0xb1, 0x67, 0xa9, 0x67, 0xb9, 0xc4, 0x60, 
  0x00, 0x00, 0x00, 0x00, 0x00, 0x00, 0x00, 0x00, 0x00, 0x00, 0x00, 0x00, 
  0x00, 0x00, 0x00, 0x00, 0x00, 0x00, 0x00, 0x00, 0x00, 0x00, 0x00, 0x00, 
  0x00, 0x00, 0x00, 0x00, 0x00, 0x00, 0x00, 0x00, 0x00, 0x00, 0x00, 0x00, 
  0x00, 0x00, 0x00, 0x00, 0x00, 0x00, 0x00, 0x00, 0x00, 0x00, 0x00, 0x00, 
  0x00, 0x00, 0x00, 0x00, 0x00, 0x00, 0x00, 0x00, 0x00, 0x00, 0x00, 0x00, 
  0x00, 0x00, 0x00, 0x00, 0x00, 0x00, 0x00, 0x00, 0x00, 0x00, 0x00, 0x00, 
  0x00, 0x00, 0x00, 0x00, 0x00, 0x00, 0x00, 0x00, 0x00, 0x00, 0x21, 0x29, 
  0x49, 0xee, 0xa9, 0xfe, 0x89, 0xfe, 0x89, 0xfe, 0x89, 0xfe, 0x89, 0xfe, 
  0xc9, 0xfe, 0x28, 0xdc, 0x06, 0xa9, 0x87, 0xb9, 0x25, 0x89, 0x00, 0x00, 
  0x00, 0x00, 0x80, 0x10, 0xc4, 0x6a, 0x68, 0xd5, 0x89, 0xfe, 0x89, 0xfe, 
  0x89, 0xfe, 0x89, 0xfe, 0x89, 0xfe, 0x89, 0xfe, 0x89, 0xfe, 0x89, 0xfe, 
  0x89, 0xfe, 0x89, 0xfe, 0x89, 0xfe, 0x89, 0xfe, 0x89, 0xfe, 0x89, 0xfe, 
  0x89, 0xfe, 0x89, 0xfe, 0xc9, 0xfe, 0x89, 0xfe, 0x67, 0xba, 0x27, 0xb1, 
  0x62, 0x30, 0x00, 0x00, 0x00, 0x00, 0x00, 0x00, 0x00, 0x00, 0x00, 0x00, 
  0x00, 0x00, 0x00, 0x00, 0x00, 0x00, 0x00, 0x00, 0x00, 0x00, 0x00, 0x00, 
  0x00, 0x00, 0x00, 0x00, 0x00, 0x00, 0x00, 0x00, 0x00, 0x00, 0x00, 0x00, 
  0x00, 0x00, 0x00, 0x00, 0x00, 0x00, 0x00, 0x00, 0x00, 0x00, 0x00, 0x00, 
  0x00, 0x00, 0x00, 0x00, 0x00, 0x00, 0x00, 0x00, 0x00, 0x00, 0x00, 0x00, 
  0x00, 0x00, 0x00, 0x00, 0x00, 0x00, 0x00, 0x00, 0x00, 0x00, 0x00, 0x00, 
  0x00, 0x00, 0x00, 0x00, 0x00, 0x00, 0x00, 0x00, 0xc2, 0x41, 0xa9, 0xfe, 
  0x89, 0xfe, 0x89, 0xfe, 0x89, 0xfe, 0x89, 0xfe, 0x89, 0xfe, 0x89, 0xfe, 
  0x89, 0xfe, 0x89, 0xfe, 0xe9, 0xf5, 0xa9, 0xfe, 0xc9, 0xfe, 0xca, 0xfe, 
  0x89, 0xfe, 0x69, 0xfe, 0x89, 0xfe, 0x89, 0xfe, 0x89, 0xfe, 0x89, 0xfe, 
  0x89, 0xfe, 0x89, 0xfe, 0x89, 0xfe, 0x89, 0xfe, 0x89, 0xfe, 0x89, 0xfe, 
  0x89, 0xfe, 0x89, 0xfe, 0x89, 0xfe, 0x89, 0xfe, 0x89, 0xfe, 0x89, 0xfe, 
  0x89, 0xfe, 0x89, 0xfe, 0x89, 0xfe, 0x89, 0xfe, 0x89, 0xfe, 0x89, 0xfe, 
  0x89, 0xfe, 0x89, 0xfe, 0x69, 0xfe, 0x69, 0xfe, 0xe9, 0xfe, 0x49, 0xed, 
  0x67, 0xb1, 0x47, 0xa9, 0x41, 0x28, 0x00, 0x00, 0x00, 0x00, 0x00, 0x00, 
  0x00, 0x00, 0x00, 0x00, 0x00, 0x00, 0x00, 0x00, 0x00, 0x00, 0x00, 0x00, 
  0x00, 0x00, 0x00, 0x00, 0x00, 0x00, 0x00, 0x00, 0x00, 0x00, 0x00, 0x00, 
  0x00, 0x00, 0x00, 0x00, 0x00, 0x00, 0x00, 0x00, 0x00, 0x00, 0x00, 0x00, 
  0x00, 0x00, 0x00, 0x00, 0x00, 0x00, 0x00, 0x00, 0x00, 0x00, 0x00, 0x00, 
  0x00, 0x00, 0x00, 0x00, 0x00, 0x00, 0xa6, 0xb4, 0xca, 0xfe, 0x89, 0xfe, 
  0x89, 0xfe, 0x89, 0xfe, 0x89, 0xfe, 0xe9, 0xfe, 0x09, 0xfe, 0x49, 0xfe, 
  0xa9, 0xfe, 0xa9, 0xfe, 0xc9, 0xfe, 0xa9, 0xfe, 0x09, 0xfe, 0xe8, 0xe4, 
  0x24, 0x83, 0x62, 0x31, 0x60, 0x10, 0xe7, 0xc4, 0xea, 0xfe, 0x69, 0xfe, 
  0x89, 0xfe, 0x89, 0xfe, 0x89, 0xfe, 0x89, 0xfe, 0x89, 0xfe, 0x89, 0xfe, 
  0xa9, 0xfe, 0x09, 0xf6, 0xe7, 0xb9, 0x27, 0xa9, 0x67, 0xb1, 0x67, 0xb1, 
  0x67, 0xb1, 0x62, 0x30, 0x00, 0x00, 0x00, 0x00, 0x00, 0x00, 0x00, 0x00, 
  0x00, 0x00, 0x00, 0x00, 0x00, 0x00, 0x00, 0x00, 0x00, 0x00, 0x00, 0x00, 
  0x00, 0x00, 0x00, 0x00, 0x00, 0x00, 0x00, 0x00, 0x00, 0x00, 0x00, 0x00, 
  0x00, 0x00, 0x00, 0x00, 0x00, 0x00, 0x00, 0x00, 0x00, 0x00, 0x00, 0x00, 
  0x00, 0x00, 0x00, 0x00, 0x00, 0x00, 0x00, 0x00, 0x00, 0x00, 0x00, 0x00, 
  0x00, 0x00, 0x00, 0x00, 0x00, 0x00, 0x00, 0x00, 0x00, 0x00, 0x00, 0x00, 
  0x00, 0x00, 0x00, 0x00, 0x00, 0x00, 0x00, 0x00, 0x00, 0x00, 0x00, 0x00, 
  0x00, 0x00, 0x44, 0x83, 0xea, 0xfe, 0x89, 0xfe, 0x89, 0xfe, 0x89, 0xfe, 
  0x89, 0xfe, 0x89, 0xfe, 0x89, 0xfe, 0x66, 0xb4, 0x08, 0xee, 0xea, 0xfe, 
  0x89, 0xfe, 0x89, 0xfe, 0x89, 0xfe, 0x89, 0xfe, 0x89, 0xfe, 0x89, 0xfe, 
  0x89, 0xfe, 0x89, 0xfe, 0xc9, 0xfe, 0xa9, 0xf5, 0xc7, 0xb1, 0x47, 0xa9, 
  0x67, 0xb1, 0x49, 0xed, 0xc9, 0xfe, 0x69, 0xfe, 0x89, 0xfe, 0xc9, 0xfe, 
  0xc9, 0xfe, 0xa9, 0xf5, 0x08, 0xdc, 0x67, 0xc2, 0xc8, 0xd3, 0xc9, 0xfe, 
  0x89, 0xfe, 0x89, 0xfe, 0x89, 0xfe, 0x89, 0xfe, 0xa9, 0xfe, 0xa8, 0xd3, 
  0x07, 0xa9, 0x47, 0xa9, 0xa8, 0xe4, 0xc9, 0xfe, 0x89, 0xfe, 0x89, 0xfe, 
  0x89, 0xfe, 0x89, 0xfe, 0x89, 0xfe, 0x89, 0xfe, 0xa9, 0xfe, 0x09, 0xf6, 
  0x07, 0xba, 0x27, 0xa9, 0x67, 0xa9, 0x67, 0xb1, 0x46, 0xa1, 0x20, 0x10, 
  0x00, 0x00, 0x00, 0x00, 0x00, 0x00, 0x00, 0x00, 0x00, 0x00, 0x00, 0x00, 
  0x00, 0x00, 0x00, 0x00, 0x00, 0x00, 0x00, 0x00, 0x00, 0x00, 0x00, 0x00, 
  0x00, 0x00, 0x00, 0x00, 0x00, 0x00, 0x00, 0x00, 0x00, 0x00, 0x00, 0x00, 
  0x00, 0x00, 0x00, 0x00, 0x00, 0x00, 0x00, 0x00, 0x00, 0x00, 0x00, 0x00, 
  0x00, 0x00, 0x00, 0x00, 0x00, 0x00, 0x00, 0x00, 0x00, 0x00, 0x00, 0x00, 
  0x00, 0x00, 0x00, 0x00, 0x00, 0x00, 0x00, 0x00, 0x00, 0x00, 0x00, 0x00, 
  0x00, 0x00, 0x00, 0x00, 0x00, 0x00, 0x00, 0x00, 0x00, 0x00, 0x26, 0xa4, 
  0xea, 0xfe, 0x69, 0xfe, 0x89, 0xfe, 0x89, 0xfe, 0x89, 0xfe, 0x89, 0xfe, 
  0xa9, 0xfe, 0xc7, 0xc2, 0x27, 0xa9, 0x67, 0xb9, 0x84, 0x70, 0xe1, 0x20, 
  0x24, 0x7b, 0xc8, 0xe5, 0xca, 0xfe, 0xca, 0xfe, 0x89, 0xfe, 0x89, 0xfe, 
  0x89, 0xfe, 0x89, 0xfe, 0x89, 0xfe, 0x89, 0xfe, 0x89, 0xfe, 0x89, 0xfe, 
  0x89, 0xfe, 0xa9, 0xfe, 0xc9, 0xfe, 0xc9, 0xfe, 0xc9, 0xfe, 0xe9, 0xfe, 
  0xe9, 0xfe, 0xa9, 0xfe, 0x09, 0xf6, 0x08, 0xdc, 0x67, 0xa9, 0x67, 0xb9, 
  0xc3, 0x58, 0x00, 0x00, 0x00, 0x00, 0x00, 0x00, 0x00, 0x00, 0x00, 0x00, 
  0x00, 0x00, 0x00, 0x00, 0x00, 0x00, 0x00, 0x00, 0x00, 0x00, 0x00, 0x00, 
  0x00, 0x00, 0x00, 0x00, 0x00, 0x00, 0x00, 0x00, 0x00, 0x00, 0x00, 0x00, 
  0x00, 0x00, 0x00, 0x00, 0x00, 0x00, 0x00, 0x00, 0x00, 0x00, 0x00, 0x00, 
  0x00, 0x00, 0x00, 0x00, 0x00, 0x00, 0x00, 0x00, 0x00, 0x00, 0x00, 0x00, 
  0x00, 0x00, 0x00, 0x00, 0x00, 0x00, 0x00, 0x00, 0x00, 0x00, 0x00, 0x00, 
  0x00, 0x00, 0x00, 0x00, 0x20, 0x00, 0x00, 0x00, 0x23, 0x52, 0xea, 0xfe, 
  0x69, 0xfe, 0x89, 0xfe, 0x89, 0xfe, 0x89, 0xfe, 0x89, 0xfe, 0x89, 0xfe, 
  0x89, 0xfe, 0x89, 0xfe, 0xa9, 0xfe, 0x89, 0xfe, 0x89, 0xfe, 0x89, 0xfe, 
  0x89, 0xfe, 0x89, 0xfe, 0x89, 0xfe, 0x89, 0xfe, 0x89, 0xfe, 0x89, 0xfe, 
  0x89, 0xfe, 0x89, 0xfe, 0x89, 0xfe, 0x89, 0xfe, 0x89, 0xfe, 0x89, 0xfe, 
  0x89, 0xfe, 0xa9, 0xfe, 0xc9, 0xfe, 0xa9, 0xfe, 0xa9, 0xfe, 0xa9, 0xfe, 
  0xa9, 0xfe, 0x89, 0xfe, 0x89, 0xfe, 0x89, 0xfe, 0x89, 0xfe, 0x89, 0xfe, 
  0xa9, 0xfe, 0xc9, 0xfe, 0xe9, 0xfe, 0xe9, 0xfe, 0x49, 0xfe, 0xc7, 0xc2, 
  0x26, 0xa9, 0x87, 0xb9, 0xc4, 0x68, 0x00, 0x00, 0x00, 0x00, 0x00, 0x00, 
  0x00, 0x00, 0x00, 0x00, 0x00, 0x00, 0x00, 0x00, 0x00, 0x00, 0x00, 0x00, 
  0x00, 0x00, 0x00, 0x00, 0x00, 0x00, 0x00, 0x00, 0x00, 0x00, 0x00, 0x00, 
  0x00, 0x00, 0x00, 0x00, 0x00, 0x00, 0x00, 0x00, 0x00, 0x00, 0x00, 0x00, 
  0x00, 0x00, 0x00, 0x00, 0x00, 0x00, 0x00, 0x00, 0x00, 0x00, 0x00, 0x00, 
  0x00, 0x00, 0x00, 0x00, 0x00, 0x00, 0x04, 0x73, 0x0a, 0xff, 0x69, 0xfe, 
  0x89, 0xfe, 0xc9, 0xfe, 0xa9, 0xfe, 0xc8, 0xe4, 0x07, 0xba, 0x07, 0xcb, 
  0x89, 0xfe, 0x89, 0xfe, 0x89, 0xfe, 0x89, 0xfe, 0xa9, 0xfe, 0xc9, 0xfe, 
  0x0a, 0xff, 0x49, 0xf6, 0x88, 0xdd, 0xa9, 0xfe, 0x89, 0xfe, 0x89, 0xfe, 
  0x89, 0xfe, 0x89, 0xfe, 0x89, 0xfe, 0x89, 0xfe, 0x89, 0xfe, 0x89, 0xfe, 
  0xa9, 0xfe, 0x28, 0xcb, 0x07, 0xa9, 0x67, 0xb1, 0x47, 0xa9, 0x67, 0xb9, 
  0xa3, 0x50, 0x00, 0x00, 0x00, 0x00, 0x00, 0x00, 0x00, 0x00, 0x00, 0x00, 
  0x00, 0x00, 0x00, 0x00, 0x00, 0x00, 0x00, 0x00, 0x00, 0x00, 0x00, 0x00, 
  0x00, 0x00, 0x00, 0x00, 0x00, 0x00, 0x00, 0x00, 0x00, 0x00, 0x00, 0x00, 
  0x00, 0x00, 0x00, 0x00, 0x00, 0x00, 0x00, 0x00, 0x00, 0x00, 0x00, 0x00, 
  0x00, 0x00, 0x00, 0x00, 0x00, 0x00, 0x00, 0x00, 0x00, 0x00, 0x00, 0x00, 
  0x00, 0x00, 0x00, 0x00, 0x00, 0x00, 0x00, 0x00, 0x00, 0x00, 0x00, 0x00, 
  0x00, 0x00, 0x00, 0x00, 0x00, 0x00, 0x00, 0x00, 0x00, 0x00, 0x00, 0x00, 
  0xa1, 0x18, 0xc8, 0xe5, 0xca, 0xfe, 0x89, 0xfe, 0x89, 0xfe, 0x89, 0xfe, 
  0x89, 0xfe, 0x89, 0xfe, 0x89, 0xfe, 0xea, 0xfe, 0xa9, 0xfe, 0x89, 0xfe, 
  0x89, 0xfe, 0x89, 0xfe, 0x89, 0xfe, 0x89, 0xfe, 0x89, 0xfe, 0x89, 0xfe, 
  0x89, 0xfe, 0xa9, 0xfe, 0x49, 0xfe, 0x47, 0xba, 0x27, 0xa9, 0x27, 0xa9, 
  0xa8, 0xd3, 0xc9, 0xfe, 0x69, 0xfe, 0x89, 0xfe, 0xc9, 0xfe, 0x68, 0xdd, 
  0x27, 0xcb, 0xa7, 0xb1, 0x07, 0xa9, 0x06, 0xa9, 0x08, 0xdc, 0xc9, 0xfe, 
  0x89, 0xfe, 0x89, 0xfe, 0x89, 0xfe, 0x89, 0xfe, 0xa9, 0xfe, 0x48, 0xcb, 
  0xe6, 0xa8, 0x28, 0xdc, 0xc9, 0xfe, 0x89, 0xfe, 0x89, 0xfe, 0x89, 0xfe, 
  0x89, 0xfe, 0x89, 0xfe, 0x89, 0xfe, 0xa9, 0xfe, 0x89, 0xfe, 0xc7, 0xc2, 
  0x07, 0xa9, 0x67, 0xb1, 0x47, 0xa9, 0x67, 0xb9, 0xa3, 0x48, 0x00, 0x00, 
  0x00, 0x00, 0x00, 0x00, 0x00, 0x00, 0x00, 0x00, 0x00, 0x00, 0x00, 0x00, 
  0x00, 0x00, 0x00, 0x00, 0x00, 0x00, 0x00, 0x00, 0x00, 0x00, 0x00, 0x00, 
  0x00, 0x00, 0x00, 0x00, 0x00, 0x00, 0x00, 0x00, 0x00, 0x00, 0x00, 0x00, 
  0x00, 0x00, 0x00, 0x00, 0x00, 0x00, 0x00, 0x00, 0x00, 0x00, 0x00, 0x00, 
  0x00, 0x00, 0x00, 0x00, 0x00, 0x00, 0x00, 0x00, 0x00, 0x00, 0x00, 0x00, 
  0x00, 0x00, 0x00, 0x00, 0x00, 0x00, 0x00, 0x00, 0x00, 0x00, 0x00, 0x00, 
  0x00, 0x00, 0x00, 0x00, 0x00, 0x00, 0x00, 0x00, 0x82, 0x39, 0x89, 0xfe, 
  0x89, 0xfe, 0x89, 0xfe, 0x89, 0xfe, 0x89, 0xfe, 0x89, 0xfe, 0xa9, 0xfe, 
  0xe9, 0xf5, 0x67, 0xb1, 0x27, 0xa9, 0x27, 0xc2, 0x27, 0xcc, 0xe8, 0xe5, 
  0xea, 0xfe, 0xa9, 0xfe, 0x89, 0xfe, 0x89, 0xfe, 0x89, 0xfe, 0x89, 0xfe, 
  0x89, 0xfe, 0x89, 0xfe, 0x89, 0xfe, 0x89, 0xfe, 0x89, 0xfe, 0xc9, 0xfe, 
  0xa9, 0xfe, 0x29, 0xfe, 0x29, 0xed, 0x08, 0xdc, 0x48, 0xcb, 0xe7, 0xc2, 
  0xa7, 0xc2, 0x67, 0xc2, 0xe7, 0xb9, 0x27, 0xa9, 0x47, 0xa9, 0x67, 0xb9, 
  0xe5, 0x78, 0x00, 0x00, 0x00, 0x00, 0x00, 0x00, 0x00, 0x00, 0x00, 0x00, 
  0x00, 0x00, 0x00, 0x00, 0x00, 0x00, 0x00, 0x00, 0x00, 0x00, 0x00, 0x00, 
  0x00, 0x00, 0x00, 0x00, 0x00, 0x00, 0x00, 0x00, 0x00, 0x00, 0x00, 0x00, 
  0x00, 0x00, 0x00, 0x00, 0x00, 0x00, 0x00, 0x00, 0x00, 0x00, 0x00, 0x00, 
  0x00, 0x00, 0x00, 0x00, 0x00, 0x00, 0x00, 0x00, 0x00, 0x00, 0x00, 0x00, 
  0x00, 0x00, 0x00, 0x00, 0x00, 0x00, 0x00, 0x00, 0x00, 0x00, 0x00, 0x00, 
  0x00, 0x00, 0x00, 0x00, 0x00, 0x00, 0x00, 0x00, 0x43, 0x5a, 0x2a, 0xff, 
  0x69, 0xfe, 0x89, 0xfe, 0x89, 0xfe, 0x89, 0xfe, 0x89, 0xfe, 0x89, 0xfe, 
  0x89, 0xfe, 0x89, 0xfe, 0x89, 0xfe, 0x89, 0xfe, 0x89, 0xfe, 0x89, 0xfe, 
  0x89, 0xfe, 0x89, 0xfe, 0x89, 0xfe, 0x89, 0xfe, 0x89, 0xfe, 0x89, 0xfe, 
  0x89, 0xfe, 0x89, 0xfe, 0x89, 0xfe, 0xa9, 0xfe, 0xc9, 0xfe, 0xe9, 0xfe, 
  0x69, 0xfe, 0xc9, 0xf5, 0xa9, 0xf5, 0xc9, 0xf5, 0xe9, 0xf5, 0x09, 0xf6, 
  0x29, 0xfe, 0x49, 0xfe, 0x69, 0xfe, 0x89, 0xfe, 0x69, 0xfe, 0x49, 0xfe, 
  0x09, 0xf6, 0xa9, 0xf5, 0x08, 0xed, 0x08, 0xdc, 0x27, 0xba, 0x27, 0xa9, 
  0x67, 0xb1, 0x67, 0xb1, 0x05, 0x81, 0x00, 0x00, 0x00, 0x00, 0x00, 0x00, 
  0x00, 0x00, 0x00, 0x00, 0x00, 0x00, 0x00, 0x00, 0x00, 0x00, 0x00, 0x00, 
  0x00, 0x00, 0x00, 0x00, 0x00, 0x00, 0x00, 0x00, 0x00, 0x00, 0x00, 0x00, 
  0x00, 0x00, 0x00, 0x00, 0x00, 0x00, 0x00, 0x00, 0x00, 0x00, 0x00, 0x00, 
  0x00, 0x00, 0x00, 0x00, 0x00, 0x00, 0x00, 0x00, 0x00, 0x00, 0x00, 0x00, 
  0x00, 0x00, 0x00, 0x00, 0x00, 0x00, 0xe1, 0x20, 0x29, 0xf6, 0x0a, 0xff, 
  0xa9, 0xfe, 0x29, 0xed, 0xc7, 0xc2, 0x27, 0xa9, 0x47, 0xa9, 0x07, 0xa9, 
  0x27, 0xcb, 0xa9, 0xfe, 0x89, 0xfe, 0x89, 0xfe, 0x89, 0xfe, 0x89, 0xfe, 
  0x69, 0xfe, 0xa9, 0xfe, 0xca, 0xfe, 0x89, 0xfe, 0x89, 0xfe, 0x89, 0xfe, 
  0x89, 0xfe, 0x89, 0xfe, 0x89, 0xfe, 0x89, 0xfe, 0x89, 0xfe, 0xe9, 0xfe, 
  0x88, 0xe4, 0x27, 0xa9, 0x67, 0xb1, 0x67, 0xa9, 0x67, 0xb9, 0xe5, 0x78, 
  0x00, 0x00, 0x00, 0x00, 0x00, 0x00, 0x00, 0x00, 0x00, 0x00, 0x00, 0x00, 
  0x00, 0x00, 0x00, 0x00, 0x00, 0x00, 0x00, 0x00, 0x00, 0x00, 0x00, 0x00, 
  0x00, 0x00, 0x00, 0x00, 0x00, 0x00, 0x00, 0x00, 0x00, 0x00, 0x00, 0x00, 
  0x00, 0x00, 0x00, 0x00, 0x00, 0x00, 0x00, 0x00, 0x00, 0x00, 0x00, 0x00, 
  0x00, 0x00, 0x00, 0x00, 0x00, 0x00, 0x00, 0x00, 0x00, 0x00, 0x00, 0x00, 
  0x00, 0x00, 0x00, 0x00, 0x00, 0x00, 0x00, 0x00, 0x00, 0x00, 0x00, 0x00, 
  0x00, 0x00, 0x00, 0x00, 0x00, 0x00, 0x00, 0x00, 0x00, 0x00, 0x00, 0x00, 
  0x64, 0x83, 0xea, 0xfe, 0x69, 0xfe, 0x89, 0xfe, 0x89, 0xfe, 0x89, 0xfe, 
  0x89, 0xfe, 0x89, 0xfe, 0x89, 0xfe, 0x69, 0xfe, 0x89, 0xfe, 0x89, 0xfe, 
  0x89, 0xfe, 0x89, 0xfe, 0x89, 0xfe, 0x89, 0xfe, 0x89, 0xfe, 0x89, 0xfe, 
  0x89, 0xfe, 0x89, 0xfe, 0xe7, 0xc2, 0x27, 0xa9, 0x47, 0xb1, 0x07, 0xba, 
  0x29, 0xfe, 0xa9, 0xfe, 0x89, 0xfe, 0xa9, 0xfe, 0xa5, 0x93, 0x46, 0x99, 
  0x27, 0xa9, 0x47, 0xa9, 0x87, 0xb1, 0x46, 0xa9, 0x68, 0xdc, 0xc9, 0xfe, 
  0x89, 0xfe, 0x89, 0xfe, 0x89, 0xfe, 0x89, 0xfe, 0x69, 0xfe, 0xc7, 0xc2, 
  0xa8, 0xd3, 0xc9, 0xfe, 0x89, 0xfe, 0x89, 0xfe, 0x89, 0xfe, 0x89, 0xfe, 
  0x89, 0xfe, 0x89, 0xfe, 0x89, 0xfe, 0x89, 0xfe, 0x68, 0xd3, 0x27, 0xa9, 
  0x67, 0xb1, 0x47, 0xa9, 0x67, 0xb9, 0x05, 0x81, 0x00, 0x00, 0x00, 0x00, 
  0x00, 0x00, 0x00, 0x00, 0x00, 0x00, 0x00, 0x00, 0x00, 0x00, 0x00, 0x00, 
  0x00, 0x00, 0x00, 0x00, 0x00, 0x00, 0x00, 0x00, 0x00, 0x00, 0x00, 0x00, 
  0x00, 0x00, 0x00, 0x00, 0x00, 0x00, 0x00, 0x00, 0x00, 0x00, 0x00, 0x00, 
  0x00, 0x00, 0x00, 0x00, 0x00, 0x00, 0x00, 0x00, 0x00, 0x00, 0x00, 0x00, 
  0x00, 0x00, 0x00, 0x00, 0x00, 0x00, 0x00, 0x00, 0x00, 0x00, 0x00, 0x00, 
  0x00, 0x00, 0x00, 0x00, 0x00, 0x00, 0x00, 0x00, 0x00, 0x00, 0x00, 0x00, 
  0x00, 0x00, 0x00, 0x00, 0x00, 0x00, 0x20, 0x00, 0xe7, 0xc4, 0xca, 0xfe, 
  0x89, 0xfe, 0x89, 0xfe, 0x89, 0xfe, 0x89, 0xfe, 0x89, 0xfe, 0xe9, 0xfe, 
  0x08, 0xdc, 0x47, 0xba, 0xa8, 0xe4, 0x69, 0xfe, 0xc9, 0xfe, 0xa9, 0xfe, 
  0x69, 0xfe, 0x89, 0xfe, 0x89, 0xfe, 0x89, 0xfe, 0x89, 0xfe, 0x89, 0xfe, 
  0x89, 0xfe, 0x89, 0xfe, 0x89, 0xfe, 0x89, 0xfe, 0xa9, 0xfe, 0x28, 0xed, 
  0x08, 0xcb, 0xc7, 0xb1, 0x27, 0xa9, 0x27, 0xa9, 0x27, 0xa9, 0x07, 0xa9, 
  0x06, 0xa9, 0x06, 0xa9, 0x27, 0xa9, 0x67, 0xa9, 0x67, 0xa9, 0x67, 0xb1, 
  0x25, 0x91, 0x00, 0x00, 0x00, 0x00, 0x00, 0x00, 0x00, 0x00, 0x00, 0x00, 
  0x00, 0x00, 0x00, 0x00, 0x00, 0x00, 0x00, 0x00, 0x00, 0x00, 0x00, 0x00, 
  0x00, 0x00, 0x00, 0x00, 0x00, 0x00, 0x00, 0x00, 0x00, 0x00, 0x00, 0x00, 
  0x00, 0x00, 0x00, 0x00, 0x00, 0x00, 0x00, 0x00, 0x00, 0x00, 0x00, 0x00, 
  0x00, 0x00, 0x00, 0x00, 0x00, 0x00, 0x00, 0x00, 0x00, 0x00, 0x00, 0x00, 
  0x00, 0x00, 0x00, 0x00, 0x00, 0x00, 0x00, 0x00, 0x00, 0x00, 0x00, 0x00, 
  0x00, 0x00, 0x00, 0x00, 0x00, 0x00, 0xe1, 0x20, 0x66, 0xac, 0xca, 0xfe, 
  0x89, 0xfe, 0x89, 0xfe, 0x89, 0xfe, 0x89, 0xfe, 0x89, 0xfe, 0x89, 0xfe, 
  0x89, 0xfe, 0x89, 0xfe, 0x89, 0xfe, 0x89, 0xfe, 0x89, 0xfe, 0x89, 0xfe, 
  0x89, 0xfe, 0x89, 0xfe, 0x89, 0xfe, 0x89, 0xfe, 0x89, 0xfe, 0x89, 0xfe, 
  0xa9, 0xfe, 0xe9, 0xfe, 0x89, 0xfe, 0xe9, 0xf5, 0x88, 0xe4, 0x08, 0xcb, 
  0x47, 0xba, 0xe7, 0xb9, 0xc7, 0xb1, 0xc7, 0xb1, 0xe7, 0xb9, 0x07, 0xba, 
  0x27, 0xba, 0x47, 0xba, 0x67, 0xba, 0x67, 0xc2, 0x67, 0xba, 0x47, 0xba, 
  0x07, 0xba, 0xc7, 0xb1, 0x47, 0xa9, 0xe6, 0xa8, 0x47, 0xa9, 0x67, 0xb1, 
  0x47, 0xa9, 0x67, 0xb9, 0xe4, 0x70, 0x00, 0x00, 0x00, 0x00, 0x00, 0x00, 
  0x00, 0x00, 0x00, 0x00, 0x00, 0x00, 0x00, 0x00, 0x00, 0x00, 0x00, 0x00, 
  0x00, 0x00, 0x00, 0x00, 0x00, 0x00, 0x00, 0x00, 0x00, 0x00, 0x00, 0x00, 
  0x00, 0x00, 0x00, 0x00, 0x00, 0x00, 0x00, 0x00, 0x00, 0x00, 0x00, 0x00, 
  0x00, 0x00, 0x00, 0x00, 0x00, 0x00, 0x00, 0x00, 0x00, 0x00, 0x00, 0x00, 
  0x00, 0x00, 0x00, 0x00, 0x00, 0x00, 0x00, 0x00, 0xa2, 0x41, 0x85, 0x8b, 
  0xa7, 0xba, 0x67, 0xb1, 0x07, 0xa9, 0x67, 0xb1, 0x67, 0xb1, 0x67, 0xa9, 
  0x27, 0xb1, 0x68, 0xd3, 0xa9, 0xfe, 0x89, 0xfe, 0x89, 0xfe, 0x89, 0xfe, 
  0x89, 0xfe, 0x89, 0xfe, 0x89, 0xfe, 0x89, 0xfe, 0x89, 0xfe, 0x89, 0xfe, 
  0x89, 0xfe, 0x89, 0xfe, 0x89, 0xfe, 0x89, 0xfe, 0xc9, 0xfe, 0xe9, 0xf5, 
  0xc7, 0xb1, 0x47, 0xa9, 0x67, 0xb1, 0x67, 0xb1, 0x26, 0xa1, 0x20, 0x10, 
  0x00, 0x00, 0x00, 0x00, 0x00, 0x00, 0x00, 0x00, 0x00, 0x00, 0x00, 0x00, 
  0x00, 0x00, 0x00, 0x00, 0x00, 0x00, 0x00, 0x00, 0x00, 0x00, 0x00, 0x00, 
  0x00, 0x00, 0x00, 0x00, 0x00, 0x00, 0x00, 0x00, 0x00, 0x00, 0x00, 0x00, 
  0x00, 0x00, 0x00, 0x00, 0x00, 0x00, 0x00, 0x00, 0x00, 0x00, 0x00, 0x00, 
  0x00, 0x00, 0x00, 0x00, 0x00, 0x00, 0x00, 0x00, 0x00, 0x00, 0x00, 0x00, 
  0x00, 0x00, 0x00, 0x00, 0x00, 0x00, 0x00, 0x00, 0x00, 0x00, 0x00, 0x00, 
  0x00, 0x00, 0x00, 0x00, 0x00, 0x00, 0x00, 0x00, 0x00, 0x00, 0xe1, 0x20, 
  0x49, 0xf6, 0xa9, 0xfe, 0x89, 0xfe, 0x89, 0xfe, 0x89, 0xfe, 0x89, 0xfe, 
  0x89, 0xfe, 0x89, 0xfe, 0x89, 0xfe, 0x89, 0xfe, 0x89, 0xfe, 0x89, 0xfe, 
  0x89, 0xfe, 0x89, 0xfe, 0x89, 0xfe, 0x89, 0xfe, 0x89, 0xfe, 0x89, 0xfe, 
  0xc9, 0xfe, 0x88, 0xd3, 0x27, 0xa9, 0x87, 0xb1, 0x27, 0xa9, 0x68, 0xe4, 
  0xc9, 0xfe, 0x69, 0xfe, 0xa9, 0xfe, 0xe4, 0x72, 0xa4, 0x70, 0x67, 0xb9, 
  0x67, 0xa9, 0x67, 0xa9, 0x67, 0xb1, 0x47, 0xb1, 0xc8, 0xe4, 0xc9, 0xfe, 
  0x89, 0xfe, 0x89, 0xfe, 0x89, 0xfe, 0xa9, 0xfe, 0x49, 0xfe, 0x29, 0xed, 
  0xa9, 0xfe, 0x89, 0xfe, 0x89, 0xfe, 0x89, 0xfe, 0x89, 0xfe, 0x89, 0xfe, 
  0x89, 0xfe, 0xa9, 0xfe, 0xc9, 0xfe, 0x69, 0xed, 0x27, 0xa9, 0x47, 0xa9, 
  0x67, 0xb1, 0x67, 0xb1, 0x46, 0xa1, 0x41, 0x18, 0x00, 0x00, 0x00, 0x00, 
  0x00, 0x00, 0x00, 0x00, 0x00, 0x00, 0x00, 0x00, 0x00, 0x00, 0x00, 0x00, 
  0x00, 0x00, 0x00, 0x00, 0x00, 0x00, 0x00, 0x00, 0x00, 0x00, 0x00, 0x00, 
  0x00, 0x00, 0x00, 0x00, 0x00, 0x00, 0x00, 0x00, 0x00, 0x00, 0x00, 0x00, 
  0x00, 0x00, 0x00, 0x00, 0x00, 0x00, 0x00, 0x00, 0x00, 0x00, 0x00, 0x00, 
  0x00, 0x00, 0x00, 0x00, 0x00, 0x00, 0x00, 0x00, 0x00, 0x00, 0x00, 0x00, 
  0x00, 0x00, 0x00, 0x00, 0x00, 0x00, 0x00, 0x00, 0x00, 0x00, 0x00, 0x00, 
  0x00, 0x00, 0x00, 0x00, 0x00, 0x00, 0x63, 0x5a, 0xca, 0xfe, 0x89, 0xfe, 
  0x89, 0xfe, 0x89, 0xfe, 0x89, 0xfe, 0x89, 0xfe, 0x89, 0xfe, 0x89, 0xfe, 
  0xa9, 0xf5, 0x49, 0xfe, 0xe9, 0xfe, 0x89, 0xfe, 0x89, 0xfe, 0x89, 0xfe, 
  0x89, 0xfe, 0x89, 0xfe, 0x89, 0xfe, 0x89, 0xfe, 0x89, 0xfe, 0x89, 0xfe, 
  0x89, 0xfe, 0x89, 0xfe, 0x89, 0xfe, 0x89, 0xfe, 0xa9, 0xfe, 0xc7, 0xc2, 
  0xc6, 0xa0, 0x67, 0xb1, 0x67, 0xb1, 0x67, 0xa9, 0x67, 0xa9, 0x67, 0xb1, 
  0x87, 0xb9, 0x87, 0xb9, 0x87, 0xb9, 0x87, 0xb9, 0x67, 0xb9, 0x67, 0xb9, 
  0xc4, 0x68, 0x00, 0x00, 0x00, 0x00, 0x00, 0x00, 0x00, 0x00, 0x00, 0x00, 
  0x00, 0x00, 0x00, 0x00, 0x00, 0x00, 0x00, 0x00, 0x00, 0x00, 0x00, 0x00, 
  0x00, 0x00, 0x00, 0x00, 0x00, 0x00, 0x00, 0x00, 0x00, 0x00, 0x00, 0x00, 
  0x00, 0x00, 0x00, 0x00, 0x00, 0x00, 0x00, 0x00, 0x00, 0x00, 0x00, 0x00, 
  0x00, 0x00, 0x00, 0x00, 0x00, 0x00, 0x00, 0x00, 0x00, 0x00, 0x00, 0x00, 
  0x00, 0x00, 0x00, 0x00, 0x00, 0x00, 0x00, 0x00, 0x00, 0x00, 0x00, 0x00, 
  0xc1, 0x18, 0x63, 0x5a, 0xa6, 0xb4, 0x69, 0xfe, 0xa9, 0xfe, 0x89, 0xfe, 
  0x89, 0xfe, 0x89, 0xfe, 0x89, 0xfe, 0x89, 0xfe, 0x89, 0xfe, 0x89, 0xfe, 
  0x89, 0xfe, 0x89, 0xfe, 0x89, 0xfe, 0x89, 0xfe, 0x89, 0xfe, 0x89, 0xfe, 
  0x89, 0xfe, 0x89, 0xfe, 0x89, 0xfe, 0x89, 0xfe, 0xc9, 0xfe, 0xe9, 0xfe, 
  0xe9, 0xf5, 0x88, 0xe4, 0xe7, 0xc2, 0x87, 0xb1, 0x27, 0xa9, 0x07, 0xa9, 
  0x27, 0xa9, 0x47, 0xa9, 0x47, 0xa9, 0x47, 0xa9, 0x47, 0xa9, 0x27, 0xa9, 
  0x27, 0xa9, 0x27, 0xa9, 0x27, 0xa9, 0x27, 0xa9, 0x27, 0xa9, 0x27, 0xa9, 
  0x27, 0xa9, 0x47, 0xa9, 0x67, 0xa9, 0x67, 0xb1, 0x67, 0xb1, 0x67, 0xb1, 
  0x67, 0xb1, 0x67, 0xb1, 0x41, 0x28, 0x00, 0x00, 0x00, 0x00, 0x00, 0x00, 
  0x00, 0x00, 0x00, 0x00, 0x00, 0x00, 0x00, 0x00, 0x00, 0x00, 0x00, 0x00, 
  0x00, 0x00, 0x00, 0x00, 0x00, 0x00, 0x00, 0x00, 0x00, 0x00, 0x00, 0x00, 
  0x00, 0x00, 0x00, 0x00, 0x00, 0x00, 0x00, 0x00, 0x00, 0x00, 0x00, 0x00, 
  0x00, 0x00, 0x00, 0x00, 0x00, 0x00, 0x00, 0x00, 0x00, 0x00, 0x00, 0x00, 
  0x00, 0x00, 0x00, 0x00, 0x00, 0x00, 0x00, 0x00, 0x00, 0x00, 0x00, 0x00, 
  0xc5, 0x80, 0x67, 0xb1, 0x67, 0xa9, 0x67, 0xa9, 0x67, 0xb1, 0x67, 0xb9, 
  0x25, 0x91, 0x62, 0x40, 0xa7, 0xbb, 0xea, 0xfe, 0x69, 0xfe, 0x89, 0xfe, 
  0x89, 0xfe, 0x89, 0xfe, 0x89, 0xfe, 0x89, 0xfe, 0x89, 0xfe, 0x89, 0xfe, 
  0x89, 0xfe, 0x89, 0xfe, 0x89, 0xfe, 0x89, 0xfe, 0x89, 0xfe, 0xc7, 0xc2, 
  0x07, 0xa9, 0x87, 0xb1, 0x47, 0xa9, 0x67, 0xb1, 0x62, 0x38, 0x00, 0x00, 
  0x00, 0x00, 0x00, 0x00, 0x00, 0x00, 0x00, 0x00, 0x00, 0x00, 0x00, 0x00, 
  0x00, 0x00, 0x00, 0x00, 0x00, 0x00, 0x00, 0x00, 0x00, 0x00, 0x00, 0x00, 
  0x00, 0x00, 0x00, 0x00, 0x00, 0x00, 0x00, 0x00, 0x00, 0x00, 0x00, 0x00, 
  0x00, 0x00, 0x00, 0x00, 0x00, 0x00, 0x00, 0x00, 0x00, 0x00, 0x00, 0x00, 
  0x00, 0x00, 0x00, 0x00, 0x00, 0x00, 0x00, 0x00, 0x00, 0x00, 0x00, 0x00, 
  0x00, 0x00, 0x00, 0x00, 0x00, 0x00, 0x00, 0x00, 0x00, 0x00, 0x00, 0x00, 
  0x00, 0x00, 0x00, 0x00, 0x00, 0x00, 0x00, 0x00, 0x00, 0x00, 0x26, 0xa4, 
  0xea, 0xfe, 0x89, 0xfe, 0x89, 0xfe, 0x89, 0xfe, 0x89, 0xfe, 0x89, 0xfe, 
  0x89, 0xfe, 0x89, 0xfe, 0x89, 0xfe, 0x89, 0xfe, 0x89, 0xfe, 0x89, 0xfe, 
  0x89, 0xfe, 0x89, 0xfe, 0x89, 0xfe, 0x89, 0xfe, 0x89, 0xfe, 0xc9, 0xfe, 
  0x08, 0xdc, 0x27, 0xa9, 0x67, 0xb1, 0x27, 0xa9, 0x47, 0xba, 0x69, 0xfe, 
  0x89, 0xfe, 0xea, 0xfe, 0x26, 0x9c, 0x63, 0x48, 0x87, 0xb9, 0x67, 0xa9, 
  0x67, 0xa9, 0x67, 0xb9, 0x46, 0xa9, 0xa4, 0x60, 0xe7, 0xcc, 0xc9, 0xfe, 
  0x89, 0xfe, 0x89, 0xfe, 0x89, 0xfe, 0x89, 0xfe, 0x89, 0xfe, 0xa9, 0xfe, 
  0x89, 0xfe, 0x89, 0xfe, 0x89, 0xfe, 0x89, 0xfe, 0x89, 0xfe, 0x89, 0xfe, 
  0xa9, 0xfe, 0xe9, 0xf5, 0x49, 0xfe, 0xa9, 0xfe, 0xa8, 0xe4, 0xe7, 0xb9, 
  0x07, 0xa9, 0x06, 0xa9, 0x01, 0x28, 0x00, 0x00, 0x00, 0x00, 0x00, 0x00, 
  0x00, 0x00, 0x00, 0x00, 0x00, 0x00, 0x00, 0x00, 0x00, 0x00, 0x00, 0x00, 
  0x00, 0x00, 0x00, 0x00, 0x00, 0x00, 0x00, 0x00, 0x00, 0x00, 0x00, 0x00, 
  0x00, 0x00, 0x00, 0x00, 0x00, 0x00, 0x00, 0x00, 0x00, 0x00, 0x00, 0x00, 
  0x00, 0x00, 0x00, 0x00, 0x00, 0x00, 0x00, 0x00, 0x00, 0x00, 0x00, 0x00, 
  0x00, 0x00, 0x00, 0x00, 0x00, 0x00, 0x00, 0x00, 0x00, 0x00, 0x00, 0x00, 
  0x00, 0x00, 0x00, 0x00, 0x00, 0x00, 0x00, 0x00, 0x00, 0x00, 0x00, 0x00, 
  0x00, 0x00, 0x00, 0x00, 0x80, 0x10, 0xc8, 0xdd, 0xc9, 0xfe, 0x89, 0xfe, 
  0x89, 0xfe, 0x89, 0xfe, 0x89, 0xfe, 0x89, 0xfe, 0x89, 0xfe, 0x89, 0xfe, 
  0xc9, 0xfe, 0xa9, 0xfe, 0x69, 0xfe, 0x89, 0xfe, 0x89, 0xfe, 0x89, 0xfe, 
  0x89, 0xfe, 0x89, 0xfe, 0x89, 0xfe, 0x89, 0xfe, 0xa9, 0xfe, 0x89, 0xfe, 
  0x89, 0xfe, 0x89, 0xfe, 0x89, 0xfe, 0x89, 0xfe, 0x69, 0xfe, 0xa7, 0xc2, 
  0x27, 0xa9, 0x67, 0xb1, 0x67, 0xb1, 0x67, 0xb9, 0x67, 0xb9, 0x46, 0xa1, 
  0x05, 0x89, 0xe5, 0x78, 0xe4, 0x70, 0xe4, 0x70, 0xc4, 0x60, 0x62, 0x38, 
  0x00, 0x00, 0x00, 0x00, 0x00, 0x00, 0x00, 0x00, 0x00, 0x00, 0x00, 0x00, 
  0x00, 0x00, 0x00, 0x00, 0x00, 0x00, 0x00, 0x00, 0x00, 0x00, 0x00, 0x00, 
  0x00, 0x00, 0x00, 0x00, 0x00, 0x00, 0x00, 0x00, 0x00, 0x00, 0x00, 0x00, 
  0x00, 0x00, 0x00, 0x00, 0x00, 0x00, 0x00, 0x00, 0x00, 0x00, 0x00, 0x00, 
  0x00, 0x00, 0x00, 0x00, 0x00, 0x00, 0x00, 0x00, 0x00, 0x00, 0x00, 0x00, 
  0x00, 0x00, 0x00, 0x00, 0x00, 0x00, 0x20, 0x00, 0xc2, 0x41, 0x26, 0xa4, 
  0xc8, 0xdd, 0xea, 0xfe, 0xea, 0xfe, 0x89, 0xfe, 0x89, 0xfe, 0x89, 0xfe, 
  0x89, 0xfe, 0x89, 0xfe, 0x89, 0xfe, 0x89, 0xfe, 0x89, 0xfe, 0x89, 0xfe, 
  0x89, 0xfe, 0x89, 0xfe, 0x89, 0xfe, 0x89, 0xfe, 0x89, 0xfe, 0x89, 0xfe, 
  0x69, 0xfe, 0xa9, 0xfe, 0xc9, 0xfe, 0x89, 0xfe, 0x69, 0xed, 0x48, 0xcb, 
  0xe7, 0xb9, 0x07, 0xa9, 0x27, 0xa9, 0x47, 0xa9, 0x67, 0xb1, 0x67, 0xa9, 
  0x67, 0xb1, 0x67, 0xb1, 0x87, 0xb9, 0x67, 0xb1, 0x67, 0xb1, 0x67, 0xb1, 
  0x67, 0xb1, 0x67, 0xb1, 0x67, 0xb1, 0x67, 0xb1, 0x87, 0xb9, 0x87, 0xb9, 
  0x87, 0xb9, 0x67, 0xb9, 0x67, 0xb1, 0x67, 0xb1, 0x67, 0xb1, 0x46, 0xa9, 
  0x05, 0x89, 0x62, 0x30, 0x00, 0x00, 0x00, 0x00, 0x00, 0x00, 0x00, 0x00, 
  0x00, 0x00, 0x00, 0x00, 0x00, 0x00, 0x00, 0x00, 0x00, 0x00, 0x00, 0x00, 
  0x00, 0x00, 0x00, 0x00, 0x00, 0x00, 0x00, 0x00, 0x00, 0x00, 0x00, 0x00, 
  0x00, 0x00, 0x00, 0x00, 0x00, 0x00, 0x00, 0x00, 0x00, 0x00, 0x00, 0x00, 
  0x00, 0x00, 0x00, 0x00, 0x00, 0x00, 0x00, 0x00, 0x00, 0x00, 0x00, 0x00, 
  0x00, 0x00, 0x00, 0x00, 0x00, 0x00, 0x00, 0x00, 0x00, 0x00, 0x00, 0x00, 
  0xc3, 0x58, 0x87, 0xc1, 0x67, 0xb1, 0x67, 0xb9, 0x46, 0xa1, 0xa3, 0x50, 
  0x20, 0x08, 0x00, 0x00, 0x40, 0x10, 0xa8, 0xcc, 0xea, 0xfe, 0x69, 0xfe, 
  0x89, 0xfe, 0x89, 0xfe, 0x89, 0xfe, 0x89, 0xfe, 0x89, 0xfe, 0x89, 0xfe, 
  0x89, 0xfe, 0x89, 0xfe, 0x89, 0xfe, 0x89, 0xfe, 0x89, 0xfe, 0x28, 0xdc, 
  0x87, 0xb1, 0x27, 0xa9, 0x87, 0xb9, 0xc4, 0x68, 0x00, 0x00, 0x00, 0x00, 
  0x00, 0x00, 0x00, 0x00, 0x00, 0x00, 0x00, 0x00, 0x00, 0x00, 0x00, 0x00, 
  0x00, 0x00, 0x00, 0x00, 0x00, 0x00, 0x00, 0x00, 0x00, 0x00, 0x00, 0x00, 
  0x00, 0x00, 0x00, 0x00, 0x00, 0x00, 0x00, 0x00, 0x00, 0x00, 0x00, 0x00, 
  0x00, 0x00, 0x00, 0x00, 0x00, 0x00, 0x00, 0x00, 0x00, 0x00, 0x00, 0x00, 
  0x00, 0x00, 0x00, 0x00, 0x00, 0x00, 0x00, 0x00, 0x00, 0x00, 0x00, 0x00, 
  0x00, 0x00, 0x00, 0x00, 0x00, 0x00, 0x00, 0x00, 0x00, 0x00, 0x00, 0x00, 
  0x00, 0x00, 0x00, 0x00, 0x00, 0x00, 0x00, 0x00, 0x82, 0x39, 0x89, 0xf6, 
  0x89, 0xfe, 0x89, 0xfe, 0x89, 0xfe, 0x89, 0xfe, 0x89, 0xfe, 0x89, 0xfe, 
  0x89, 0xfe, 0x89, 0xfe, 0x89, 0xfe, 0x89, 0xfe, 0x89, 0xfe, 0x89, 0xfe, 
  0x89, 0xfe, 0x89, 0xfe, 0x89, 0xfe, 0x89, 0xfe, 0xc9, 0xfe, 0x88, 0xe4, 
  0x47, 0xa9, 0x67, 0xb1, 0x67, 0xb1, 0x27, 0xa9, 0x88, 0xe4, 0xe9, 0xfe, 
  0x89, 0xfe, 0x49, 0xee, 0x63, 0x49, 0x06, 0x99, 0x67, 0xb1, 0x47, 0xa9, 
  0x67, 0xb9, 0xe4, 0x78, 0x41, 0x18, 0x00, 0x00, 0x27, 0xcd, 0xc9, 0xfe, 
  0x89, 0xfe, 0x89, 0xfe, 0x89, 0xfe, 0x89, 0xfe, 0x89, 0xfe, 0x89, 0xfe, 
  0x89, 0xfe, 0x89, 0xfe, 0x89, 0xfe, 0x89, 0xfe, 0x89, 0xfe, 0xc9, 0xfe, 
  0x28, 0xdc, 0xc7, 0xb1, 0x49, 0xed, 0xc9, 0xfe, 0xc9, 0xfe, 0x09, 0xf6, 
  0xa8, 0xe4, 0x66, 0xab, 0xe4, 0x6a, 0x44, 0x7b, 0xc4, 0x6a, 0xa2, 0x41, 
  0x40, 0x08, 0x00, 0x00, 0x00, 0x00, 0x00, 0x00, 0x00, 0x00, 0x00, 0x00, 
  0x00, 0x00, 0x00, 0x00, 0x00, 0x00, 0x00, 0x00, 0x00, 0x00, 0x00, 0x00, 
  0x00, 0x00, 0x00, 0x00, 0x00, 0x00, 0x00, 0x00, 0x00, 0x00, 0x00, 0x00, 
  0x00, 0x00, 0x00, 0x00, 0x00, 0x00, 0x00, 0x00, 0x00, 0x00, 0x00, 0x00, 
  0x00, 0x00, 0x00, 0x00, 0x00, 0x00, 0x00, 0x00, 0x00, 0x00, 0x00, 0x00, 
  0x00, 0x00, 0x00, 0x00, 0x00, 0x00, 0x00, 0x00, 0x00, 0x00, 0x20, 0x00, 
  0x00, 0x00, 0x00, 0x00, 0x06, 0xa4, 0xea, 0xfe, 0x69, 0xfe, 0x89, 0xfe, 
  0x89, 0xfe, 0x89, 0xfe, 0x89, 0xfe, 0x89, 0xfe, 0x89, 0xfe, 0x89, 0xfe, 
  0x89, 0xfe, 0x89, 0xfe, 0x89, 0xfe, 0x89, 0xfe, 0x89, 0xfe, 0x89, 0xfe, 
  0x89, 0xfe, 0x89, 0xfe, 0xc9, 0xfe, 0x69, 0xfe, 0xa9, 0xf5, 0xa9, 0xfe, 
  0x89, 0xfe, 0x89, 0xfe, 0x89, 0xfe, 0xa9, 0xfe, 0x29, 0xfe, 0x47, 0xba, 
  0x27, 0xa9, 0x67, 0xb1, 0x46, 0x99, 0xc4, 0x68, 0x62, 0x38, 0x21, 0x18, 
  0x00, 0x08, 0x00, 0x00, 0x00, 0x00, 0x00, 0x00, 0x00, 0x00, 0x00, 0x00, 
  0x00, 0x00, 0x00, 0x00, 0x00, 0x00, 0x00, 0x00, 0x00, 0x00, 0x00, 0x00, 
  0x00, 0x00, 0x00, 0x00, 0x00, 0x00, 0x00, 0x00, 0x00, 0x00, 0x00, 0x00, 
  0x00, 0x00, 0x00, 0x00, 0x00, 0x00, 0x00, 0x00, 0x00, 0x00, 0x00, 0x00, 
  0x00, 0x00, 0x00, 0x00, 0x00, 0x00, 0x00, 0x00, 0x00, 0x00, 0x00, 0x00, 
  0x00, 0x00, 0x00, 0x00, 0x00, 0x00, 0x00, 0x00, 0x00, 0x00, 0x00, 0x00, 
  0x00, 0x00, 0x62, 0x31, 0x24, 0x7b, 0x88, 0xdd, 0xa9, 0xfe, 0xea, 0xfe, 
  0xc9, 0xfe, 0x69, 0xfe, 0x89, 0xfe, 0x89, 0xfe, 0x89, 0xfe, 0x89, 0xfe, 
  0x89, 0xfe, 0x89, 0xfe, 0x89, 0xfe, 0x89, 0xfe, 0x89, 0xfe, 0x89, 0xfe, 
  0x89, 0xfe, 0x89, 0xfe, 0x89, 0xfe, 0x89, 0xfe, 0x89, 0xfe, 0xa9, 0xfe, 
  0xe9, 0xfe, 0x49, 0xfe, 0xa8, 0xe4, 0xa7, 0xc2, 0x67, 0xb1, 0x27, 0xa9, 
  0x27, 0xa9, 0x67, 0xb1, 0x67, 0xa9, 0x67, 0xb1, 0x67, 0xb1, 0x67, 0xb9, 
  0x67, 0xb1, 0x25, 0x91, 0xe4, 0x70, 0xa3, 0x50, 0x82, 0x38, 0x62, 0x38, 
  0x82, 0x40, 0x82, 0x48, 0x83, 0x48, 0xa3, 0x50, 0xa3, 0x58, 0xc3, 0x60, 
  0xc4, 0x60, 0xc3, 0x60, 0xa3, 0x50, 0x83, 0x48, 0x62, 0x30, 0x20, 0x10, 
  0x00, 0x00, 0x00, 0x00, 0x00, 0x00, 0x00, 0x00, 0x00, 0x00, 0x00, 0x00, 
  0x00, 0x00, 0x00, 0x00, 0x00, 0x00, 0x00, 0x00, 0x00, 0x00, 0x00, 0x00, 
  0x00, 0x00, 0x00, 0x00, 0x00, 0x00, 0x00, 0x00, 0x00, 0x00, 0x00, 0x00, 
  0x00, 0x00, 0x00, 0x00, 0x00, 0x00, 0x00, 0x00, 0x00, 0x00, 0x00, 0x00, 
  0x00, 0x00, 0x00, 0x00, 0x00, 0x00, 0x00, 0x00, 0x00, 0x00, 0x00, 0x00, 
  0x00, 0x00, 0x00, 0x00, 0x00, 0x00, 0x00, 0x00, 0x00, 0x00, 0x00, 0x00, 
  0x20, 0x10, 0x05, 0x79, 0x25, 0x91, 0xa3, 0x58, 0x20, 0x10, 0x00, 0x00, 
  0x00, 0x00, 0x00, 0x00, 0x00, 0x00, 0xa1, 0x20, 0x48, 0xdd, 0xc9, 0xfe, 
  0x89, 0xfe, 0x89, 0xfe, 0x89, 0xfe, 0x89, 0xfe, 0x89, 0xfe, 0x89, 0xfe, 
  0x89, 0xfe, 0x89, 0xfe, 0x89, 0xfe, 0x89, 0xfe, 0x89, 0xfe, 0xe9, 0xfe, 
  0x89, 0xed, 0x27, 0xc2, 0xe6, 0x90, 0x20, 0x08, 0x00, 0x00, 0x00, 0x00, 
  0x00, 0x00, 0x00, 0x00, 0x00, 0x00, 0x00, 0x00, 0x00, 0x00, 0x00, 0x00, 
  0x00, 0x00, 0x00, 0x00, 0x00, 0x00, 0x00, 0x00, 0x00, 0x00, 0x00, 0x00, 
  0x00, 0x00, 0x00, 0x00, 0x00, 0x00, 0x00, 0x00, 0x00, 0x00, 0x00, 0x00, 
  0x00, 0x00, 0x00, 0x00, 0x00, 0x00, 0x00, 0x00, 0x00, 0x00, 0x00, 0x00, 
  0x00, 0x00, 0x00, 0x00, 0x00, 0x00, 0x00, 0x00, 0x00, 0x00, 0x00, 0x00, 
  0x00, 0x00, 0x00, 0x00, 0x00, 0x00, 0x00, 0x00, 0x00, 0x00, 0x00, 0x00, 
  0x00, 0x00, 0x00, 0x00, 0x00, 0x00, 0x00, 0x00, 0xe7, 0xbc, 0xea, 0xfe, 
  0x89, 0xfe, 0x89, 0xfe, 0x89, 0xfe, 0x89, 0xfe, 0x89, 0xfe, 0x89, 0xfe, 
  0x89, 0xfe, 0x89, 0xfe, 0x89, 0xfe, 0x89, 0xfe, 0x89, 0xfe, 0x89, 0xfe, 
  0x89, 0xfe, 0x89, 0xfe, 0x89, 0xfe, 0xa9, 0xfe, 0xa9, 0xf5, 0x87, 0xb1, 
  0x47, 0xa9, 0x67, 0xb1, 0x27, 0xa9, 0x27, 0xba, 0x49, 0xfe, 0x89, 0xfe, 
  0xca, 0xfe, 0x66, 0xac, 0xa4, 0x68, 0x87, 0xb9, 0x47, 0xa9, 0x67, 0xb1, 
  0xa3, 0x58, 0x00, 0x00, 0x00, 0x00, 0x00, 0x00, 0xa8, 0xdd, 0xc9, 0xfe, 
  0x89, 0xfe, 0x89, 0xfe, 0x89, 0xfe, 0x89, 0xfe, 0x89, 0xfe, 0x89, 0xfe, 
  0x89, 0xfe, 0x89, 0xfe, 0x89, 0xfe, 0x89, 0xfe, 0x89, 0xfe, 0x69, 0xfe, 
  0x68, 0xdc, 0xc8, 0xe4, 0x49, 0xfe, 0xa9, 0xfe, 0x69, 0xfe, 0xa9, 0xfe, 
  0xc9, 0xfe, 0xa9, 0xfe, 0xc9, 0xfe, 0xca, 0xfe, 0xa9, 0xfe, 0xa9, 0xfe, 
  0xc8, 0xdd, 0xc4, 0x6a, 0x20, 0x00, 0x00, 0x00, 0x00, 0x00, 0x00, 0x00, 
  0x00, 0x00, 0x00, 0x00, 0x00, 0x00, 0x00, 0x00, 0x00, 0x00, 0x00, 0x00, 
  0x00, 0x00, 0x00, 0x00, 0x00, 0x00, 0x00, 0x00, 0x00, 0x00, 0x00, 0x00, 
  0x00, 0x00, 0x00, 0x00, 0x00, 0x00, 0x00, 0x00, 0x00, 0x00, 0x00, 0x00, 
  0x00, 0x00, 0x00, 0x00, 0x00, 0x00, 0x00, 0x00, 0x00, 0x00, 0x00, 0x00, 
  0x00, 0x00, 0x00, 0x00, 0x00, 0x00, 0x00, 0x00, 0x00, 0x00, 0x00, 0x00, 
  0x60, 0x08, 0x65, 0x83, 0xc9, 0xfe, 0x89, 0xfe, 0x89, 0xfe, 0x89, 0xfe, 
  0x89, 0xfe, 0x89, 0xfe, 0x89, 0xfe, 0x89, 0xfe, 0x89, 0xfe, 0x89, 0xfe, 
  0x89, 0xfe, 0x89, 0xfe, 0x89, 0xfe, 0x89, 0xfe, 0x89, 0xfe, 0x89, 0xfe, 
  0x89, 0xfe, 0xe9, 0xfe, 0xa9, 0xf5, 0x67, 0xc2, 0xe8, 0xd3, 0xe9, 0xfe, 
  0x89, 0xfe, 0x89, 0xfe, 0x89, 0xfe, 0xa9, 0xfe, 0xe9, 0xf5, 0xe7, 0xb1, 
  0x47, 0xb1, 0x46, 0xa1, 0x21, 0x18, 0x00, 0x00, 0x00, 0x00, 0x00, 0x00, 
  0x00, 0x00, 0x00, 0x00, 0x00, 0x00, 0x00, 0x00, 0x00, 0x00, 0x00, 0x00, 
  0x00, 0x00, 0x00, 0x00, 0x00, 0x00, 0x00, 0x00, 0x00, 0x00, 0x00, 0x00, 
  0x00, 0x00, 0x00, 0x00, 0x00, 0x00, 0x00, 0x00, 0x00, 0x00, 0x00, 0x00, 
  0x00, 0x00, 0x00, 0x00, 0x00, 0x00, 0x00, 0x00, 0x00, 0x00, 0x00, 0x00, 
  0x00, 0x00, 0x00, 0x00, 0x00, 0x00, 0x00, 0x00, 0x00, 0x00, 0x00, 0x00, 
  0x20, 0x00, 0x00, 0x00, 0x00, 0x00, 0x00, 0x00, 0x80, 0x10, 0xc4, 0x6a, 
  0xc7, 0xbc, 0x49, 0xf6, 0x0a, 0xff, 0xa9, 0xfe, 0x89, 0xfe, 0x89, 0xfe, 
  0x89, 0xfe, 0x89, 0xfe, 0x89, 0xfe, 0x89, 0xfe, 0x89, 0xfe, 0x89, 0xfe, 
  0x89, 0xfe, 0x89, 0xfe, 0x89, 0xfe, 0x89, 0xfe, 0x89, 0xfe, 0x89, 0xfe, 
  0x89, 0xfe, 0x89, 0xfe, 0x89, 0xfe, 0xc9, 0xfe, 0xc9, 0xfe, 0x09, 0xfe, 
  0x08, 0xdc, 0x47, 0xba, 0x27, 0xa9, 0x27, 0xa9, 0x67, 0xb1, 0x67, 0xb1, 
  0x67, 0xa9, 0x67, 0xb1, 0x67, 0xb9, 0x67, 0xb1, 0x26, 0x99, 0xa3, 0x58, 
  0x61, 0x28, 0x20, 0x08, 0x00, 0x00, 0x00, 0x00, 0x00, 0x00, 0x00, 0x00, 
  0x00, 0x00, 0x00, 0x00, 0x00, 0x00, 0x00, 0x00, 0x00, 0x00, 0x00, 0x00, 
  0x00, 0x00, 0x00, 0x00, 0x00, 0x00, 0x00, 0x00, 0x00, 0x00, 0x00, 0x00, 
  0x00, 0x00, 0x00, 0x00, 0x00, 0x00, 0x00, 0x00, 0x00, 0x00, 0x00, 0x00, 
  0x00, 0x00, 0x00, 0x00, 0x00, 0x00, 0x00, 0x00, 0x00, 0x00, 0x00, 0x00, 
  0x00, 0x00, 0x00, 0x00, 0x00, 0x00, 0x00, 0x00, 0x00, 0x00, 0x00, 0x00, 
  0x00, 0x00, 0x00, 0x00, 0x00, 0x00, 0x00, 0x00, 0x00, 0x00, 0x00, 0x00, 
  0x00, 0x00, 0x00, 0x00, 0x00, 0x00, 0x00, 0x00, 0x00, 0x00, 0x00, 0x00, 
  0x00, 0x00, 0x00, 0x00, 0x00, 0x00, 0x00, 0x00, 0x00, 0x00, 0x00, 0x00, 
  0x00, 0x00, 0x00, 0x00, 0x00, 0x00, 0x00, 0x00, 0x00, 0x00, 0x00, 0x00, 
  0x00, 0x00, 0x00, 0x00, 0x00, 0x00, 0x00, 0x00, 0x66, 0xb4, 0xea, 0xfe, 
  0x89, 0xfe, 0x89, 0xfe, 0x89, 0xfe, 0x89, 0xfe, 0x89, 0xfe, 0x89, 0xfe, 
  0x89, 0xfe, 0x89, 0xfe, 0x89, 0xfe, 0x89, 0xfe, 0x89, 0xfe, 0x69, 0xfe, 
  0xc9, 0xfe, 0x09, 0xfe, 0x02, 0x41, 0x00, 0x00, 0x00, 0x00, 0x00, 0x00, 
  0x00, 0x00, 0x00, 0x00, 0x00, 0x00, 0x00, 0x00, 0x00, 0x00, 0x00, 0x00, 
  0x00, 0x00, 0x00, 0x00, 0x00, 0x00, 0x00, 0x00, 0x00, 0x00, 0x00, 0x00, 
  0x00, 0x00, 0x00, 0x00, 0x00, 0x00, 0x00, 0x00, 0x00, 0x00, 0x00, 0x00, 
  0x00, 0x00, 0x00, 0x00, 0x00, 0x00, 0x00, 0x00, 0x00, 0x00, 0x00, 0x00, 
  0x00, 0x00, 0x00, 0x00, 0x00, 0x00, 0x00, 0x00, 0x00, 0x00, 0x00, 0x00, 
  0x00, 0x00, 0x00, 0x00, 0x00, 0x00, 0x00, 0x00, 0x00, 0x00, 0x00, 0x00, 
  0x00, 0x00, 0x00, 0x00, 0x00, 0x00, 0x43, 0x5a, 0xc9, 0xfe, 0x89, 0xfe, 
  0x89, 0xfe, 0x89, 0xfe, 0x89, 0xfe, 0x89, 0xfe, 0x89, 0xfe, 0x89, 0xfe, 
  0x89, 0xfe, 0x89, 0xfe, 0x89, 0xfe, 0x89, 0xfe, 0x89, 0xfe, 0x89, 0xfe, 
  0x89, 0xfe, 0x89, 0xfe, 0x89, 0xfe, 0xc9, 0xfe, 0xa8, 0xe4, 0x47, 0xa9, 
  0x67, 0xb1, 0x67, 0xb1, 0x27, 0xa9, 0x07, 0xcc, 0xc9, 0xfe, 0x69, 0xfe, 
  0xc9, 0xfe, 0x24, 0x6a, 0x06, 0xa1, 0x67, 0xb1, 0x67, 0xb9, 0xe4, 0x70, 
  0x00, 0x00, 0x00, 0x00, 0x00, 0x00, 0x20, 0x00, 0xe8, 0xed, 0xa9, 0xfe, 
  0x89, 0xfe, 0x89, 0xfe, 0x89, 0xfe, 0x89, 0xfe, 0x89, 0xfe, 0x89, 0xfe, 
  0x89, 0xfe, 0x89, 0xfe, 0x89, 0xfe, 0x89, 0xfe, 0x89, 0xfe, 0x89, 0xfe, 
  0xc9, 0xfe, 0xc9, 0xfe, 0x89, 0xfe, 0x89, 0xfe, 0x89, 0xfe, 0x89, 0xfe, 
  0x89, 0xfe, 0x89, 0xfe, 0x89, 0xfe, 0x89, 0xfe, 0x89, 0xfe, 0x89, 0xfe, 
  0xa9, 0xfe, 0x0a, 0xff, 0x66, 0xac, 0x40, 0x08, 0x00, 0x00, 0x00, 0x00, 
  0x00, 0x00, 0x00, 0x00, 0x00, 0x00, 0x00, 0x00, 0x00, 0x00, 0x00, 0x00, 
  0x00, 0x00, 0x00, 0x00, 0x00, 0x00, 0x00, 0x00, 0x00, 0x00, 0x00, 0x00, 
  0x00, 0x00, 0x00, 0x00, 0x00, 0x00, 0x00, 0x00, 0x00, 0x00, 0x00, 0x00, 
  0x00, 0x00, 0x00, 0x00, 0x00, 0x00, 0x00, 0x00, 0x00, 0x00, 0x00, 0x00, 
  0x00, 0x00, 0x00, 0x00, 0x00, 0x00, 0x00, 0x00, 0x83, 0x62, 0x46, 0xa4, 
  0x47, 0xcd, 0xa9, 0xfe, 0x89, 0xfe, 0x89, 0xfe, 0x89, 0xfe, 0x89, 0xfe, 
  0x89, 0xfe, 0x89, 0xfe, 0x89, 0xfe, 0x89, 0xfe, 0x89, 0xfe, 0x89, 0xfe, 
  0x89, 0xfe, 0x89, 0xfe, 0x89, 0xfe, 0x89, 0xfe, 0x89, 0xfe, 0xc9, 0xfe, 
  0x89, 0xfe, 0x48, 0xdc, 0xa7, 0xb1, 0x07, 0xa9, 0x68, 0xdc, 0xe9, 0xfe, 
  0x89, 0xfe, 0x89, 0xfe, 0x89, 0xfe, 0xc9, 0xfe, 0xc9, 0xf5, 0xa7, 0xb1, 
  0x67, 0xb1, 0x26, 0x91, 0x00, 0x08, 0x00, 0x00, 0x00, 0x00, 0x00, 0x00, 
  0x00, 0x00, 0x00, 0x00, 0x00, 0x00, 0x00, 0x00, 0x00, 0x00, 0x00, 0x00, 
  0x00, 0x00, 0x00, 0x00, 0x00, 0x00, 0x00, 0x00, 0x00, 0x00, 0x00, 0x00, 
  0x00, 0x00, 0x00, 0x00, 0x00, 0x00, 0x00, 0x00, 0x00, 0x00, 0x00, 0x00, 
  0x00, 0x00, 0x00, 0x00, 0x00, 0x00, 0x00, 0x00, 0x00, 0x00, 0x00, 0x00, 
  0x00, 0x00, 0x00, 0x00, 0x00, 0x00, 0x00, 0x00, 0x00, 0x00, 0x00, 0x00, 
  0x00, 0x00, 0x60, 0x10, 0xe2, 0x49, 0x26, 0xa4, 0x29, 0xee, 0xca, 0xfe, 
  0xea, 0xfe, 0x89, 0xfe, 0x69, 0xfe, 0x89, 0xfe, 0x89, 0xfe, 0x89, 0xfe, 
  0x89, 0xfe, 0x89, 0xfe, 0x89, 0xfe, 0x89, 0xfe, 0x89, 0xfe, 0x89, 0xfe, 
  0x89, 0xfe, 0x89, 0xfe, 0x89, 0xfe, 0x89, 0xfe, 0x89, 0xfe, 0x89, 0xfe, 
  0x89, 0xfe, 0x89, 0xfe, 0xc9, 0xfe, 0xc9, 0xf5, 0xc8, 0xd3, 0xc7, 0xb1, 
  0x27, 0xa9, 0x27, 0xa9, 0x67, 0xb1, 0x67, 0xa9, 0x67, 0xa9, 0x67, 0xb1, 
  0x67, 0xb9, 0x46, 0xa1, 0xe4, 0x70, 0x62, 0x30, 0x00, 0x00, 0x00, 0x00, 
  0x00, 0x00, 0x00, 0x00, 0x00, 0x00, 0x00, 0x00, 0x00, 0x00, 0x00, 0x00, 
  0x00, 0x00, 0x00, 0x00, 0x00, 0x00, 0x00, 0x00, 0x00, 0x00, 0x00, 0x00, 
  0x00, 0x00, 0x00, 0x00, 0x00, 0x00, 0x00, 0x00, 0x00, 0x00, 0x00, 0x00, 
  0x00, 0x00, 0x00, 0x00, 0x00, 0x00, 0x00, 0x00, 0x00, 0x00, 0x00, 0x00, 
  0x00, 0x00, 0x00, 0x00, 0x00, 0x00, 0x00, 0x00, 0x00, 0x00, 0x00, 0x00, 
  0x00, 0x00, 0x00, 0x00, 0x00, 0x00, 0x00, 0x00, 0x00, 0x00, 0x00, 0x00, 
  0x00, 0x00, 0x00, 0x00, 0x00, 0x00, 0x00, 0x00, 0x00, 0x00, 0x00, 0x00, 
  0x00, 0x00, 0x00, 0x00, 0x00, 0x00, 0x00, 0x00, 0x00, 0x00, 0x00, 0x00, 
  0x00, 0x00, 0x00, 0x00, 0x00, 0x00, 0x00, 0x00, 0x00, 0x00, 0x00, 0x00, 
  0x00, 0x00, 0x00, 0x00, 0x00, 0x00, 0x00, 0x00, 0x00, 0x00, 0x00, 0x00, 
  0x00, 0x00, 0x00, 0x00, 0x00, 0x00, 0x83, 0x62, 0xca, 0xfe, 0x89, 0xfe, 
  0x89, 0xfe, 0x89, 0xfe, 0x89, 0xfe, 0x89, 0xfe, 0x89, 0xfe, 0x89, 0xfe, 
  0x89, 0xfe, 0x89, 0xfe, 0x89, 0xfe, 0x89, 0xfe, 0x89, 0xfe, 0x89, 0xfe, 
  0x69, 0xfe, 0xea, 0xfe, 0x46, 0xa4, 0x00, 0x00, 0x00, 0x00, 0x00, 0x00, 
  0x00, 0x00, 0x00, 0x00, 0x00, 0x00, 0x00, 0x00, 0x00, 0x00, 0x00, 0x00, 
  0x00, 0x00, 0x00, 0x00, 0x00, 0x00, 0x00, 0x00, 0x00, 0x00, 0x00, 0x00, 
  0x00, 0x00, 0x00, 0x00, 0x00, 0x00, 0x00, 0x00, 0x00, 0x00, 0x00, 0x00, 
  0x00, 0x00, 0x00, 0x00, 0x00, 0x00, 0x00, 0x00, 0x00, 0x00, 0x00, 0x00, 
  0x00, 0x00, 0x00, 0x00, 0x00, 0x00, 0x00, 0x00, 0x00, 0x00, 0x00, 0x00, 
  0x00, 0x00, 0x00, 0x00, 0x00, 0x00, 0x00, 0x00, 0x00, 0x00, 0x00, 0x00, 
  0x00, 0x00, 0x00, 0x00, 0x60, 0x10, 0xa8, 0xdd, 0xca, 0xfe, 0x89, 0xfe, 
  0x89, 0xfe, 0x89, 0xfe, 0x89, 0xfe, 0x89, 0xfe, 0x89, 0xfe, 0x89, 0xfe, 
  0x89, 0xfe, 0x89, 0xfe, 0x89, 0xfe, 0x89, 0xfe, 0x89, 0xfe, 0x89, 0xfe, 
  0x89, 0xfe, 0x89, 0xfe, 0x89, 0xfe, 0xc9, 0xfe, 0x68, 0xdc, 0x47, 0xa9, 
  0x67, 0xb1, 0x67, 0xb1, 0x65, 0x81, 0xe8, 0xe5, 0xa9, 0xfe, 0xca, 0xfe, 
  0x47, 0xcd, 0x45, 0x81, 0x47, 0xb1, 0x67, 0xb1, 0x46, 0xa1, 0x20, 0x10, 
  0x00, 0x00, 0x00, 0x00, 0x00, 0x00, 0x80, 0x10, 0x08, 0xee, 0xa9, 0xfe, 
  0x89, 0xfe, 0x89, 0xfe, 0x89, 0xfe, 0x89, 0xfe, 0x89, 0xfe, 0x89, 0xfe, 
  0x89, 0xfe, 0x89, 0xfe, 0x89, 0xfe, 0x89, 0xfe, 0x89, 0xfe, 0x89, 0xfe, 
  0x89, 0xfe, 0x89, 0xfe, 0x89, 0xfe, 0x89, 0xfe, 0x89, 0xfe, 0x89, 0xfe, 
  0x89, 0xfe, 0x89, 0xfe, 0x89, 0xfe, 0x89, 0xfe, 0x89, 0xfe, 0x89, 0xfe, 
  0x89, 0xfe, 0x69, 0xfe, 0x0a, 0xff, 0x26, 0xa4, 0x00, 0x00, 0x00, 0x00, 
  0x00, 0x00, 0x00, 0x00, 0x00, 0x00, 0x00, 0x00, 0x00, 0x00, 0x00, 0x00, 
  0x00, 0x00, 0x00, 0x00, 0x00, 0x00, 0x00, 0x00, 0x00, 0x00, 0x00, 0x00, 
  0x00, 0x00, 0x00, 0x00, 0x00, 0x00, 0x00, 0x00, 0x00, 0x00, 0x00, 0x00, 
  0x00, 0x00, 0x00, 0x00, 0x00, 0x00, 0x00, 0x00, 0x00, 0x00, 0x00, 0x00, 
  0x00, 0x00, 0x00, 0x00, 0x00, 0x00, 0x04, 0x73, 0xea, 0xfe, 0xea, 0xfe, 
  0xca, 0xfe, 0x89, 0xfe, 0x89, 0xfe, 0x89, 0xfe, 0x89, 0xfe, 0x89, 0xfe, 
  0x89, 0xfe, 0x89, 0xfe, 0x89, 0xfe, 0x89, 0xfe, 0x89, 0xfe, 0x89, 0xfe, 
  0x89, 0xfe, 0x89, 0xfe, 0x89, 0xfe, 0x89, 0xfe, 0xc9, 0xfe, 0xc9, 0xf5, 
  0xc7, 0xc2, 0x27, 0xa9, 0x47, 0xa9, 0x47, 0xb1, 0x88, 0xe4, 0xc9, 0xfe, 
  0x89, 0xfe, 0x89, 0xfe, 0x89, 0xfe, 0xc9, 0xfe, 0x89, 0xf5, 0x47, 0xa9, 
  0x67, 0xb1, 0x05, 0x89, 0x00, 0x08, 0x00, 0x00, 0x00, 0x00, 0x00, 0x00, 
  0x00, 0x00, 0x00, 0x00, 0x00, 0x00, 0x00, 0x00, 0x00, 0x00, 0x00, 0x00, 
  0x00, 0x00, 0x00, 0x00, 0x00, 0x00, 0x00, 0x00, 0x00, 0x00, 0x00, 0x00, 
  0x00, 0x00, 0x00, 0x00, 0x00, 0x00, 0x00, 0x00, 0x00, 0x00, 0x00, 0x00, 
  0x00, 0x00, 0x00, 0x00, 0x00, 0x00, 0x00, 0x00, 0x00, 0x00, 0x00, 0x00, 
  0x00, 0x00, 0x00, 0x00, 0x00, 0x00, 0x00, 0x00, 0x00, 0x00, 0x42, 0x31, 
  0xa5, 0x8b, 0x68, 0xd5, 0xca, 0xfe, 0xea, 0xfe, 0xa9, 0xfe, 0x89, 0xfe, 
  0x69, 0xfe, 0x89, 0xfe, 0x89, 0xfe, 0x89, 0xfe, 0x89, 0xfe, 0x89, 0xfe, 
  0x89, 0xfe, 0x89, 0xfe, 0x89, 0xfe, 0x89, 0xfe, 0x89, 0xfe, 0x89, 0xfe, 
  0x89, 0xfe, 0x89, 0xfe, 0x89, 0xfe, 0x89, 0xfe, 0x89, 0xfe, 0x89, 0xfe, 
  0x89, 0xfe, 0x69, 0xfe, 0xc8, 0xd3, 0xa7, 0xb1, 0x07, 0xa9, 0x47, 0xa9, 
  0x67, 0xb1, 0x67, 0xa9, 0x67, 0xb1, 0x67, 0xb9, 0x67, 0xb1, 0x26, 0x99, 
  0xa3, 0x50, 0x21, 0x18, 0x00, 0x00, 0x00, 0x00, 0x00, 0x00, 0x00, 0x00, 
  0x00, 0x00, 0x00, 0x00, 0x00, 0x00, 0x00, 0x00, 0x00, 0x00, 0x00, 0x00, 
  0x00, 0x00, 0x00, 0x00, 0x00, 0x00, 0x00, 0x00, 0x00, 0x00, 0x00, 0x00, 
  0x00, 0x00, 0x00, 0x00, 0x00, 0x00, 0x00, 0x00, 0x00, 0x00, 0x00, 0x00, 
  0x00, 0x00, 0x00, 0x00, 0x00, 0x00, 0x00, 0x00, 0x00, 0x00, 0x00, 0x00, 
  0x00, 0x00, 0x00, 0x00, 0x00, 0x00, 0x00, 0x00, 0x00, 0x00, 0x00, 0x00, 
  0x00, 0x00, 0x00, 0x00, 0x00, 0x00, 0x00, 0x00, 0x00, 0x00, 0x00, 0x00, 
  0x00, 0x00, 0x00, 0x00, 0x00, 0x00, 0x00, 0x00, 0x00, 0x00, 0x00, 0x00, 
  0x00, 0x00, 0x00, 0x00, 0x00, 0x00, 0x00, 0x00, 0x00, 0x00, 0x00, 0x00, 
  0x00, 0x00, 0x00, 0x00, 0x00, 0x00, 0x00, 0x00, 0x00, 0x00, 0x00, 0x00, 
  0x00, 0x00, 0x00, 0x00, 0x00, 0x00, 0x00, 0x00, 0x00, 0x00, 0x00, 0x00, 
  0x00, 0x00, 0x00, 0x00, 0xe1, 0x20, 0x08, 0xee, 0xa9, 0xfe, 0x89, 0xfe, 
  0x89, 0xfe, 0x89, 0xfe, 0x89, 0xfe, 0x89, 0xfe, 0x89, 0xfe, 0x89, 0xfe, 
  0x89, 0xfe, 0x89, 0xfe, 0x89, 0xfe, 0x89, 0xfe, 0x89, 0xfe, 0x89, 0xfe, 
  0x89, 0xfe, 0x89, 0xfe, 0x49, 0xfe, 0xc2, 0x40, 0x00, 0x00, 0x00, 0x00, 
  0x00, 0x00, 0x00, 0x00, 0x00, 0x00, 0x00, 0x00, 0x00, 0x00, 0x00, 0x00, 
  0x00, 0x00, 0x00, 0x00, 0x00, 0x00, 0x00, 0x00, 0x00, 0x00, 0x00, 0x00, 
  0x00, 0x00, 0x00, 0x00, 0x00, 0x00, 0x00, 0x00, 0x00, 0x00, 0x00, 0x00, 
  0x00, 0x00, 0x00, 0x00, 0x00, 0x00, 0x00, 0x00, 0x00, 0x00, 0x00, 0x00, 
  0x00, 0x00, 0x00, 0x00, 0x00, 0x00, 0x00, 0x00, 0x00, 0x00, 0x00, 0x00, 
  0x00, 0x00, 0x00, 0x00, 0x00, 0x00, 0x00, 0x00, 0x00, 0x00, 0x00, 0x00, 
  0x00, 0x00, 0x00, 0x00, 0x24, 0x7b, 0xea, 0xfe, 0x69, 0xfe, 0x89, 0xfe, 
  0x89, 0xfe, 0x89, 0xfe, 0x89, 0xfe, 0x89, 0xfe, 0x89, 0xfe, 0x89, 0xfe, 
  0x89, 0xfe, 0x89, 0xfe, 0x89, 0xfe, 0x89, 0xfe, 0x89, 0xfe, 0x89, 0xfe, 
  0x89, 0xfe, 0x89, 0xfe, 0x69, 0xfe, 0xe9, 0xfe, 0x08, 0xdc, 0x27, 0xa9, 
  0x87, 0xb9, 0xa4, 0x70, 0xe4, 0x72, 0xc9, 0xfe, 0x69, 0xfe, 0xe9, 0xfe, 
  0xc6, 0xab, 0xe6, 0x98, 0x67, 0xb1, 0x67, 0xb9, 0xc4, 0x60, 0x00, 0x00, 
  0x00, 0x00, 0x00, 0x00, 0x00, 0x00, 0x01, 0x29, 0x29, 0xf6, 0xa9, 0xfe, 
  0x89, 0xfe, 0x89, 0xfe, 0x89, 0xfe, 0x89, 0xfe, 0x89, 0xfe, 0x89, 0xfe, 
  0x89, 0xfe, 0x89, 0xfe, 0x89, 0xfe, 0x89, 0xfe, 0x89, 0xfe, 0x89, 0xfe, 
  0x89, 0xfe, 0x89, 0xfe, 0x89, 0xfe, 0x89, 0xfe, 0x89, 0xfe, 0x89, 0xfe, 
  0x89, 0xfe, 0x89, 0xfe, 0x89, 0xfe, 0x89, 0xfe, 0x89, 0xfe, 0x89, 0xfe, 
  0x89, 0xfe, 0x89, 0xfe, 0x89, 0xfe, 0xca, 0xfe, 0xe3, 0x49, 0x00, 0x00, 
  0x00, 0x00, 0x00, 0x00, 0x00, 0x00, 0x00, 0x00, 0x00, 0x00, 0x00, 0x00, 
  0x00, 0x00, 0x00, 0x00, 0x00, 0x00, 0x00, 0x00, 0x00, 0x00, 0x00, 0x00, 
  0x00, 0x00, 0x00, 0x00, 0x00, 0x00, 0x00, 0x00, 0x00, 0x00, 0x00, 0x00, 
  0x00, 0x00, 0x00, 0x00, 0x00, 0x00, 0x00, 0x00, 0x00, 0x00, 0x00, 0x00, 
  0x00, 0x00, 0x00, 0x00, 0x40, 0x08, 0x47, 0xcd, 0xca, 0xfe, 0x69, 0xfe, 
  0x89, 0xfe, 0x89, 0xfe, 0x89, 0xfe, 0x89, 0xfe, 0x89, 0xfe, 0x89, 0xfe, 
  0x89, 0xfe, 0x89, 0xfe, 0x89, 0xfe, 0x89, 0xfe, 0x89, 0xfe, 0x89, 0xfe, 
  0x89, 0xfe, 0x89, 0xfe, 0xa9, 0xfe, 0xa9, 0xfe, 0x68, 0xdc, 0xa7, 0xb1, 
  0x27, 0xa9, 0x67, 0xb1, 0x67, 0xb1, 0x47, 0xa9, 0xa8, 0xe4, 0xc9, 0xfe, 
  0x89, 0xfe, 0x89, 0xfe, 0x89, 0xfe, 0xc9, 0xfe, 0x69, 0xed, 0x06, 0xa9, 
  0x87, 0xb9, 0xe5, 0x78, 0x00, 0x00, 0x00, 0x00, 0x00, 0x00, 0x00, 0x00, 
  0x00, 0x00, 0x00, 0x00, 0x00, 0x00, 0x00, 0x00, 0x00, 0x00, 0x00, 0x00, 
  0x00, 0x00, 0x00, 0x00, 0x00, 0x00, 0x00, 0x00, 0x00, 0x00, 0x00, 0x00, 
  0x00, 0x00, 0x00, 0x00, 0x00, 0x00, 0x00, 0x00, 0x00, 0x00, 0x00, 0x00, 
  0x00, 0x00, 0x00, 0x00, 0x00, 0x00, 0x00, 0x00, 0x00, 0x00, 0x00, 0x00, 
  0x00, 0x00, 0x00, 0x00, 0x01, 0x21, 0xa3, 0x62, 0x07, 0xc5, 0x69, 0xfe, 
  0xea, 0xfe, 0xca, 0xfe, 0x89, 0xfe, 0x89, 0xfe, 0x89, 0xfe, 0x89, 0xfe, 
  0x89, 0xfe, 0x89, 0xfe, 0x89, 0xfe, 0x89, 0xfe, 0x89, 0xfe, 0x89, 0xfe, 
  0x89, 0xfe, 0x89, 0xfe, 0x89, 0xfe, 0x89, 0xfe, 0x89, 0xfe, 0x89, 0xfe, 
  0x89, 0xfe, 0x89, 0xfe, 0x89, 0xfe, 0x89, 0xfe, 0x89, 0xfe, 0x89, 0xfe, 
  0xa9, 0xfe, 0x29, 0xfe, 0xa7, 0xb1, 0x27, 0xa9, 0x67, 0xb1, 0x67, 0xa9, 
  0x67, 0xa9, 0x67, 0xb9, 0x67, 0xb1, 0x05, 0x89, 0x82, 0x40, 0x00, 0x08, 
  0x00, 0x00, 0x00, 0x00, 0x00, 0x00, 0x00, 0x00, 0x00, 0x00, 0x00, 0x00, 
  0x00, 0x00, 0x00, 0x00, 0x00, 0x00, 0x00, 0x00, 0x00, 0x00, 0x00, 0x00, 
  0x00, 0x00, 0x00, 0x00, 0x00, 0x00, 0x00, 0x00, 0x00, 0x00, 0x00, 0x00, 
  0x00, 0x00, 0x00, 0x00, 0x00, 0x00, 0x00, 0x00, 0x00, 0x00, 0x00, 0x00, 
  0x00, 0x00, 0x00, 0x00, 0x00, 0x00, 0x00, 0x00, 0x00, 0x00, 0x00, 0x00, 
  0x00, 0x00, 0x00, 0x00, 0x00, 0x00, 0x00, 0x00, 0x00, 0x00, 0x00, 0x00, 
  0x00, 0x00, 0x00, 0x00, 0x00, 0x00, 0x00, 0x00, 0x00, 0x00, 0x00, 0x00, 
  0x00, 0x00, 0x00, 0x00, 0x00, 0x00, 0x00, 0x00, 0x00, 0x00, 0x00, 0x00, 
  0x00, 0x00, 0x00, 0x00, 0x00, 0x00, 0x00, 0x00, 0x00, 0x00, 0x00, 0x00, 
  0x00, 0x00, 0x00, 0x00, 0x00, 0x00, 0x00, 0x00, 0x00, 0x00, 0x00, 0x00, 
  0x00, 0x00, 0x00, 0x00, 0x00, 0x00, 0x00, 0x00, 0x00, 0x00, 0x00, 0x00, 
  0x00, 0x00, 0x00, 0x00, 0x86, 0xb4, 0xea, 0xfe, 0x69, 0xfe, 0x89, 0xfe, 
  0x89, 0xfe, 0x89, 0xfe, 0x89, 0xfe, 0x89, 0xfe, 0x89, 0xfe, 0x89, 0xfe, 
  0x89, 0xfe, 0x89, 0xfe, 0x89, 0xfe, 0x89, 0xfe, 0x89, 0xfe, 0x89, 0xfe, 
  0x89, 0xfe, 0x89, 0xfe, 0x69, 0xfe, 0x47, 0xba, 0x62, 0x40, 0x00, 0x00, 
  0x00, 0x00, 0x00, 0x00, 0x00, 0x00, 0x00, 0x00, 0x00, 0x00, 0x00, 0x00, 
  0x00, 0x00, 0x00, 0x00, 0x00, 0x00, 0x00, 0x00, 0x00, 0x00, 0x00, 0x00, 
  0x00, 0x00, 0x00, 0x00, 0x00, 0x00, 0x00, 0x00, 0x00, 0x00, 0x00, 0x00, 
  0x00, 0x00, 0x00, 0x00, 0x00, 0x00, 0x00, 0x00, 0x00, 0x00, 0x00, 0x00, 
  0x00, 0x00, 0x00, 0x00, 0x00, 0x00, 0x00, 0x00, 0x00, 0x00, 0x00, 0x00, 
  0x00, 0x00, 0x00, 0x00, 0x00, 0x00, 0x00, 0x00, 0x00, 0x00, 0x00, 0x00, 
  0x00, 0x00, 0x60, 0x10, 0xe8, 0xe5, 0xa9, 0xfe, 0x89, 0xfe, 0x89, 0xfe, 
  0x89, 0xfe, 0x89, 0xfe, 0x89, 0xfe, 0x89, 0xfe, 0x89, 0xfe, 0x89, 0xfe, 
  0x89, 0xfe, 0x89, 0xfe, 0x89, 0xfe, 0x89, 0xfe, 0x89, 0xfe, 0x89, 0xfe, 
  0x89, 0xfe, 0x89, 0xfe, 0x69, 0xfe, 0xe9, 0xfe, 0xc8, 0xd3, 0x27, 0xa9, 
  0x67, 0xb1, 0xc3, 0x50, 0xe6, 0xbc, 0xea, 0xfe, 0x89, 0xfe, 0x49, 0xf6, 
  0x46, 0x9a, 0x27, 0xb1, 0x67, 0xb1, 0x47, 0xa9, 0x41, 0x20, 0x00, 0x00, 
  0x00, 0x00, 0x20, 0x00, 0x00, 0x00, 0x21, 0x29, 0x49, 0xf6, 0xa9, 0xfe, 
  0x89, 0xfe, 0x89, 0xfe, 0x89, 0xfe, 0x89, 0xfe, 0x89, 0xfe, 0x89, 0xfe, 
  0x89, 0xfe, 0x89, 0xfe, 0x89, 0xfe, 0x89, 0xfe, 0x89, 0xfe, 0x89, 0xfe, 
  0x89, 0xfe, 0x89, 0xfe, 0x89, 0xfe, 0x89, 0xfe, 0x89, 0xfe, 0x89, 0xfe, 
  0x89, 0xfe, 0x89, 0xfe, 0x89, 0xfe, 0x89, 0xfe, 0x89, 0xfe, 0x89, 0xfe, 
  0x89, 0xfe, 0x89, 0xfe, 0x69, 0xfe, 0xc9, 0xfe, 0x47, 0xcc, 0x01, 0x18, 
  0x00, 0x00, 0x00, 0x00, 0x00, 0x00, 0x00, 0x00, 0x00, 0x00, 0x00, 0x00, 
  0x00, 0x00, 0x00, 0x00, 0x00, 0x00, 0x00, 0x00, 0x00, 0x00, 0x00, 0x00, 
  0x00, 0x00, 0x00, 0x00, 0x00, 0x00, 0x00, 0x00, 0x00, 0x00, 0x00, 0x00, 
  0x00, 0x00, 0x00, 0x00, 0x00, 0x00, 0x00, 0x00, 0x00, 0x00, 0x00, 0x00, 
  0x00, 0x00, 0x00, 0x00, 0x01, 0x21, 0x08, 0xee, 0xa9, 0xfe, 0x89, 0xfe, 
  0x89, 0xfe, 0x89, 0xfe, 0x89, 0xfe, 0x89, 0xfe, 0x89, 0xfe, 0x89, 0xfe, 
  0x89, 0xfe, 0x89, 0xfe, 0x89, 0xfe, 0x89, 0xfe, 0x89, 0xfe, 0x89, 0xfe, 
  0x89, 0xfe, 0xc9, 0xfe, 0xe9, 0xf5, 0xe7, 0xca, 0x27, 0xa9, 0x47, 0xa9, 
  0x67, 0xb1, 0x67, 0xa9, 0x67, 0xb1, 0x67, 0xb1, 0xa8, 0xdc, 0xc9, 0xfe, 
  0x89, 0xfe, 0x89, 0xfe, 0x89, 0xfe, 0xc9, 0xfe, 0x29, 0xed, 0x06, 0xa9, 
  0x87, 0xb9, 0xe4, 0x70, 0x00, 0x00, 0x00, 0x00, 0x00, 0x00, 0x00, 0x00, 
  0x00, 0x00, 0x00, 0x00, 0x00, 0x00, 0x00, 0x00, 0x00, 0x00, 0x00, 0x00, 
  0x00, 0x00, 0x00, 0x00, 0x00, 0x00, 0x00, 0x00, 0x00, 0x00, 0x00, 0x00, 
  0x00, 0x00, 0x00, 0x00, 0x00, 0x00, 0x00, 0x00, 0x00, 0x00, 0x00, 0x00, 
  0x00, 0x00, 0x00, 0x00, 0x00, 0x00, 0x00, 0x00, 0x00, 0x00, 0x40, 0x08, 
  0x43, 0x5a, 0x46, 0xac, 0x08, 0xee, 0x0a, 0xff, 0xc9, 0xfe, 0xa9, 0xfe, 
  0x69, 0xfe, 0x89, 0xfe, 0x89, 0xfe, 0x89, 0xfe, 0x89, 0xfe, 0x89, 0xfe, 
  0x89, 0xfe, 0x89, 0xfe, 0x89, 0xfe, 0x89, 0xfe, 0x89, 0xfe, 0x89, 0xfe, 
  0x89, 0xfe, 0x89, 0xfe, 0x89, 0xfe, 0x89, 0xfe, 0x89, 0xfe, 0x89, 0xfe, 
  0x89, 0xfe, 0x89, 0xfe, 0x89, 0xfe, 0x89, 0xfe, 0x89, 0xfe, 0x89, 0xfe, 
  0xa9, 0xfe, 0x29, 0xfe, 0x07, 0xba, 0x47, 0xa9, 0x67, 0xb1, 0x67, 0xb9, 
  0x67, 0xb1, 0xe5, 0x78, 0x62, 0x30, 0x00, 0x00, 0x00, 0x00, 0x00, 0x00, 
  0x00, 0x00, 0x00, 0x00, 0x00, 0x00, 0x00, 0x00, 0x00, 0x00, 0x00, 0x00, 
  0x00, 0x00, 0x00, 0x00, 0x00, 0x00, 0x00, 0x00, 0x00, 0x00, 0x00, 0x00, 
  0x00, 0x00, 0x00, 0x00, 0x00, 0x00, 0x00, 0x00, 0x00, 0x00, 0x00, 0x00, 
  0x00, 0x00, 0x00, 0x00, 0x00, 0x00, 0x00, 0x00, 0x00, 0x00, 0x00, 0x00, 
  0x00, 0x00, 0x00, 0x00, 0x00, 0x00, 0x00, 0x00, 0x00, 0x00, 0x00, 0x00, 
  0x00, 0x00, 0x00, 0x00, 0x00, 0x00, 0x00, 0x00, 0x00, 0x00, 0x00, 0x00, 
  0x00, 0x00, 0x00, 0x00, 0x00, 0x00, 0x00, 0x00, 0x00, 0x00, 0x00, 0x00, 
  0x00, 0x00, 0x00, 0x00, 0x00, 0x00, 0x00, 0x00, 0x00, 0x00, 0x00, 0x00, 
  0x00, 0x00, 0x00, 0x00, 0x00, 0x00, 0x00, 0x00, 0x00, 0x00, 0x00, 0x00, 
  0x00, 0x00, 0x00, 0x00, 0x00, 0x00, 0x00, 0x00, 0x00, 0x00, 0x00, 0x00, 
  0x00, 0x00, 0x00, 0x00, 0x00, 0x00, 0x00, 0x00, 0x00, 0x00, 0x00, 0x00, 
  0x00, 0x00, 0xc4, 0x6a, 0xea, 0xfe, 0x89, 0xfe, 0x89, 0xfe, 0x89, 0xfe, 
  0x89, 0xfe, 0x89, 0xfe, 0x89, 0xfe, 0x89, 0xfe, 0x89, 0xfe, 0x89, 0xfe, 
  0x89, 0xfe, 0x89, 0xfe, 0x89, 0xfe, 0x89, 0xfe, 0x89, 0xfe, 0x89, 0xfe, 
  0x89, 0xfe, 0x89, 0xfe, 0x69, 0xfe, 0x27, 0xba, 0x27, 0xa9, 0x41, 0x20, 
  0x00, 0x00, 0x00, 0x00, 0x00, 0x00, 0x00, 0x00, 0x00, 0x00, 0x00, 0x00, 
  0x00, 0x00, 0x00, 0x00, 0x00, 0x00, 0x00, 0x00, 0x00, 0x00, 0x00, 0x00, 
  0x00, 0x00, 0x00, 0x00, 0x00, 0x00, 0x00, 0x00, 0x00, 0x00, 0x00, 0x00, 
  0x00, 0x00, 0x00, 0x00, 0x00, 0x00, 0x00, 0x00, 0x00, 0x00, 0x00, 0x00, 
  0x00, 0x00, 0x00, 0x00, 0x00, 0x00, 0x00, 0x00, 0x00, 0x00, 0x00, 0x00, 
  0x00, 0x00, 0x00, 0x00, 0x00, 0x00, 0x00, 0x00, 0x00, 0x00, 0x00, 0x00, 
  0x00, 0x00, 0xc1, 0x20, 0xa9, 0xfe, 0x89, 0xfe, 0x89, 0xfe, 0x89, 0xfe, 
  0x89, 0xfe, 0x89, 0xfe, 0x89, 0xfe, 0x89, 0xfe, 0x89, 0xfe, 0x89, 0xfe, 
  0x89, 0xfe, 0x89, 0xfe, 0x89, 0xfe, 0x89, 0xfe, 0x89, 0xfe, 0x89, 0xfe, 
  0x89, 0xfe, 0x89, 0xfe, 0x69, 0xfe, 0xe9, 0xfe, 0x88, 0xd3, 0x07, 0xa9, 
  0x26, 0xa9, 0x04, 0x7a, 0xa9, 0xfe, 0x89, 0xfe, 0xc9, 0xfe, 0x88, 0xe5, 
  0x46, 0xa1, 0x67, 0xb1, 0x67, 0xb1, 0x05, 0x81, 0x00, 0x00, 0x00, 0x00, 
  0x00, 0x00, 0x00, 0x00, 0x20, 0x00, 0x85, 0x8b, 0xa9, 0xfe, 0x89, 0xfe, 
  0x89, 0xfe, 0x89, 0xfe, 0x89, 0xfe, 0x89, 0xfe, 0x89, 0xfe, 0x89, 0xfe, 
  0x89, 0xfe, 0x89, 0xfe, 0x89, 0xfe, 0x89, 0xfe, 0x89, 0xfe, 0x89, 0xfe, 
  0x69, 0xfe, 0x89, 0xfe, 0xa9, 0xfe, 0xc9, 0xfe, 0xc9, 0xfe, 0xc9, 0xfe, 
  0xc9, 0xfe, 0xc9, 0xfe, 0xc9, 0xfe, 0xc9, 0xfe, 0xc9, 0xfe, 0xc9, 0xfe, 
  0xc9, 0xfe, 0xa9, 0xfe, 0xa9, 0xfe, 0xe9, 0xfe, 0x28, 0xe4, 0xe6, 0x98, 
  0x41, 0x18, 0x00, 0x00, 0x00, 0x00, 0x00, 0x00, 0x00, 0x00, 0x00, 0x00, 
  0x00, 0x00, 0x00, 0x00, 0x00, 0x00, 0x00, 0x00, 0x00, 0x00, 0x00, 0x00, 
  0x00, 0x00, 0x00, 0x00, 0x00, 0x00, 0x00, 0x00, 0x00, 0x00, 0x00, 0x00, 
  0x00, 0x00, 0x00, 0x00, 0x00, 0x00, 0x00, 0x00, 0x00, 0x00, 0x00, 0x00, 
  0x00, 0x00, 0x00, 0x00, 0x41, 0x31, 0x69, 0xfe, 0x89, 0xfe, 0x89, 0xfe, 
  0x89, 0xfe, 0x89, 0xfe, 0x89, 0xfe, 0x89, 0xfe, 0x89, 0xfe, 0x89, 0xfe, 
  0x89, 0xfe, 0x89, 0xfe, 0x89, 0xfe, 0x89, 0xfe, 0x89, 0xfe, 0xa9, 0xfe, 
  0xa9, 0xfe, 0xa8, 0xe4, 0xc7, 0xb1, 0x07, 0xa9, 0x67, 0xb1, 0x67, 0xb1, 
  0x47, 0xa9, 0x67, 0xb9, 0x46, 0xa9, 0x83, 0x48, 0x66, 0xac, 0xea, 0xfe, 
  0x89, 0xfe, 0x89, 0xfe, 0x89, 0xfe, 0xc9, 0xfe, 0x08, 0xed, 0x06, 0xa9, 
  0x87, 0xb9, 0xc4, 0x60, 0x00, 0x00, 0x00, 0x00, 0x00, 0x00, 0x20, 0x00, 
  0x00, 0x00, 0x00, 0x00, 0x00, 0x00, 0x00, 0x00, 0x00, 0x00, 0x00, 0x00, 
  0x00, 0x00, 0x00, 0x00, 0x00, 0x00, 0x00, 0x00, 0x00, 0x00, 0x00, 0x00, 
  0x00, 0x00, 0x00, 0x00, 0x00, 0x00, 0x00, 0x00, 0x00, 0x00, 0x00, 0x00, 
  0x01, 0x21, 0xe4, 0x6a, 0x23, 0x52, 0xa2, 0x41, 0x85, 0x8b, 0xa8, 0xdd, 
  0xa9, 0xfe, 0xea, 0xfe, 0xa9, 0xfe, 0x69, 0xfe, 0x89, 0xfe, 0x89, 0xfe, 
  0x89, 0xfe, 0x89, 0xfe, 0x89, 0xfe, 0x89, 0xfe, 0x89, 0xfe, 0x89, 0xfe, 
  0x89, 0xfe, 0x89, 0xfe, 0x89, 0xfe, 0x89, 0xfe, 0x89, 0xfe, 0x89, 0xfe, 
  0x89, 0xfe, 0x89, 0xfe, 0x89, 0xfe, 0x89, 0xfe, 0x89, 0xfe, 0x89, 0xfe, 
  0x89, 0xfe, 0x89, 0xfe, 0x89, 0xfe, 0x89, 0xfe, 0x89, 0xfe, 0x89, 0xfe, 
  0x89, 0xfe, 0x69, 0xfe, 0x07, 0xba, 0x27, 0xa9, 0x66, 0xa9, 0xe4, 0x70, 
  0x41, 0x20, 0x00, 0x00, 0x00, 0x00, 0x00, 0x00, 0x00, 0x00, 0x00, 0x00, 
  0x00, 0x00, 0x00, 0x00, 0x00, 0x00, 0x00, 0x00, 0x00, 0x00, 0x00, 0x00, 
  0x00, 0x00, 0x00, 0x00, 0x00, 0x00, 0x00, 0x00, 0x00, 0x00, 0x00, 0x00, 
  0x00, 0x00, 0x00, 0x00, 0x00, 0x00, 0x00, 0x00, 0x00, 0x00, 0x00, 0x00, 
  0x00, 0x00, 0x00, 0x00, 0x00, 0x00, 0x00, 0x00, 0x00, 0x00, 0x00, 0x00, 
  0x00, 0x00, 0x00, 0x00, 0x00, 0x00, 0x00, 0x00, 0x00, 0x00, 0x00, 0x00, 
  0x00, 0x00, 0x00, 0x00, 0x00, 0x00, 0x00, 0x00, 0x00, 0x00, 0x00, 0x00, 
  0x00, 0x00, 0x00, 0x00, 0x00, 0x00, 0x00, 0x00, 0x00, 0x00, 0x00, 0x00, 
  0x00, 0x00, 0x00, 0x00, 0x00, 0x00, 0x00, 0x00, 0x00, 0x00, 0x00, 0x00, 
  0x00, 0x00, 0x00, 0x00, 0x00, 0x00, 0x00, 0x00, 0x00, 0x00, 0x00, 0x00, 
  0x00, 0x00, 0x00, 0x00, 0x00, 0x00, 0x00, 0x00, 0x00, 0x00, 0x00, 0x00, 
  0x00, 0x00, 0x00, 0x00, 0x00, 0x00, 0x00, 0x00, 0x00, 0x00, 0x00, 0x00, 
  0x42, 0x31, 0x49, 0xee, 0xa9, 0xfe, 0x89, 0xfe, 0x89, 0xfe, 0x89, 0xfe, 
  0x89, 0xfe, 0x89, 0xfe, 0x89, 0xfe, 0x89, 0xfe, 0x89, 0xfe, 0xa9, 0xfe, 
  0x89, 0xfe, 0x89, 0xfe, 0x89, 0xfe, 0x89, 0xfe, 0x89, 0xfe, 0x89, 0xfe, 
  0x89, 0xfe, 0xa9, 0xfe, 0x49, 0xfe, 0xa7, 0xb1, 0x67, 0xb9, 0xe4, 0x70, 
  0x00, 0x00, 0x00, 0x00, 0x00, 0x00, 0x00, 0x00, 0x00, 0x00, 0x00, 0x00, 
  0x00, 0x00, 0x00, 0x00, 0x00, 0x00, 0x00, 0x00, 0x00, 0x00, 0x00, 0x00, 
  0x00, 0x00, 0x00, 0x00, 0x00, 0x00, 0x00, 0x00, 0x00, 0x00, 0x00, 0x00, 
  0x00, 0x00, 0x00, 0x00, 0x00, 0x00, 0x00, 0x00, 0x00, 0x00, 0x00, 0x00, 
  0x00, 0x00, 0x00, 0x00, 0x00, 0x00, 0x00, 0x00, 0x00, 0x00, 0x00, 0x00, 
  0x00, 0x00, 0x00, 0x00, 0x00, 0x00, 0x00, 0x00, 0x00, 0x00, 0x00, 0x00, 
  0x00, 0x00, 0x60, 0x08, 0x88, 0xdd, 0xa9, 0xfe, 0x89, 0xfe, 0x89, 0xfe, 
  0x89, 0xfe, 0x89, 0xfe, 0x89, 0xfe, 0x89, 0xfe, 0x89, 0xfe, 0x89, 0xfe, 
  0x89, 0xfe, 0x89, 0xfe, 0x89, 0xfe, 0x89, 0xfe, 0xa9, 0xfe, 0xa9, 0xfe, 
  0x89, 0xfe, 0x89, 0xfe, 0x69, 0xfe, 0x09, 0xff, 0x48, 0xcb, 0x07, 0xa9, 
  0x47, 0xa9, 0x27, 0xbc, 0xc9, 0xfe, 0x69, 0xfe, 0xc9, 0xfe, 0xe7, 0xc3, 
  0x27, 0xa9, 0x67, 0xa9, 0x67, 0xb9, 0x82, 0x40, 0x00, 0x00, 0x00, 0x00, 
  0x00, 0x00, 0x03, 0x4a, 0x47, 0xcd, 0xa9, 0xfe, 0x89, 0xfe, 0x89, 0xfe, 
  0x89, 0xfe, 0x89, 0xfe, 0x89, 0xfe, 0x89, 0xfe, 0x89, 0xfe, 0x89, 0xfe, 
  0x89, 0xfe, 0x89, 0xfe, 0x89, 0xfe, 0x89, 0xfe, 0x89, 0xfe, 0xc9, 0xfe, 
  0xe9, 0xfe, 0xa9, 0xfe, 0x09, 0xfe, 0xa9, 0xf5, 0x49, 0xed, 0xc8, 0xe4, 
  0x88, 0xe4, 0x68, 0xdc, 0x88, 0xe4, 0xa8, 0xe4, 0x08, 0xed, 0x69, 0xed, 
  0xa9, 0xf5, 0xc9, 0xf5, 0xe9, 0xf5, 0xe8, 0xe4, 0xc7, 0xb1, 0x67, 0xb9, 
  0x05, 0x89, 0x00, 0x00, 0x00, 0x00, 0x00, 0x00, 0x00, 0x00, 0x00, 0x00, 
  0x00, 0x00, 0x00, 0x00, 0x00, 0x00, 0x00, 0x00, 0x00, 0x00, 0x00, 0x00, 
  0x00, 0x00, 0x00, 0x00, 0x00, 0x00, 0x00, 0x00, 0x00, 0x00, 0x00, 0x00, 
  0x00, 0x00, 0x00, 0x00, 0x00, 0x00, 0x00, 0x00, 0x00, 0x00, 0x00, 0x00, 
  0x00, 0x00, 0x00, 0x00, 0x62, 0x31, 0xa9, 0xfe, 0x89, 0xfe, 0x89, 0xfe, 
  0x89, 0xfe, 0x89, 0xfe, 0x89, 0xfe, 0x89, 0xfe, 0x89, 0xfe, 0x89, 0xfe, 
  0x89, 0xfe, 0x89, 0xfe, 0x89, 0xfe, 0x89, 0xfe, 0xc9, 0xfe, 0x09, 0xfe, 
  0x28, 0xcb, 0x27, 0xa9, 0x47, 0xa9, 0x67, 0xb1, 0x67, 0xa9, 0x67, 0xb1, 
  0x67, 0xb9, 0x05, 0x81, 0x41, 0x20, 0x00, 0x00, 0x86, 0xac, 0xca, 0xfe, 
  0x89, 0xfe, 0x89, 0xfe, 0x89, 0xfe, 0xc9, 0xfe, 0xc8, 0xe4, 0x06, 0xa9, 
  0xa7, 0xc1, 0xc3, 0x58, 0x00, 0x00, 0x00, 0x00, 0x00, 0x00, 0x00, 0x00, 
  0x00, 0x00, 0x40, 0x08, 0xa1, 0x18, 0x01, 0x29, 0x41, 0x31, 0x62, 0x39, 
  0x62, 0x31, 0xe1, 0x20, 0x00, 0x00, 0x00, 0x00, 0x00, 0x00, 0x00, 0x00, 
  0x00, 0x00, 0x00, 0x00, 0x00, 0x00, 0x00, 0x00, 0x00, 0x00, 0x00, 0x00, 
  0x05, 0x9c, 0x2a, 0xff, 0xea, 0xfe, 0xea, 0xfe, 0xea, 0xfe, 0xa9, 0xfe, 
  0x89, 0xfe, 0x69, 0xfe, 0x89, 0xfe, 0x89, 0xfe, 0x89, 0xfe, 0x89, 0xfe, 
  0x89, 0xfe, 0x89, 0xfe, 0x89, 0xfe, 0x89, 0xfe, 0x89, 0xfe, 0x89, 0xfe, 
  0x89, 0xfe, 0x89, 0xfe, 0x89, 0xfe, 0x89, 0xfe, 0x89, 0xfe, 0x89, 0xfe, 
  0x89, 0xfe, 0x89, 0xfe, 0x89, 0xfe, 0x89, 0xfe, 0xa9, 0xfe, 0x89, 0xfe, 
  0x89, 0xfe, 0x89, 0xfe, 0x89, 0xfe, 0x89, 0xfe, 0x89, 0xfe, 0x89, 0xfe, 
  0x89, 0xfe, 0xc9, 0xfe, 0x47, 0xba, 0x27, 0xb1, 0x05, 0x81, 0x00, 0x00, 
  0x00, 0x00, 0x00, 0x00, 0x00, 0x00, 0x00, 0x00, 0x00, 0x00, 0x00, 0x00, 
  0x00, 0x00, 0x00, 0x00, 0x00, 0x00, 0x00, 0x00, 0x00, 0x00, 0x00, 0x00, 
  0x00, 0x00, 0x00, 0x00, 0x00, 0x00, 0x00, 0x00, 0x00, 0x00, 0x00, 0x00, 
  0x00, 0x00, 0x00, 0x00, 0x00, 0x00, 0x00, 0x00, 0x00, 0x00, 0x00, 0x00, 
  0x00, 0x00, 0x00, 0x00, 0x00, 0x00, 0x00, 0x00, 0x00, 0x00, 0x00, 0x00, 
  0x00, 0x00, 0x00, 0x00, 0x00, 0x00, 0x00, 0x00, 0x00, 0x00, 0x00, 0x00, 
  0x00, 0x00, 0x00, 0x00, 0x00, 0x00, 0x00, 0x00, 0x00, 0x00, 0x00, 0x00, 
  0x00, 0x00, 0x00, 0x00, 0x00, 0x00, 0x00, 0x00, 0x00, 0x00, 0x00, 0x00, 
  0x00, 0x00, 0x00, 0x00, 0x00, 0x00, 0x00, 0x00, 0x00, 0x00, 0x00, 0x00, 
  0x00, 0x00, 0x00, 0x00, 0x00, 0x00, 0x00, 0x00, 0x00, 0x00, 0x00, 0x00, 
  0x00, 0x00, 0x00, 0x00, 0x00, 0x00, 0x00, 0x00, 0x00, 0x00, 0x00, 0x00, 
  0x00, 0x00, 0x00, 0x00, 0x00, 0x00, 0x00, 0x00, 0x00, 0x00, 0x40, 0x08, 
  0x27, 0xcd, 0xca, 0xfe, 0x69, 0xfe, 0x89, 0xfe, 0x89, 0xfe, 0x89, 0xfe, 
  0x89, 0xfe, 0x89, 0xfe, 0x89, 0xfe, 0xa9, 0xfe, 0x49, 0xfe, 0x09, 0xfe, 
  0xe9, 0xfe, 0x89, 0xfe, 0x69, 0xfe, 0x89, 0xfe, 0x89, 0xfe, 0x89, 0xfe, 
  0x89, 0xfe, 0xa9, 0xfe, 0x49, 0xed, 0x67, 0xa9, 0x67, 0xb9, 0x25, 0x89, 
  0x00, 0x00, 0x00, 0x00, 0x00, 0x00, 0x00, 0x00, 0x00, 0x00, 0x00, 0x00, 
  0x00, 0x00, 0x00, 0x00, 0x00, 0x00, 0x00, 0x00, 0x00, 0x00, 0x00, 0x00, 
  0x00, 0x00, 0x00, 0x00, 0x00, 0x00, 0x00, 0x00, 0x00, 0x00, 0x00, 0x00, 
  0x00, 0x00, 0x00, 0x00, 0x00, 0x00, 0x00, 0x00, 0x00, 0x00, 0x00, 0x00, 
  0x00, 0x00, 0x00, 0x00, 0x00, 0x00, 0x00, 0x00, 0x00, 0x00, 0x00, 0x00, 
  0x00, 0x00, 0x00, 0x00, 0x00, 0x00, 0x00, 0x00, 0x00, 0x00, 0x00, 0x00, 
  0x00, 0x00, 0x00, 0x00, 0xc4, 0x6a, 0xea, 0xfe, 0x69, 0xfe, 0x89, 0xfe, 
  0x89, 0xfe, 0x89, 0xfe, 0x89, 0xfe, 0x89, 0xfe, 0x89, 0xfe, 0x89, 0xfe, 
  0x89, 0xfe, 0x89, 0xfe, 0x89, 0xfe, 0xc9, 0xfe, 0x09, 0xf6, 0x08, 0xed, 
  0xc9, 0xfe, 0x89, 0xfe, 0x69, 0xfe, 0x09, 0xff, 0x48, 0xcb, 0xe7, 0xa8, 
  0xc7, 0xb1, 0x09, 0xf6, 0xa9, 0xfe, 0x89, 0xfe, 0xa9, 0xfe, 0x87, 0xba, 
  0x27, 0xa9, 0x67, 0xb1, 0x46, 0xa1, 0x00, 0x10, 0x00, 0x00, 0x62, 0x39, 
  0x86, 0xb4, 0xa9, 0xfe, 0xca, 0xfe, 0x89, 0xfe, 0x89, 0xfe, 0x89, 0xfe, 
  0x89, 0xfe, 0x89, 0xfe, 0x89, 0xfe, 0x89, 0xfe, 0x89, 0xfe, 0x89, 0xfe, 
  0x89, 0xfe, 0x89, 0xfe, 0xa9, 0xfe, 0xc9, 0xfe, 0x89, 0xfe, 0x49, 0xed, 
  0x08, 0xdc, 0xe7, 0xca, 0x27, 0xba, 0x67, 0xb1, 0x07, 0xa9, 0x07, 0xa9, 
  0x07, 0xa9, 0x07, 0xa9, 0x07, 0xa9, 0x07, 0xa9, 0x06, 0xa9, 0x27, 0xa9, 
  0x67, 0xb1, 0xc7, 0xb1, 0xa7, 0xb1, 0x27, 0xa9, 0x47, 0xa9, 0x67, 0xb1, 
  0x47, 0xa9, 0x62, 0x30, 0x00, 0x00, 0x00, 0x00, 0x00, 0x00, 0x00, 0x00, 
  0x00, 0x00, 0x00, 0x00, 0x00, 0x00, 0x00, 0x00, 0x00, 0x00, 0x00, 0x00, 
  0x00, 0x00, 0x00, 0x00, 0x00, 0x00, 0x00, 0x00, 0x00, 0x00, 0x00, 0x00, 
  0x00, 0x00, 0x00, 0x00, 0x00, 0x00, 0x00, 0x00, 0x00, 0x00, 0x00, 0x00, 
  0x00, 0x00, 0x00, 0x00, 0x42, 0x31, 0x89, 0xfe, 0x89, 0xfe, 0x89, 0xfe, 
  0x89, 0xfe, 0x89, 0xfe, 0x89, 0xfe, 0x89, 0xfe, 0x89, 0xfe, 0x89, 0xfe, 
  0x89, 0xfe, 0x89, 0xfe, 0xa9, 0xfe, 0xc9, 0xfe, 0xe8, 0xe4, 0x07, 0xba, 
  0x07, 0xa9, 0x67, 0xb1, 0x67, 0xb1, 0x47, 0xa9, 0x67, 0xb1, 0x47, 0xa9, 
  0xa3, 0x50, 0x00, 0x00, 0x00, 0x00, 0x00, 0x00, 0x86, 0xb4, 0xca, 0xfe, 
  0x89, 0xfe, 0x89, 0xfe, 0x89, 0xfe, 0xc9, 0xfe, 0xc8, 0xe4, 0x06, 0xa1, 
  0x47, 0xb9, 0x63, 0x48, 0x20, 0x00, 0x82, 0x41, 0xc4, 0x6a, 0xa5, 0x93, 
  0x66, 0xac, 0x07, 0xc5, 0x88, 0xdd, 0x09, 0xee, 0x89, 0xfe, 0xea, 0xfe, 
  0xca, 0xfe, 0x29, 0xee, 0xa6, 0xb4, 0xe2, 0x49, 0x00, 0x00, 0x00, 0x00, 
  0x00, 0x00, 0x00, 0x00, 0x00, 0x00, 0x00, 0x00, 0x00, 0x00, 0x00, 0x00, 
  0xa3, 0x62, 0xc9, 0xfe, 0x69, 0xfe, 0x69, 0xfe, 0x89, 0xfe, 0x89, 0xfe, 
  0x89, 0xfe, 0x89, 0xfe, 0x89, 0xfe, 0x89, 0xfe, 0x89, 0xfe, 0x89, 0xfe, 
  0x89, 0xfe, 0x89, 0xfe, 0x89, 0xfe, 0x89, 0xfe, 0x89, 0xfe, 0x89, 0xfe, 
  0x89, 0xfe, 0x89, 0xfe, 0x89, 0xfe, 0x89, 0xfe, 0x89, 0xfe, 0x89, 0xfe, 
  0x89, 0xfe, 0x89, 0xfe, 0xa9, 0xfe, 0xa9, 0xfe, 0xc9, 0xf5, 0x49, 0xfe, 
  0x89, 0xfe, 0x89, 0xfe, 0x89, 0xfe, 0x89, 0xfe, 0x89, 0xfe, 0x89, 0xfe, 
  0x89, 0xfe, 0xc9, 0xfe, 0x07, 0xcb, 0x27, 0xb1, 0x05, 0x81, 0x00, 0x00, 
  0x00, 0x00, 0x00, 0x00, 0x00, 0x00, 0x00, 0x00, 0x00, 0x00, 0x00, 0x00, 
  0x00, 0x00, 0x00, 0x00, 0x00, 0x00, 0x00, 0x00, 0x00, 0x00, 0x00, 0x00, 
  0x00, 0x00, 0x00, 0x00, 0x00, 0x00, 0x00, 0x00, 0x00, 0x00, 0x00, 0x00, 
  0x00, 0x00, 0x00, 0x00, 0x00, 0x00, 0x00, 0x00, 0x00, 0x00, 0x00, 0x00, 
  0x00, 0x00, 0x00, 0x00, 0x00, 0x00, 0x00, 0x00, 0x00, 0x00, 0x00, 0x00, 
  0x00, 0x00, 0x00, 0x00, 0x00, 0x00, 0x00, 0x00, 0x00, 0x00, 0x00, 0x00, 
  0x00, 0x00, 0x00, 0x00, 0x00, 0x00, 0x00, 0x00, 0x00, 0x00, 0x00, 0x00, 
  0x00, 0x00, 0x00, 0x00, 0x00, 0x00, 0x00, 0x00, 0x00, 0x00, 0x00, 0x00, 
  0x00, 0x00, 0x00, 0x00, 0x00, 0x00, 0x00, 0x00, 0x00, 0x00, 0x00, 0x00, 
  0x00, 0x00, 0x00, 0x00, 0x00, 0x00, 0x00, 0x00, 0x00, 0x00, 0x00, 0x00, 
  0x00, 0x00, 0x00, 0x00, 0x00, 0x00, 0x00, 0x00, 0x00, 0x00, 0x00, 0x00, 
  0x00, 0x00, 0x00, 0x00, 0x00, 0x00, 0x00, 0x00, 0x00, 0x00, 0x85, 0x8b, 
  0xea, 0xfe, 0x69, 0xfe, 0x89, 0xfe, 0x89, 0xfe, 0x89, 0xfe, 0x89, 0xfe, 
  0x89, 0xfe, 0x89, 0xfe, 0x89, 0xfe, 0xa9, 0xfe, 0x28, 0xcb, 0xe7, 0xb9, 
  0xc8, 0xe4, 0x89, 0xfe, 0xe9, 0xfe, 0xa9, 0xfe, 0x89, 0xfe, 0x89, 0xfe, 
  0x69, 0xfe, 0x09, 0xff, 0xa8, 0xd3, 0x26, 0xa9, 0x87, 0xb9, 0x25, 0x89, 
  0x00, 0x00, 0x00, 0x00, 0x00, 0x00, 0x00, 0x00, 0x00, 0x00, 0x00, 0x00, 
  0x00, 0x00, 0x00, 0x00, 0x00, 0x00, 0x00, 0x00, 0x00, 0x00, 0x00, 0x00, 
  0x00, 0x00, 0x00, 0x00, 0x00, 0x00, 0x00, 0x00, 0x00, 0x00, 0x00, 0x00, 
  0x00, 0x00, 0x00, 0x00, 0x00, 0x00, 0x00, 0x00, 0x00, 0x00, 0x00, 0x00, 
  0x00, 0x00, 0x00, 0x00, 0x00, 0x00, 0x00, 0x00, 0x00, 0x00, 0x00, 0x00, 
  0x00, 0x00, 0x00, 0x00, 0x00, 0x00, 0x00, 0x00, 0x00, 0x00, 0x00, 0x00, 
  0x00, 0x00, 0x00, 0x00, 0x40, 0x08, 0x47, 0xcd, 0xca, 0xfe, 0x89, 0xfe, 
  0x89, 0xfe, 0x89, 0xfe, 0x89, 0xfe, 0x89, 0xfe, 0x89, 0xfe, 0x89, 0xfe, 
  0x89, 0xfe, 0x89, 0xfe, 0xa9, 0xfe, 0x49, 0xfe, 0x47, 0xba, 0x88, 0xd3, 
  0x09, 0xff, 0x69, 0xfe, 0x69, 0xfe, 0x09, 0xff, 0x48, 0xcb, 0xa6, 0xa0, 
  0x88, 0xd3, 0xa9, 0xfe, 0x89, 0xfe, 0xa9, 0xfe, 0xa9, 0xed, 0xa7, 0xb1, 
  0x47, 0xa9, 0x67, 0xb9, 0x84, 0x68, 0xa1, 0x18, 0xe5, 0x93, 0x69, 0xf6, 
  0xea, 0xfe, 0x89, 0xfe, 0x89, 0xfe, 0x89, 0xfe, 0x89, 0xfe, 0x89, 0xfe, 
  0x89, 0xfe, 0x89, 0xfe, 0x89, 0xfe, 0x89, 0xfe, 0x89, 0xfe, 0x89, 0xfe, 
  0xa9, 0xfe, 0xc9, 0xfe, 0xe9, 0xf5, 0x28, 0xdc, 0x47, 0xba, 0x87, 0xb1, 
  0x07, 0xa9, 0x07, 0xa9, 0x27, 0xa9, 0x47, 0xa9, 0x67, 0xb1, 0x67, 0xb1, 
  0x67, 0xa9, 0x67, 0xb1, 0x67, 0xb1, 0x67, 0xb1, 0x67, 0xb1, 0x67, 0xb1, 
  0x67, 0xb1, 0x47, 0xa9, 0x47, 0xa9, 0x67, 0xa9, 0x67, 0xa9, 0x47, 0xa9, 
  0x67, 0xb1, 0x82, 0x40, 0x00, 0x00, 0x00, 0x00, 0x00, 0x00, 0x00, 0x00, 
  0x00, 0x00, 0x00, 0x00, 0x00, 0x00, 0x00, 0x00, 0x00, 0x00, 0x00, 0x00, 
  0x00, 0x00, 0x00, 0x00, 0x00, 0x00, 0x00, 0x00, 0x00, 0x00, 0x00, 0x00, 
  0x00, 0x00, 0x00, 0x00, 0x00, 0x00, 0x00, 0x00, 0x00, 0x00, 0x00, 0x00, 
  0x00, 0x00, 0x00, 0x00, 0x01, 0x29, 0x29, 0xf6, 0xa9, 0xfe, 0x89, 0xfe, 
  0x89, 0xfe, 0x89, 0xfe, 0x89, 0xfe, 0x89, 0xfe, 0x89, 0xfe, 0x89, 0xfe, 
  0x89, 0xfe, 0xc9, 0xfe, 0x49, 0xfe, 0x88, 0xd3, 0x47, 0xa9, 0x27, 0xa9, 
  0x67, 0xb1, 0x67, 0xa9, 0x67, 0xb1, 0x67, 0xb9, 0x05, 0x89, 0x41, 0x20, 
  0x00, 0x00, 0x00, 0x00, 0x00, 0x00, 0x00, 0x00, 0xa6, 0xb4, 0xca, 0xfe, 
  0x89, 0xfe, 0x89, 0xfe, 0x89, 0xfe, 0xc9, 0xfe, 0x88, 0xe4, 0x47, 0xa9, 
  0xe8, 0xca, 0x67, 0xc4, 0xc8, 0xdd, 0x49, 0xf6, 0xc9, 0xfe, 0x0a, 0xff, 
  0x0a, 0xff, 0x2a, 0xff, 0x4a, 0xff, 0x2a, 0xff, 0xea, 0xfe, 0x69, 0xfe, 
  0x89, 0xfe, 0xa9, 0xfe, 0xea, 0xfe, 0xa9, 0xfe, 0x85, 0x8b, 0x00, 0x00, 
  0x00, 0x00, 0x00, 0x00, 0x00, 0x00, 0x00, 0x00, 0x00, 0x00, 0x00, 0x00, 
  0x60, 0x08, 0x07, 0xc5, 0xea, 0xfe, 0x69, 0xfe, 0x89, 0xfe, 0x89, 0xfe, 
  0x89, 0xfe, 0x89, 0xfe, 0x89, 0xfe, 0x89, 0xfe, 0x89, 0xfe, 0x89, 0xfe, 
  0x89, 0xfe, 0x89, 0xfe, 0x89, 0xfe, 0x89, 0xfe, 0x89, 0xfe, 0x89, 0xfe, 
  0x89, 0xfe, 0x89, 0xfe, 0x89, 0xfe, 0x89, 0xfe, 0x89, 0xfe, 0x89, 0xfe, 
  0xa9, 0xfe, 0xc9, 0xfe, 0xe9, 0xf5, 0x48, 0xcb, 0x07, 0xba, 0xc9, 0xf5, 
  0xc9, 0xfe, 0x89, 0xfe, 0x89, 0xfe, 0x89, 0xfe, 0x89, 0xfe, 0x89, 0xfe, 
  0x89, 0xfe, 0xc9, 0xfe, 0x48, 0xdc, 0x27, 0xb1, 0x25, 0x89, 0x00, 0x00, 
  0x00, 0x00, 0x00, 0x00, 0x00, 0x00, 0x00, 0x00, 0x00, 0x00, 0x00, 0x00, 
  0x00, 0x00, 0x00, 0x00, 0x00, 0x00, 0x00, 0x00, 0x00, 0x00, 0x20, 0x00, 
  0x20, 0x00, 0x20, 0x00, 0x20, 0x00, 0x00, 0x00, 0x00, 0x00, 0x00, 0x00, 
  0x00, 0x00, 0x00, 0x00, 0x00, 0x00, 0x00, 0x00, 0x00, 0x00, 0x00, 0x00, 
  0x00, 0x00, 0x00, 0x00, 0x00, 0x00, 0x00, 0x00, 0x00, 0x00, 0x00, 0x00, 
  0x00, 0x00, 0x00, 0x00, 0x00, 0x00, 0x00, 0x00, 0x00, 0x00, 0x00, 0x00, 
  0x00, 0x00, 0x00, 0x00, 0x00, 0x00, 0x00, 0x00, 0x00, 0x00, 0x00, 0x00, 
  0x00, 0x00, 0x00, 0x00, 0x00, 0x00, 0x00, 0x00, 0x00, 0x00, 0x00, 0x00, 
  0x00, 0x00, 0x00, 0x00, 0x00, 0x00, 0x00, 0x00, 0x00, 0x00, 0x00, 0x00, 
  0x00, 0x00, 0x00, 0x00, 0x00, 0x00, 0x00, 0x00, 0x00, 0x00, 0x00, 0x00, 
  0x00, 0x00, 0x00, 0x00, 0x00, 0x00, 0x00, 0x00, 0x00, 0x00, 0x00, 0x00, 
  0x00, 0x00, 0x00, 0x00, 0x00, 0x00, 0x00, 0x00, 0xe2, 0x49, 0xa9, 0xfe, 
  0x89, 0xfe, 0x89, 0xfe, 0x89, 0xfe, 0x89, 0xfe, 0x89, 0xfe, 0x89, 0xfe, 
  0x89, 0xfe, 0x89, 0xfe, 0xe9, 0xfe, 0x88, 0xe4, 0x27, 0xa9, 0x47, 0xa9, 
  0x27, 0xa9, 0x87, 0xc2, 0x88, 0xdc, 0x29, 0xfe, 0xc9, 0xfe, 0xa9, 0xfe, 
  0xe9, 0xfe, 0x29, 0xed, 0xa7, 0xb1, 0x46, 0xa9, 0x87, 0xb9, 0x05, 0x89, 
  0x00, 0x00, 0x00, 0x00, 0x00, 0x00, 0x00, 0x00, 0x00, 0x00, 0x00, 0x00, 
  0x00, 0x00, 0x00, 0x00, 0x00, 0x00, 0x00, 0x00, 0x00, 0x00, 0x00, 0x00, 
  0x00, 0x00, 0x00, 0x00, 0x00, 0x00, 0x00, 0x00, 0x00, 0x00, 0x00, 0x00, 
  0x00, 0x00, 0x00, 0x00, 0x00, 0x00, 0x00, 0x00, 0x00, 0x00, 0x00, 0x00, 
  0x00, 0x00, 0x00, 0x00, 0x00, 0x00, 0x00, 0x00, 0x00, 0x00, 0x00, 0x00, 
  0x00, 0x00, 0x00, 0x00, 0x00, 0x00, 0x00, 0x00, 0x00, 0x00, 0x00, 0x00, 
  0x00, 0x00, 0x00, 0x00, 0x00, 0x00, 0x82, 0x39, 0x89, 0xfe, 0x89, 0xfe, 
  0x69, 0xfe, 0x89, 0xfe, 0x89, 0xfe, 0x89, 0xfe, 0x89, 0xfe, 0x89, 0xfe, 
  0x89, 0xfe, 0xc9, 0xfe, 0x09, 0xf6, 0x87, 0xc2, 0xc6, 0xa8, 0x08, 0xdc, 
  0xe9, 0xfe, 0x69, 0xfe, 0x69, 0xfe, 0xe9, 0xfe, 0x27, 0xcb, 0xe6, 0xa8, 
  0x08, 0xed, 0xe9, 0xfe, 0x69, 0xfe, 0xe9, 0xfe, 0x68, 0xdc, 0x27, 0xa9, 
  0x27, 0xa9, 0x87, 0xb1, 0x66, 0xa3, 0xe8, 0xdd, 0xea, 0xfe, 0xa9, 0xfe, 
  0x69, 0xfe, 0x89, 0xfe, 0x89, 0xfe, 0x89, 0xfe, 0x89, 0xfe, 0x89, 0xfe, 
  0x89, 0xfe, 0x89, 0xfe, 0x89, 0xfe, 0x89, 0xfe, 0xa9, 0xfe, 0xc9, 0xfe, 
  0xe9, 0xf5, 0xa8, 0xd3, 0xc7, 0xb1, 0x07, 0xa9, 0x27, 0xa9, 0x47, 0xa9, 
  0x67, 0xa9, 0x67, 0xa9, 0x67, 0xb1, 0x67, 0xb1, 0x67, 0xb1, 0x67, 0xb1, 
  0x67, 0xb1, 0x67, 0xb1, 0x46, 0xa1, 0x46, 0x99, 0x26, 0x99, 0x46, 0xa1, 
  0x46, 0xa1, 0x67, 0xb1, 0x67, 0xb9, 0x67, 0xb1, 0x67, 0xb1, 0x67, 0xb9, 
  0x25, 0x89, 0x20, 0x10, 0x00, 0x00, 0x00, 0x00, 0x00, 0x00, 0x00, 0x00, 
  0x00, 0x00, 0x00, 0x00, 0x00, 0x00, 0x00, 0x00, 0x00, 0x00, 0x00, 0x00, 
  0x00, 0x00, 0x00, 0x00, 0x00, 0x00, 0x00, 0x00, 0x00, 0x00, 0x00, 0x00, 
  0x00, 0x00, 0x00, 0x00, 0x00, 0x00, 0x00, 0x00, 0x00, 0x00, 0x00, 0x00, 
  0x00, 0x00, 0x00, 0x00, 0x80, 0x10, 0x88, 0xd5, 0xc9, 0xfe, 0x89, 0xfe, 
  0x89, 0xfe, 0x89, 0xfe, 0x89, 0xfe, 0x89, 0xfe, 0x89, 0xfe, 0x89, 0xfe, 
  0xc9, 0xfe, 0x69, 0xed, 0x47, 0xba, 0x07, 0xa9, 0x67, 0xb1, 0x67, 0xb1, 
  0x47, 0xa9, 0x67, 0xb1, 0x67, 0xb1, 0xc3, 0x60, 0x00, 0x08, 0x00, 0x00, 
  0x00, 0x00, 0x00, 0x00, 0x00, 0x00, 0x20, 0x00, 0xa6, 0xb4, 0xca, 0xfe, 
  0x89, 0xfe, 0x89, 0xfe, 0x89, 0xfe, 0xa9, 0xfe, 0xa9, 0xf5, 0x49, 0xed, 
  0xc9, 0xfe, 0xa9, 0xfe, 0xa9, 0xfe, 0xca, 0xfe, 0xca, 0xfe, 0xa9, 0xfe, 
  0xa8, 0xdd, 0x66, 0xa4, 0x84, 0x83, 0x04, 0x73, 0x66, 0xa4, 0xa9, 0xfe, 
  0x89, 0xfe, 0x89, 0xfe, 0x69, 0xfe, 0x89, 0xfe, 0xea, 0xfe, 0xa5, 0x8b, 
  0x00, 0x00, 0x00, 0x00, 0x00, 0x00, 0x00, 0x00, 0x00, 0x00, 0x00, 0x00, 
  0x00, 0x00, 0x82, 0x39, 0x89, 0xfe, 0x89, 0xfe, 0x89, 0xfe, 0x89, 0xfe, 
  0x89, 0xfe, 0x89, 0xfe, 0x89, 0xfe, 0x89, 0xfe, 0x89, 0xfe, 0x89, 0xfe, 
  0x89, 0xfe, 0x89, 0xfe, 0x89, 0xfe, 0x89, 0xfe, 0x89, 0xfe, 0x89, 0xfe, 
  0x89, 0xfe, 0x89, 0xfe, 0x89, 0xfe, 0x89, 0xfe, 0x89, 0xfe, 0xc9, 0xfe, 
  0x49, 0xfe, 0x08, 0xdc, 0xc7, 0xb1, 0x07, 0xa9, 0x47, 0xa9, 0x49, 0xed, 
  0xc9, 0xfe, 0x89, 0xfe, 0x89, 0xfe, 0x89, 0xfe, 0x89, 0xfe, 0x89, 0xfe, 
  0x89, 0xfe, 0xa9, 0xfe, 0xe9, 0xf5, 0xa7, 0xb9, 0x06, 0x91, 0x00, 0x00, 
  0x00, 0x00, 0x00, 0x00, 0x00, 0x00, 0x00, 0x00, 0x00, 0x00, 0x00, 0x00, 
  0x00, 0x00, 0x00, 0x00, 0x00, 0x00, 0x00, 0x00, 0x00, 0x00, 0x00, 0x00, 
  0x00, 0x00, 0x00, 0x00, 0x00, 0x00, 0x00, 0x00, 0x00, 0x00, 0x00, 0x00, 
  0x00, 0x00, 0x00, 0x00, 0x00, 0x00, 0x00, 0x00, 0x00, 0x00, 0x00, 0x00, 
  0x00, 0x00, 0x00, 0x00, 0x00, 0x00, 0x00, 0x00, 0x00, 0x00, 0x00, 0x00, 
  0x00, 0x00, 0x00, 0x00, 0x00, 0x00, 0x00, 0x00, 0x00, 0x00, 0x00, 0x00, 
  0x00, 0x00, 0x00, 0x00, 0x00, 0x00, 0x00, 0x00, 0x00, 0x00, 0x00, 0x00, 
  0x00, 0x00, 0x00, 0x00, 0x00, 0x00, 0x00, 0x00, 0x00, 0x00, 0x00, 0x00, 
  0x00, 0x00, 0x00, 0x00, 0x00, 0x00, 0x00, 0x00, 0x00, 0x00, 0x00, 0x00, 
  0x00, 0x00, 0x00, 0x00, 0x00, 0x00, 0x00, 0x00, 0x00, 0x00, 0x00, 0x00, 
  0x00, 0x00, 0x00, 0x00, 0x00, 0x00, 0x00, 0x00, 0x00, 0x00, 0x00, 0x00, 
  0x00, 0x00, 0x00, 0x00, 0x00, 0x00, 0xc1, 0x18, 0xc8, 0xe5, 0xc9, 0xfe, 
  0x89, 0xfe, 0x89, 0xfe, 0x89, 0xfe, 0x89, 0xfe, 0x89, 0xfe, 0x89, 0xfe, 
  0x89, 0xfe, 0xa9, 0xfe, 0xc9, 0xf5, 0xa7, 0xb1, 0x47, 0xa9, 0x67, 0xb1, 
  0x67, 0xb1, 0x27, 0xa9, 0x47, 0xb1, 0xe7, 0xb9, 0xe7, 0xc2, 0x88, 0xd3, 
  0xe7, 0xc2, 0x87, 0xb1, 0x47, 0xa9, 0x67, 0xa9, 0x67, 0xb1, 0xc4, 0x68, 
  0x00, 0x00, 0x00, 0x00, 0x00, 0x00, 0x00, 0x00, 0x00, 0x00, 0x00, 0x00, 
  0x00, 0x00, 0x00, 0x00, 0x00, 0x00, 0x00, 0x00, 0x00, 0x00, 0x00, 0x00, 
  0x00, 0x00, 0x00, 0x00, 0x00, 0x00, 0x00, 0x00, 0x00, 0x00, 0x00, 0x00, 
  0x00, 0x00, 0x00, 0x00, 0x00, 0x00, 0x00, 0x00, 0x00, 0x00, 0x00, 0x00, 
  0x00, 0x00, 0x00, 0x00, 0x00, 0x00, 0x00, 0x00, 0x00, 0x00, 0x00, 0x00, 
  0x00, 0x00, 0x00, 0x00, 0x00, 0x00, 0x00, 0x00, 0x00, 0x00, 0x00, 0x00, 
  0x00, 0x00, 0x00, 0x00, 0x00, 0x00, 0x00, 0x00, 0x44, 0x83, 0x0a, 0xff, 
  0xa9, 0xfe, 0x89, 0xfe, 0x89, 0xfe, 0x89, 0xfe, 0x89, 0xfe, 0x89, 0xfe, 
  0xc9, 0xfe, 0xc9, 0xf5, 0x27, 0xba, 0x27, 0xa9, 0x27, 0xa9, 0x28, 0xdc, 
  0xe9, 0xfe, 0x69, 0xfe, 0x69, 0xfe, 0xe9, 0xfe, 0xe7, 0xca, 0xc7, 0xb1, 
  0x49, 0xfe, 0xa9, 0xfe, 0x89, 0xfe, 0xc9, 0xfe, 0x48, 0xcb, 0xe6, 0xa8, 
  0x28, 0xcb, 0xa9, 0xf5, 0xc9, 0xfe, 0xa9, 0xfe, 0x69, 0xfe, 0x89, 0xfe, 
  0x89, 0xfe, 0x89, 0xfe, 0x89, 0xfe, 0x89, 0xfe, 0x89, 0xfe, 0x89, 0xfe, 
  0x89, 0xfe, 0x89, 0xfe, 0x89, 0xfe, 0x89, 0xfe, 0x49, 0xfe, 0x28, 0xdc, 
  0xc7, 0xb1, 0x07, 0xa9, 0x47, 0xa9, 0x67, 0xb1, 0x67, 0xa9, 0x67, 0xa9, 
  0x67, 0xb9, 0x67, 0xb9, 0x46, 0xa1, 0x25, 0x91, 0xc4, 0x68, 0x82, 0x40, 
  0x41, 0x28, 0x21, 0x18, 0x20, 0x10, 0x20, 0x10, 0x20, 0x08, 0x20, 0x10, 
  0x20, 0x10, 0x21, 0x18, 0x41, 0x20, 0x62, 0x30, 0x82, 0x40, 0x62, 0x30, 
  0x00, 0x08, 0x00, 0x00, 0x00, 0x00, 0x00, 0x00, 0x00, 0x00, 0x00, 0x00, 
  0x00, 0x00, 0x00, 0x00, 0x00, 0x00, 0x00, 0x00, 0x00, 0x00, 0x00, 0x00, 
  0x00, 0x00, 0x00, 0x00, 0x00, 0x00, 0x00, 0x00, 0x00, 0x00, 0x00, 0x00, 
  0x00, 0x00, 0x00, 0x00, 0x00, 0x00, 0x00, 0x00, 0x00, 0x00, 0x00, 0x00, 
  0x00, 0x00, 0x00, 0x00, 0x00, 0x00, 0x66, 0xac, 0x0a, 0xff, 0x69, 0xfe, 
  0x89, 0xfe, 0x89, 0xfe, 0x89, 0xfe, 0x89, 0xfe, 0xa9, 0xfe, 0xa9, 0xfe, 
  0x28, 0xdc, 0x67, 0xb1, 0x27, 0xa9, 0x67, 0xb1, 0x67, 0xa9, 0x67, 0xa9, 
  0x67, 0xb9, 0x26, 0x91, 0x62, 0x30, 0x00, 0x00, 0x00, 0x00, 0x00, 0x00, 
  0x00, 0x00, 0x00, 0x00, 0x00, 0x00, 0x00, 0x00, 0x86, 0xb4, 0xca, 0xfe, 
  0x89, 0xfe, 0x89, 0xfe, 0x89, 0xfe, 0x89, 0xfe, 0xa9, 0xfe, 0xc9, 0xfe, 
  0x69, 0xfe, 0xca, 0xfe, 0xc9, 0xfe, 0xa8, 0xdd, 0xc5, 0x8b, 0x82, 0x31, 
  0xa1, 0x20, 0x20, 0x10, 0x01, 0x18, 0x01, 0x28, 0xa3, 0x50, 0x68, 0xe5, 
  0xa9, 0xfe, 0x89, 0xfe, 0x89, 0xfe, 0x89, 0xfe, 0x89, 0xfe, 0xca, 0xfe, 
  0x63, 0x62, 0x00, 0x00, 0x00, 0x00, 0x00, 0x00, 0x00, 0x00, 0x00, 0x00, 
  0x00, 0x00, 0x00, 0x00, 0x04, 0x7b, 0xea, 0xfe, 0x69, 0xfe, 0x89, 0xfe, 
  0x89, 0xfe, 0x89, 0xfe, 0x89, 0xfe, 0x89, 0xfe, 0x89, 0xfe, 0x89, 0xfe, 
  0x89, 0xfe, 0x89, 0xfe, 0x89, 0xfe, 0x89, 0xfe, 0x89, 0xfe, 0x89, 0xfe, 
  0x89, 0xfe, 0x89, 0xfe, 0x89, 0xfe, 0xc9, 0xfe, 0xa9, 0xfe, 0xc8, 0xe4, 
  0x27, 0xba, 0x07, 0xa9, 0x47, 0xa9, 0x87, 0xb1, 0x06, 0xa9, 0x68, 0xdc, 
  0xc9, 0xfe, 0x89, 0xfe, 0x89, 0xfe, 0x89, 0xfe, 0x89, 0xfe, 0x89, 0xfe, 
  0x89, 0xfe, 0x89, 0xfe, 0xa9, 0xfe, 0xe9, 0xec, 0x86, 0xa1, 0x00, 0x00, 
  0x00, 0x00, 0x00, 0x00, 0x00, 0x00, 0x00, 0x00, 0x00, 0x00, 0x00, 0x00, 
  0x00, 0x00, 0x00, 0x00, 0x00, 0x00, 0x21, 0x29, 0x43, 0x52, 0x04, 0x73, 
  0x65, 0x83, 0x44, 0x7b, 0xa4, 0x6a, 0xa2, 0x39, 0x20, 0x08, 0x00, 0x00, 
  0x00, 0x00, 0x00, 0x00, 0x00, 0x00, 0x00, 0x00, 0x00, 0x00, 0x00, 0x00, 
  0x00, 0x00, 0x00, 0x00, 0x00, 0x00, 0x00, 0x00, 0x00, 0x00, 0x00, 0x00, 
  0x00, 0x00, 0x00, 0x00, 0x00, 0x00, 0x00, 0x00, 0x00, 0x00, 0x00, 0x00, 
  0x00, 0x00, 0x00, 0x00, 0x00, 0x00, 0x00, 0x00, 0x00, 0x00, 0x00, 0x00, 
  0x00, 0x00, 0x00, 0x00, 0x00, 0x00, 0x00, 0x00, 0x00, 0x00, 0x00, 0x00, 
  0x00, 0x00, 0x00, 0x00, 0x00, 0x00, 0x00, 0x00, 0x00, 0x00, 0x00, 0x00, 
  0x00, 0x00, 0x00, 0x00, 0x00, 0x00, 0x00, 0x00, 0x00, 0x00, 0x00, 0x00, 
  0x00, 0x00, 0x00, 0x00, 0x00, 0x00, 0x00, 0x00, 0x00, 0x00, 0x00, 0x00, 
  0x00, 0x00, 0x00, 0x00, 0x00, 0x00, 0xa6, 0xb4, 0xea, 0xfe, 0x69, 0xfe, 
  0x89, 0xfe, 0x89, 0xfe, 0x89, 0xfe, 0x89, 0xfe, 0x89, 0xfe, 0x89, 0xfe, 
  0x89, 0xfe, 0x89, 0xfe, 0xa7, 0xc2, 0x27, 0xa9, 0x67, 0xb1, 0x67, 0xb1, 
  0x67, 0xb1, 0xa3, 0x50, 0xc4, 0x60, 0x47, 0xb1, 0x27, 0xb1, 0x27, 0xa9, 
  0x26, 0xa9, 0x47, 0xa9, 0x67, 0xa9, 0x47, 0xa9, 0x67, 0xb1, 0x62, 0x38, 
  0x00, 0x00, 0x00, 0x00, 0x00, 0x00, 0x00, 0x00, 0x00, 0x00, 0x00, 0x00, 
  0x00, 0x00, 0x00, 0x00, 0x00, 0x00, 0x00, 0x00, 0x00, 0x00, 0x00, 0x00, 
  0x00, 0x00, 0x00, 0x00, 0x00, 0x00, 0x00, 0x00, 0x00, 0x00, 0x00, 0x00, 
  0x00, 0x00, 0x00, 0x00, 0x00, 0x00, 0x00, 0x00, 0x00, 0x00, 0x00, 0x00, 
  0x00, 0x00, 0x00, 0x00, 0x00, 0x00, 0x00, 0x00, 0x00, 0x00, 0x00, 0x00, 
  0x00, 0x00, 0x00, 0x00, 0x00, 0x00, 0x00, 0x00, 0x00, 0x00, 0x00, 0x00, 
  0x00, 0x00, 0x00, 0x00, 0x00, 0x00, 0x00, 0x00, 0x00, 0x00, 0x05, 0x83, 
  0xc9, 0xf5, 0xa9, 0xfe, 0xc9, 0xfe, 0xc9, 0xfe, 0xc9, 0xfe, 0xc9, 0xfe, 
  0x08, 0xed, 0xc7, 0xb1, 0x27, 0xa9, 0x87, 0xb1, 0x27, 0xa9, 0x48, 0xdc, 
  0xe9, 0xfe, 0x69, 0xfe, 0x69, 0xfe, 0x09, 0xff, 0xe7, 0xc2, 0x28, 0xcb, 
  0x09, 0xff, 0x69, 0xfe, 0xa9, 0xfe, 0x29, 0xfe, 0x07, 0xba, 0x08, 0xcb, 
  0xc9, 0xfe, 0xa9, 0xfe, 0x89, 0xfe, 0x89, 0xfe, 0x89, 0xfe, 0x89, 0xfe, 
  0x89, 0xfe, 0x89, 0xfe, 0x89, 0xfe, 0x89, 0xfe, 0x89, 0xfe, 0x89, 0xfe, 
  0x89, 0xfe, 0x89, 0xfe, 0x89, 0xfe, 0xc9, 0xfe, 0x28, 0xcb, 0xe6, 0xa8, 
  0x47, 0xa9, 0x67, 0xb1, 0x67, 0xa9, 0x67, 0xb1, 0x67, 0xb9, 0x67, 0xb1, 
  0x05, 0x81, 0xa3, 0x50, 0x41, 0x20, 0x00, 0x00, 0x00, 0x00, 0x00, 0x00, 
  0x00, 0x00, 0x00, 0x00, 0x00, 0x00, 0x00, 0x00, 0x00, 0x00, 0x00, 0x00, 
  0x00, 0x00, 0x00, 0x00, 0x00, 0x00, 0x00, 0x00, 0x00, 0x00, 0x00, 0x00, 
  0x00, 0x00, 0x00, 0x00, 0x00, 0x00, 0x00, 0x00, 0x00, 0x00, 0x00, 0x00, 
  0x00, 0x00, 0x00, 0x00, 0x00, 0x00, 0x00, 0x00, 0x00, 0x00, 0x00, 0x00, 
  0x00, 0x00, 0x00, 0x00, 0x00, 0x00, 0x00, 0x00, 0x00, 0x00, 0x00, 0x00, 
  0x00, 0x00, 0x00, 0x00, 0x00, 0x00, 0x00, 0x00, 0x00, 0x00, 0x00, 0x00, 
  0x00, 0x00, 0x00, 0x00, 0x00, 0x00, 0x63, 0x62, 0xc9, 0xfe, 0x89, 0xfe, 
  0x89, 0xfe, 0x89, 0xfe, 0x89, 0xfe, 0xc9, 0xfe, 0x09, 0xf6, 0xe7, 0xca, 
  0x27, 0xa9, 0x47, 0xa9, 0x67, 0xb1, 0x47, 0xa9, 0x67, 0xb1, 0x67, 0xb1, 
  0xc4, 0x68, 0x00, 0x08, 0x00, 0x00, 0x00, 0x00, 0x00, 0x00, 0x00, 0x00, 
  0x00, 0x00, 0x00, 0x00, 0x20, 0x08, 0x63, 0x62, 0xc8, 0xe5, 0xa9, 0xfe, 
  0x89, 0xfe, 0x89, 0xfe, 0x89, 0xfe, 0x89, 0xfe, 0x89, 0xfe, 0xa9, 0xfe, 
  0xaa, 0xfe, 0xe7, 0xc4, 0x63, 0x5a, 0x81, 0x18, 0x42, 0x38, 0x83, 0x58, 
  0xe5, 0x80, 0x46, 0xa1, 0x87, 0xb9, 0x87, 0xb9, 0x47, 0xb9, 0x48, 0xdc, 
  0xc9, 0xfe, 0x89, 0xfe, 0x89, 0xfe, 0x89, 0xfe, 0x89, 0xfe, 0xa9, 0xfe, 
  0x09, 0xee, 0xe1, 0x28, 0x00, 0x00, 0x00, 0x00, 0x00, 0x00, 0x00, 0x00, 
  0x00, 0x00, 0x00, 0x00, 0x00, 0x00, 0x66, 0xac, 0xea, 0xfe, 0x69, 0xfe, 
  0x89, 0xfe, 0x89, 0xfe, 0x89, 0xfe, 0x89, 0xfe, 0x89, 0xfe, 0x89, 0xfe, 
  0x89, 0xfe, 0x89, 0xfe, 0x89, 0xfe, 0x89, 0xfe, 0x89, 0xfe, 0x89, 0xfe, 
  0x89, 0xfe, 0xa9, 0xfe, 0xc9, 0xfe, 0x69, 0xed, 0xc7, 0xc2, 0x27, 0xa9, 
  0x27, 0xa9, 0x67, 0xb1, 0x67, 0xa9, 0x67, 0xb1, 0x47, 0xb1, 0xc7, 0xc2, 
  0xa9, 0xfe, 0x89, 0xfe, 0x89, 0xfe, 0x89, 0xfe, 0x89, 0xfe, 0x89, 0xfe, 
  0x89, 0xfe, 0x89, 0xfe, 0x89, 0xfe, 0xc9, 0xfe, 0xe9, 0xf5, 0x65, 0x93, 
  0xc2, 0x41, 0x21, 0x29, 0xe1, 0x20, 0x01, 0x29, 0x62, 0x39, 0x03, 0x52, 
  0xe4, 0x72, 0x26, 0xa4, 0x68, 0xd5, 0x08, 0xee, 0xa9, 0xfe, 0x0a, 0xff, 
  0x2a, 0xff, 0x2a, 0xff, 0xea, 0xfe, 0x49, 0xf6, 0x88, 0xdd, 0x65, 0x83, 
  0xa1, 0x18, 0x00, 0x00, 0x00, 0x00, 0x00, 0x00, 0x00, 0x00, 0x00, 0x00, 
  0x00, 0x00, 0x00, 0x00, 0x00, 0x00, 0x00, 0x00, 0x00, 0x00, 0x00, 0x00, 
  0x00, 0x00, 0x00, 0x00, 0x00, 0x00, 0x00, 0x00, 0x00, 0x00, 0x00, 0x00, 
  0x00, 0x00, 0x00, 0x00, 0x00, 0x00, 0x00, 0x00, 0x00, 0x00, 0x00, 0x00, 
  0x00, 0x00, 0x00, 0x00, 0x00, 0x00, 0x00, 0x00, 0x00, 0x00, 0x00, 0x00, 
  0x00, 0x00, 0x00, 0x00, 0x00, 0x00, 0x00, 0x00, 0x00, 0x00, 0x00, 0x00, 
  0x00, 0x00, 0x00, 0x00, 0x00, 0x00, 0x00, 0x00, 0x00, 0x00, 0x00, 0x00, 
  0x00, 0x00, 0x00, 0x00, 0x00, 0x00, 0x00, 0x00, 0x00, 0x00, 0x00, 0x00, 
  0x00, 0x00, 0x00, 0x00, 0x24, 0x7b, 0xea, 0xfe, 0x69, 0xfe, 0x89, 0xfe, 
  0x89, 0xfe, 0x89, 0xfe, 0x89, 0xfe, 0x89, 0xfe, 0x89, 0xfe, 0x89, 0xfe, 
  0xc9, 0xfe, 0xe8, 0xd3, 0x07, 0xa9, 0x67, 0xb1, 0x47, 0xa9, 0x67, 0xb9, 
  0xc4, 0x68, 0x00, 0x00, 0x00, 0x00, 0x41, 0x28, 0x05, 0x79, 0x66, 0xa9, 
  0x87, 0xb9, 0x67, 0xb9, 0x67, 0xb9, 0x87, 0xc1, 0x05, 0x89, 0x00, 0x00, 
  0x00, 0x00, 0x00, 0x00, 0x00, 0x00, 0x00, 0x00, 0x00, 0x00, 0x00, 0x00, 
  0x00, 0x00, 0x00, 0x00, 0x00, 0x00, 0x00, 0x00, 0x00, 0x00, 0x00, 0x00, 
  0x00, 0x00, 0x00, 0x00, 0x00, 0x00, 0x00, 0x00, 0x00, 0x00, 0x00, 0x00, 
  0x00, 0x00, 0x00, 0x00, 0x00, 0x00, 0x00, 0x00, 0x00, 0x00, 0x00, 0x00, 
  0x00, 0x00, 0x00, 0x00, 0x00, 0x00, 0x00, 0x00, 0x00, 0x00, 0x00, 0x00, 
  0x00, 0x00, 0x00, 0x00, 0x00, 0x00, 0x00, 0x00, 0x00, 0x00, 0x00, 0x00, 
  0x00, 0x00, 0x00, 0x00, 0x00, 0x00, 0x00, 0x00, 0x00, 0x00, 0x00, 0x00, 
  0x45, 0x81, 0x68, 0xca, 0x28, 0xcb, 0x28, 0xdc, 0xa8, 0xe4, 0x48, 0xcb, 
  0x67, 0xb1, 0x47, 0xa9, 0x67, 0xb1, 0x67, 0xa9, 0x27, 0xb1, 0x68, 0xe4, 
  0xe9, 0xfe, 0x89, 0xfe, 0x69, 0xfe, 0x09, 0xff, 0x28, 0xcb, 0xe8, 0xe4, 
  0xc9, 0xfe, 0x69, 0xfe, 0xc9, 0xfe, 0xc9, 0xf5, 0x07, 0xa9, 0xe8, 0xe4, 
  0xc9, 0xfe, 0x89, 0xfe, 0x89, 0xfe, 0x89, 0xfe, 0x89, 0xfe, 0x89, 0xfe, 
  0x89, 0xfe, 0x89, 0xfe, 0x89, 0xfe, 0x89, 0xfe, 0x89, 0xfe, 0x89, 0xfe, 
  0x89, 0xfe, 0x89, 0xfe, 0x89, 0xfe, 0xc9, 0xfe, 0x47, 0xba, 0x27, 0xa9, 
  0x67, 0xb1, 0x67, 0xa9, 0x67, 0xb9, 0x67, 0xa9, 0xe4, 0x78, 0x41, 0x28, 
  0x00, 0x00, 0x00, 0x00, 0x00, 0x00, 0x00, 0x00, 0x00, 0x00, 0x00, 0x00, 
  0x00, 0x00, 0x00, 0x00, 0x00, 0x00, 0x00, 0x00, 0x00, 0x00, 0x00, 0x00, 
  0x00, 0x00, 0x00, 0x00, 0x00, 0x00, 0x00, 0x00, 0x00, 0x00, 0x00, 0x00, 
  0x00, 0x00, 0x00, 0x00, 0x00, 0x00, 0x00, 0x00, 0x00, 0x00, 0x00, 0x00, 
  0x00, 0x00, 0x00, 0x00, 0x00, 0x00, 0x00, 0x00, 0x00, 0x00, 0x00, 0x00, 
  0x00, 0x00, 0x00, 0x00, 0x00, 0x00, 0x00, 0x00, 0x00, 0x00, 0x00, 0x00, 
  0x00, 0x00, 0x00, 0x00, 0x00, 0x00, 0x00, 0x00, 0x00, 0x00, 0x00, 0x00, 
  0x00, 0x00, 0x00, 0x00, 0x00, 0x00, 0x20, 0x00, 0x68, 0xd5, 0xea, 0xfe, 
  0x69, 0xfe, 0x89, 0xfe, 0xe9, 0xfe, 0x69, 0xed, 0x07, 0xba, 0x07, 0xa9, 
  0x67, 0xb1, 0x67, 0xb1, 0x67, 0xa9, 0x67, 0xb9, 0x46, 0x99, 0x62, 0x38, 
  0x00, 0x00, 0x00, 0x00, 0x00, 0x00, 0x00, 0x00, 0x00, 0x00, 0x00, 0x00, 
  0xa1, 0x18, 0x04, 0x73, 0x88, 0xd5, 0xa9, 0xfe, 0xc9, 0xfe, 0x89, 0xfe, 
  0x89, 0xfe, 0x89, 0xfe, 0x89, 0xfe, 0x89, 0xfe, 0x89, 0xfe, 0x08, 0xed, 
  0xc8, 0xca, 0xc3, 0x58, 0x43, 0x48, 0x26, 0x99, 0x67, 0xb1, 0x87, 0xb9, 
  0x67, 0xb1, 0x67, 0xb9, 0x67, 0xb9, 0x67, 0xb1, 0x06, 0x99, 0x87, 0xc3, 
  0xe9, 0xfe, 0x89, 0xfe, 0x89, 0xfe, 0x89, 0xfe, 0x89, 0xfe, 0x69, 0xfe, 
  0xea, 0xfe, 0x87, 0xcc, 0x00, 0x10, 0x00, 0x00, 0x00, 0x00, 0x00, 0x00, 
  0x00, 0x00, 0x00, 0x00, 0x00, 0x00, 0x80, 0x10, 0x68, 0xdd, 0xca, 0xfe, 
  0x69, 0xfe, 0x89, 0xfe, 0x89, 0xfe, 0x89, 0xfe, 0x89, 0xfe, 0x89, 0xfe, 
  0x89, 0xfe, 0x89, 0xfe, 0x89, 0xfe, 0x89, 0xfe, 0x89, 0xfe, 0xa9, 0xfe, 
  0xe9, 0xfe, 0xe9, 0xf5, 0x68, 0xcb, 0x67, 0xb1, 0x27, 0xa9, 0x67, 0xb1, 
  0x67, 0xb1, 0x47, 0xa9, 0x67, 0xb1, 0x67, 0xb9, 0xe5, 0x78, 0xa2, 0x30, 
  0xe8, 0xe5, 0xa9, 0xfe, 0x89, 0xfe, 0x89, 0xfe, 0x89, 0xfe, 0x89, 0xfe, 
  0x89, 0xfe, 0x89, 0xfe, 0x89, 0xfe, 0x89, 0xfe, 0xa9, 0xfe, 0xca, 0xfe, 
  0xc9, 0xfe, 0xc9, 0xfe, 0xc9, 0xfe, 0xc9, 0xfe, 0xc9, 0xfe, 0xca, 0xfe, 
  0xca, 0xfe, 0xca, 0xfe, 0xca, 0xfe, 0xa9, 0xfe, 0x89, 0xfe, 0x69, 0xfe, 
  0x69, 0xfe, 0x69, 0xfe, 0x89, 0xfe, 0xa9, 0xfe, 0xc9, 0xfe, 0xea, 0xfe, 
  0x08, 0xee, 0xc4, 0x6a, 0x00, 0x00, 0x00, 0x00, 0x00, 0x00, 0x00, 0x00, 
  0x00, 0x00, 0x00, 0x00, 0x00, 0x00, 0x00, 0x00, 0x00, 0x00, 0x00, 0x00, 
  0x00, 0x00, 0x00, 0x00, 0x00, 0x00, 0x00, 0x00, 0x00, 0x00, 0x00, 0x00, 
  0x00, 0x00, 0x00, 0x00, 0x00, 0x00, 0x00, 0x00, 0x00, 0x00, 0x00, 0x00, 
  0x00, 0x00, 0x00, 0x00, 0x00, 0x00, 0x00, 0x00, 0x00, 0x00, 0x00, 0x00, 
  0x00, 0x00, 0x00, 0x00, 0x00, 0x00, 0x00, 0x00, 0x00, 0x00, 0x00, 0x00, 
  0x00, 0x00, 0x00, 0x00, 0x00, 0x00, 0x00, 0x00, 0x00, 0x00, 0x00, 0x00, 
  0x00, 0x00, 0x00, 0x00, 0x00, 0x00, 0x00, 0x00, 0x00, 0x00, 0x00, 0x00, 
  0x00, 0x00, 0xc2, 0x41, 0x89, 0xfe, 0x89, 0xfe, 0x89, 0xfe, 0x89, 0xfe, 
  0x89, 0xfe, 0x89, 0xfe, 0x89, 0xfe, 0x89, 0xfe, 0x69, 0xfe, 0xc9, 0xfe, 
  0xe8, 0xe4, 0x47, 0xa9, 0x67, 0xb1, 0x67, 0xa9, 0x67, 0xb1, 0x26, 0x91, 
  0x00, 0x08, 0x00, 0x00, 0x00, 0x00, 0x00, 0x00, 0x00, 0x00, 0x41, 0x20, 
  0xa3, 0x58, 0xe5, 0x78, 0x05, 0x81, 0xc4, 0x68, 0x20, 0x10, 0x00, 0x00, 
  0x00, 0x00, 0x00, 0x00, 0x00, 0x00, 0x00, 0x00, 0x00, 0x00, 0x00, 0x00, 
  0x00, 0x00, 0x00, 0x00, 0x00, 0x00, 0x00, 0x00, 0x00, 0x00, 0x00, 0x00, 
  0x00, 0x00, 0x00, 0x00, 0x00, 0x00, 0x00, 0x00, 0x00, 0x00, 0x00, 0x00, 
  0x00, 0x00, 0x00, 0x00, 0x00, 0x00, 0x00, 0x00, 0x00, 0x00, 0x00, 0x00, 
  0x00, 0x00, 0x00, 0x00, 0x00, 0x00, 0x00, 0x00, 0x00, 0x00, 0x00, 0x00, 
  0x00, 0x00, 0x00, 0x00, 0x00, 0x00, 0x00, 0x00, 0x00, 0x00, 0x00, 0x00, 
  0x00, 0x00, 0x00, 0x00, 0x00, 0x00, 0x00, 0x00, 0x00, 0x00, 0x00, 0x00, 
  0x21, 0x18, 0x06, 0xa1, 0x27, 0xb1, 0x26, 0xa9, 0x26, 0xa9, 0x26, 0xa9, 
  0x47, 0xa9, 0x67, 0xa9, 0x47, 0xa9, 0x67, 0xb9, 0x26, 0x99, 0x27, 0xbc, 
  0xea, 0xfe, 0x69, 0xfe, 0x69, 0xfe, 0xe9, 0xfe, 0x08, 0xdc, 0x09, 0xf6, 
  0xa9, 0xfe, 0x89, 0xfe, 0xc9, 0xfe, 0xe8, 0xe4, 0xe6, 0xa8, 0x28, 0xdc, 
  0xe9, 0xfe, 0x69, 0xfe, 0x89, 0xfe, 0x89, 0xfe, 0x89, 0xfe, 0x89, 0xfe, 
  0x89, 0xfe, 0x89, 0xfe, 0x89, 0xfe, 0x89, 0xfe, 0x89, 0xfe, 0x89, 0xfe, 
  0x89, 0xfe, 0x89, 0xfe, 0x89, 0xfe, 0x89, 0xfe, 0x47, 0xba, 0x27, 0xa9, 
  0x67, 0xb1, 0x67, 0xb1, 0x05, 0x81, 0x61, 0x28, 0x00, 0x00, 0x00, 0x00, 
  0x00, 0x00, 0x00, 0x00, 0x00, 0x00, 0x00, 0x00, 0x00, 0x00, 0x00, 0x00, 
  0x00, 0x00, 0x00, 0x00, 0x00, 0x00, 0x00, 0x00, 0x00, 0x00, 0x00, 0x00, 
  0x00, 0x00, 0x00, 0x00, 0x00, 0x00, 0x00, 0x00, 0x00, 0x00, 0x00, 0x00, 
  0x00, 0x00, 0x00, 0x00, 0x00, 0x00, 0x00, 0x00, 0x00, 0x00, 0x00, 0x00, 
  0x00, 0x00, 0x00, 0x00, 0x00, 0x00, 0x00, 0x00, 0x00, 0x00, 0x00, 0x00, 
  0x00, 0x00, 0x00, 0x00, 0x00, 0x00, 0x00, 0x00, 0x00, 0x00, 0x00, 0x00, 
  0x00, 0x00, 0x00, 0x00, 0x00, 0x00, 0x00, 0x00, 0x00, 0x00, 0x00, 0x00, 
  0x00, 0x00, 0x00, 0x00, 0x00, 0x00, 0x00, 0x00, 0x82, 0x39, 0x49, 0xee, 
  0x0a, 0xff, 0xa9, 0xfe, 0x48, 0xdc, 0x87, 0xb1, 0x47, 0xa9, 0x67, 0xb1, 
  0x67, 0xa9, 0x67, 0xb1, 0x67, 0xb9, 0xe4, 0x78, 0x21, 0x18, 0x00, 0x00, 
  0x00, 0x00, 0x00, 0x00, 0x00, 0x00, 0x00, 0x00, 0x62, 0x39, 0xa5, 0x8b, 
  0x08, 0xee, 0xea, 0xfe, 0xca, 0xfe, 0x89, 0xfe, 0x89, 0xfe, 0x89, 0xfe, 
  0x89, 0xfe, 0x89, 0xfe, 0x89, 0xfe, 0xc9, 0xfe, 0xc9, 0xf5, 0x87, 0xb1, 
  0x07, 0xa9, 0x67, 0xb1, 0x87, 0xb9, 0x67, 0xb1, 0x67, 0xb1, 0x67, 0xb1, 
  0x67, 0xb1, 0x05, 0x89, 0xc3, 0x60, 0x82, 0x38, 0x00, 0x10, 0xe4, 0x72, 
  0xea, 0xfe, 0x69, 0xfe, 0x89, 0xfe, 0x89, 0xfe, 0x89, 0xfe, 0x89, 0xfe, 
  0x89, 0xfe, 0x8a, 0xfe, 0x05, 0x92, 0x00, 0x00, 0x00, 0x00, 0x00, 0x00, 
  0x00, 0x00, 0x00, 0x00, 0x00, 0x00, 0x00, 0x00, 0x22, 0x31, 0x09, 0xf6, 
  0xc9, 0xfe, 0x69, 0xfe, 0x89, 0xfe, 0x89, 0xfe, 0x89, 0xfe, 0x89, 0xfe, 
  0x89, 0xfe, 0x89, 0xfe, 0x89, 0xfe, 0x89, 0xfe, 0xc9, 0xfe, 0x49, 0xfe, 
  0x08, 0xdc, 0xc7, 0xb1, 0x07, 0xa9, 0x67, 0xb1, 0x67, 0xb1, 0x67, 0xa9, 
  0x67, 0xb1, 0x67, 0xb9, 0x26, 0x91, 0x62, 0x38, 0x00, 0x00, 0x00, 0x00, 
  0x65, 0x83, 0xea, 0xfe, 0x69, 0xfe, 0x89, 0xfe, 0x89, 0xfe, 0x89, 0xfe, 
  0x89, 0xfe, 0x89, 0xfe, 0x89, 0xfe, 0x89, 0xfe, 0x89, 0xfe, 0x89, 0xfe, 
  0x89, 0xfe, 0x89, 0xfe, 0x89, 0xfe, 0x89, 0xfe, 0x89, 0xfe, 0x89, 0xfe, 
  0x89, 0xfe, 0x89, 0xfe, 0x89, 0xfe, 0x89, 0xfe, 0x89, 0xfe, 0x89, 0xfe, 
  0x89, 0xfe, 0x89, 0xfe, 0x89, 0xfe, 0x89, 0xfe, 0x89, 0xfe, 0x89, 0xfe, 
  0xa9, 0xfe, 0xea, 0xfe, 0x05, 0x9c, 0x00, 0x00, 0x00, 0x00, 0x00, 0x00, 
  0x00, 0x00, 0x00, 0x00, 0x00, 0x00, 0x00, 0x00, 0x00, 0x00, 0x00, 0x00, 
  0x00, 0x00, 0x00, 0x00, 0x00, 0x00, 0x00, 0x00, 0x00, 0x00, 0x00, 0x00, 
  0x00, 0x00, 0x00, 0x00, 0x00, 0x00, 0x00, 0x00, 0x00, 0x00, 0x00, 0x00, 
  0x00, 0x00, 0x00, 0x00, 0x00, 0x00, 0x00, 0x00, 0x00, 0x00, 0x00, 0x00, 
  0x00, 0x00, 0x00, 0x00, 0x00, 0x00, 0x00, 0x00, 0x00, 0x00, 0x00, 0x00, 
  0x00, 0x00, 0x00, 0x00, 0x00, 0x00, 0x00, 0x00, 0x00, 0x00, 0x00, 0x00, 
  0x00, 0x00, 0x00, 0x00, 0x00, 0x00, 0x00, 0x00, 0x00, 0x00, 0x00, 0x00, 
  0xa1, 0x18, 0xc8, 0xdd, 0xc9, 0xfe, 0x89, 0xfe, 0x89, 0xfe, 0x89, 0xfe, 
  0x89, 0xfe, 0x89, 0xfe, 0x89, 0xfe, 0x89, 0xfe, 0xc9, 0xfe, 0xc9, 0xf5, 
  0xc7, 0xb1, 0x47, 0xa9, 0x67, 0xb1, 0x67, 0xb1, 0x67, 0xa9, 0x61, 0x28, 
  0x00, 0x00, 0x00, 0x00, 0x00, 0x00, 0x00, 0x00, 0x00, 0x00, 0x00, 0x00, 
  0x00, 0x00, 0x00, 0x00, 0x00, 0x00, 0x00, 0x00, 0x00, 0x00, 0x00, 0x00, 
  0x00, 0x00, 0x00, 0x00, 0x00, 0x00, 0x00, 0x00, 0x00, 0x00, 0x00, 0x00, 
  0x00, 0x00, 0x00, 0x00, 0x00, 0x00, 0x00, 0x00, 0x00, 0x00, 0x00, 0x00, 
  0x00, 0x00, 0x00, 0x00, 0x00, 0x00, 0x00, 0x00, 0x00, 0x00, 0x00, 0x00, 
  0x00, 0x00, 0x00, 0x00, 0x00, 0x00, 0x00, 0x00, 0x00, 0x00, 0x00, 0x00, 
  0x00, 0x00, 0x00, 0x00, 0x00, 0x00, 0x00, 0x00, 0x00, 0x00, 0x00, 0x00, 
  0x00, 0x00, 0x00, 0x00, 0x00, 0x00, 0x00, 0x00, 0x00, 0x00, 0x00, 0x00, 
  0x00, 0x00, 0x00, 0x00, 0x00, 0x00, 0x00, 0x00, 0x00, 0x00, 0x00, 0x00, 
  0x00, 0x00, 0x62, 0x38, 0x46, 0xa1, 0x67, 0xb1, 0x87, 0xb9, 0x87, 0xb9, 
  0x67, 0xb1, 0x67, 0xb1, 0x87, 0xb9, 0x25, 0x91, 0x21, 0x18, 0x25, 0x9c, 
  0xea, 0xfe, 0x69, 0xfe, 0x89, 0xfe, 0xa9, 0xfe, 0xc9, 0xf5, 0x69, 0xfe, 
  0x89, 0xfe, 0x89, 0xfe, 0xc9, 0xfe, 0xc8, 0xd3, 0x07, 0xa9, 0xe7, 0xb9, 
  0xc9, 0xf5, 0x0a, 0xff, 0xa9, 0xfe, 0x89, 0xfe, 0x89, 0xfe, 0xa9, 0xfe, 
  0xa9, 0xfe, 0xc9, 0xfe, 0xc9, 0xfe, 0x89, 0xfe, 0x89, 0xfe, 0x89, 0xfe, 
  0x89, 0xfe, 0x89, 0xfe, 0xa9, 0xfe, 0x09, 0xf6, 0x07, 0xba, 0x47, 0xa9, 
  0x67, 0xb1, 0x83, 0x48, 0x00, 0x00, 0x00, 0x00, 0x00, 0x00, 0x00, 0x00, 
  0x00, 0x00, 0x00, 0x00, 0x00, 0x00, 0x00, 0x00, 0x00, 0x00, 0x00, 0x00, 
  0x00, 0x00, 0x00, 0x00, 0x00, 0x00, 0x00, 0x00, 0x00, 0x00, 0x00, 0x00, 
  0x00, 0x00, 0x00, 0x00, 0x00, 0x00, 0x00, 0x00, 0x00, 0x00, 0x00, 0x00, 
  0x00, 0x00, 0x00, 0x00, 0x00, 0x00, 0x00, 0x00, 0x00, 0x00, 0x00, 0x00, 
  0x00, 0x00, 0x00, 0x00, 0x00, 0x00, 0x00, 0x00, 0x00, 0x00, 0x00, 0x00, 
  0x00, 0x00, 0x00, 0x00, 0x00, 0x00, 0x00, 0x00, 0x00, 0x00, 0x00, 0x00, 
  0x00, 0x00, 0x00, 0x00, 0x00, 0x00, 0x00, 0x00, 0x00, 0x00, 0x00, 0x00, 
  0x00, 0x00, 0x00, 0x00, 0x00, 0x00, 0x00, 0x00, 0x00, 0x00, 0x01, 0x21, 
  0x46, 0xab, 0x08, 0xcb, 0x67, 0xb1, 0x27, 0xa9, 0x47, 0xa9, 0x67, 0xa9, 
  0x67, 0xb1, 0x67, 0xa9, 0xa3, 0x50, 0x00, 0x00, 0x00, 0x00, 0x00, 0x00, 
  0x00, 0x00, 0x40, 0x08, 0x03, 0x52, 0xc7, 0xbc, 0x49, 0xf6, 0x0a, 0xff, 
  0xa9, 0xfe, 0x89, 0xfe, 0x89, 0xfe, 0x89, 0xfe, 0x89, 0xfe, 0x89, 0xfe, 
  0x89, 0xfe, 0x89, 0xfe, 0x89, 0xfe, 0xa9, 0xfe, 0xe9, 0xf5, 0xe7, 0xb9, 
  0x47, 0xa9, 0x67, 0xa9, 0x67, 0xb1, 0x67, 0xb9, 0x46, 0xa1, 0xe4, 0x70, 
  0x61, 0x28, 0x20, 0x08, 0x00, 0x00, 0x00, 0x00, 0x00, 0x00, 0xc7, 0xbc, 
  0xca, 0xfe, 0x89, 0xfe, 0x89, 0xfe, 0x89, 0xfe, 0x89, 0xfe, 0x89, 0xfe, 
  0x89, 0xfe, 0xc9, 0xfe, 0x28, 0xe4, 0x43, 0x50, 0x00, 0x00, 0x00, 0x00, 
  0x00, 0x00, 0x00, 0x00, 0x00, 0x00, 0x00, 0x00, 0x00, 0x00, 0x83, 0x49, 
  0x29, 0xf6, 0xc9, 0xfe, 0x69, 0xfe, 0x89, 0xfe, 0x89, 0xfe, 0x89, 0xfe, 
  0x89, 0xfe, 0x89, 0xfe, 0xc9, 0xfe, 0xa9, 0xfe, 0xc8, 0xe4, 0x27, 0xba, 
  0x07, 0xa9, 0x47, 0xa9, 0x67, 0xb1, 0x67, 0xa9, 0x67, 0xb1, 0x67, 0xb9, 
  0x46, 0xa1, 0xa3, 0x50, 0x00, 0x08, 0x00, 0x00, 0x00, 0x00, 0x00, 0x00, 
  0xe1, 0x20, 0x29, 0xf6, 0xa9, 0xfe, 0x89, 0xfe, 0x89, 0xfe, 0x89, 0xfe, 
  0x89, 0xfe, 0x89, 0xfe, 0x89, 0xfe, 0x89, 0xfe, 0x89, 0xfe, 0x89, 0xfe, 
  0x89, 0xfe, 0x89, 0xfe, 0x89, 0xfe, 0x89, 0xfe, 0x89, 0xfe, 0x89, 0xfe, 
  0x89, 0xfe, 0x89, 0xfe, 0x89, 0xfe, 0x89, 0xfe, 0x89, 0xfe, 0x89, 0xfe, 
  0x89, 0xfe, 0x89, 0xfe, 0x89, 0xfe, 0x89, 0xfe, 0x89, 0xfe, 0x89, 0xfe, 
  0x89, 0xfe, 0x69, 0xfe, 0x0a, 0xff, 0x44, 0x83, 0x00, 0x00, 0x00, 0x00, 
  0x00, 0x00, 0x00, 0x00, 0x00, 0x00, 0x00, 0x00, 0x00, 0x00, 0x00, 0x00, 
  0x00, 0x00, 0x00, 0x00, 0x00, 0x00, 0x00, 0x00, 0x00, 0x00, 0x00, 0x00, 
  0x00, 0x00, 0x00, 0x00, 0x00, 0x00, 0x00, 0x00, 0x00, 0x00, 0x00, 0x00, 
  0x00, 0x00, 0x00, 0x00, 0x00, 0x00, 0x00, 0x00, 0x00, 0x00, 0x00, 0x00, 
  0x00, 0x00, 0x00, 0x00, 0x00, 0x00, 0x00, 0x00, 0x00, 0x00, 0x00, 0x00, 
  0x00, 0x00, 0x00, 0x00, 0x00, 0x00, 0x00, 0x00, 0x00, 0x00, 0x00, 0x00, 
  0x00, 0x00, 0x00, 0x00, 0x00, 0x00, 0x00, 0x00, 0x00, 0x00, 0x20, 0x00, 
  0x86, 0xb4, 0xea, 0xfe, 0x69, 0xfe, 0x89, 0xfe, 0x89, 0xfe, 0x89, 0xfe, 
  0x89, 0xfe, 0x89, 0xfe, 0x89, 0xfe, 0xa9, 0xfe, 0x69, 0xfe, 0x67, 0xc2, 
  0x27, 0xa9, 0x67, 0xb1, 0x47, 0xa9, 0x67, 0xb9, 0xa3, 0x58, 0x00, 0x00, 
  0x00, 0x00, 0x00, 0x00, 0x00, 0x00, 0x00, 0x00, 0x00, 0x00, 0x00, 0x00, 
  0x00, 0x00, 0x00, 0x00, 0x00, 0x00, 0x00, 0x00, 0x00, 0x00, 0x00, 0x00, 
  0x00, 0x00, 0x00, 0x00, 0x00, 0x00, 0x00, 0x00, 0x00, 0x00, 0x00, 0x00, 
  0x00, 0x00, 0x00, 0x00, 0x00, 0x00, 0x00, 0x00, 0x00, 0x00, 0x00, 0x00, 
  0x00, 0x00, 0x00, 0x00, 0x00, 0x00, 0x00, 0x00, 0x00, 0x00, 0x00, 0x00, 
  0x00, 0x00, 0x00, 0x00, 0x00, 0x00, 0x00, 0x00, 0x00, 0x00, 0x00, 0x00, 
  0x00, 0x00, 0x00, 0x00, 0x00, 0x00, 0x00, 0x00, 0x00, 0x00, 0x00, 0x00, 
  0x00, 0x00, 0x00, 0x00, 0x00, 0x00, 0x00, 0x00, 0x00, 0x00, 0x00, 0x00, 
  0x00, 0x00, 0x00, 0x00, 0x00, 0x00, 0x00, 0x00, 0x00, 0x00, 0x00, 0x00, 
  0x00, 0x00, 0x00, 0x00, 0x20, 0x08, 0x82, 0x48, 0xc4, 0x68, 0x05, 0x81, 
  0x26, 0x99, 0x26, 0x99, 0xc4, 0x68, 0x20, 0x10, 0x00, 0x00, 0x66, 0xac, 
  0xea, 0xfe, 0x69, 0xfe, 0x89, 0xfe, 0x89, 0xfe, 0x89, 0xfe, 0x89, 0xfe, 
  0x89, 0xfe, 0x89, 0xfe, 0xc9, 0xfe, 0xe7, 0xc2, 0x27, 0xa9, 0x47, 0xb9, 
  0x85, 0x89, 0xe5, 0x93, 0xe9, 0xf5, 0x69, 0xfe, 0x89, 0xfe, 0x49, 0xfe, 
  0xe9, 0xf5, 0x28, 0xed, 0x49, 0xed, 0xa9, 0xfe, 0x89, 0xfe, 0x89, 0xfe, 
  0x89, 0xfe, 0x89, 0xfe, 0xc9, 0xfe, 0x49, 0xed, 0x87, 0xb1, 0x47, 0xb1, 
  0x46, 0xa1, 0x00, 0x00, 0x00, 0x00, 0x00, 0x00, 0x00, 0x00, 0x00, 0x00, 
  0x00, 0x00, 0x00, 0x00, 0x00, 0x00, 0x00, 0x00, 0x00, 0x00, 0x00, 0x00, 
  0x00, 0x00, 0x00, 0x00, 0x00, 0x00, 0x00, 0x00, 0x00, 0x00, 0x00, 0x00, 
  0x00, 0x00, 0x00, 0x00, 0x00, 0x00, 0x00, 0x00, 0x00, 0x00, 0x00, 0x00, 
  0x00, 0x00, 0x00, 0x00, 0x00, 0x00, 0x00, 0x00, 0x00, 0x00, 0x00, 0x00, 
  0x00, 0x00, 0x00, 0x00, 0x00, 0x00, 0x00, 0x00, 0x00, 0x00, 0x00, 0x00, 
  0x00, 0x00, 0x00, 0x00, 0x00, 0x00, 0x00, 0x00, 0x00, 0x00, 0x00, 0x00, 
  0x00, 0x00, 0x00, 0x00, 0x00, 0x00, 0x00, 0x00, 0x00, 0x00, 0x00, 0x00, 
  0x00, 0x00, 0x00, 0x00, 0x00, 0x00, 0x00, 0x00, 0x00, 0x00, 0x20, 0x00, 
  0x26, 0x9b, 0x29, 0xed, 0x89, 0xed, 0x88, 0xe4, 0x07, 0xba, 0x47, 0xb1, 
  0x46, 0x99, 0x61, 0x30, 0x00, 0x00, 0x00, 0x00, 0x00, 0x00, 0x41, 0x31, 
  0x24, 0x7b, 0x88, 0xd5, 0xca, 0xfe, 0xca, 0xfe, 0xa9, 0xfe, 0x69, 0xfe, 
  0x69, 0xfe, 0x89, 0xfe, 0xa9, 0xfe, 0xc9, 0xfe, 0xa9, 0xfe, 0x89, 0xfe, 
  0x89, 0xfe, 0x89, 0xfe, 0x89, 0xfe, 0xa9, 0xfe, 0x09, 0xf6, 0x27, 0xba, 
  0x47, 0xa9, 0x87, 0xb9, 0x46, 0xa1, 0xc3, 0x58, 0x41, 0x18, 0x00, 0x00, 
  0x00, 0x00, 0x00, 0x00, 0x00, 0x00, 0xc1, 0x20, 0xa5, 0x93, 0xa9, 0xfe, 
  0x89, 0xfe, 0x89, 0xfe, 0x89, 0xfe, 0x89, 0xfe, 0x89, 0xfe, 0x89, 0xfe, 
  0x69, 0xfe, 0xe9, 0xfe, 0xe8, 0xe4, 0x26, 0xa9, 0x41, 0x20, 0x00, 0x00, 
  0x00, 0x00, 0x00, 0x00, 0x00, 0x00, 0x00, 0x00, 0x00, 0x00, 0x00, 0x00, 
  0x84, 0x61, 0xc9, 0xfd, 0xe9, 0xfe, 0xa9, 0xfe, 0x89, 0xfe, 0x89, 0xfe, 
  0xc9, 0xfe, 0xc9, 0xfe, 0x69, 0xed, 0xc7, 0xc2, 0x27, 0xa9, 0x27, 0xa9, 
  0x67, 0xb1, 0x67, 0xa9, 0x67, 0xa9, 0x67, 0xb9, 0x67, 0xa9, 0xc4, 0x68, 
  0x21, 0x18, 0x00, 0x00, 0x00, 0x00, 0x00, 0x00, 0x00, 0x00, 0x00, 0x00, 
  0x00, 0x00, 0x44, 0x83, 0xea, 0xfe, 0x89, 0xfe, 0x89, 0xfe, 0x89, 0xfe, 
  0x89, 0xfe, 0x89, 0xfe, 0x89, 0xfe, 0x89, 0xfe, 0x89, 0xfe, 0x89, 0xfe, 
  0x89, 0xfe, 0x89, 0xfe, 0x89, 0xfe, 0x89, 0xfe, 0x89, 0xfe, 0x89, 0xfe, 
  0x89, 0xfe, 0x89, 0xfe, 0x89, 0xfe, 0x89, 0xfe, 0x89, 0xfe, 0x89, 0xfe, 
  0x89, 0xfe, 0x89, 0xfe, 0x89, 0xfe, 0x89, 0xfe, 0x89, 0xfe, 0x89, 0xfe, 
  0x89, 0xfe, 0x89, 0xfe, 0x89, 0xfe, 0x49, 0xf6, 0xa1, 0x18, 0x00, 0x00, 
  0x00, 0x00, 0x00, 0x00, 0x00, 0x00, 0x00, 0x00, 0x00, 0x00, 0x00, 0x00, 
  0x00, 0x00, 0x00, 0x00, 0x00, 0x00, 0x00, 0x00, 0x00, 0x00, 0x00, 0x00, 
  0x00, 0x00, 0x00, 0x00, 0x00, 0x00, 0x00, 0x00, 0x00, 0x00, 0x00, 0x00, 
  0x00, 0x00, 0x00, 0x00, 0x00, 0x00, 0x00, 0x00, 0x00, 0x00, 0x00, 0x00, 
  0x00, 0x00, 0x00, 0x00, 0x00, 0x00, 0x00, 0x00, 0x00, 0x00, 0x00, 0x00, 
  0x00, 0x00, 0x00, 0x00, 0x00, 0x00, 0x00, 0x00, 0x00, 0x00, 0x00, 0x00, 
  0x00, 0x00, 0x00, 0x00, 0x00, 0x00, 0x00, 0x00, 0x00, 0x00, 0x44, 0x83, 
  0xea, 0xfe, 0x89, 0xfe, 0x89, 0xfe, 0x89, 0xfe, 0x89, 0xfe, 0x89, 0xfe, 
  0x89, 0xfe, 0x89, 0xfe, 0x89, 0xfe, 0xa9, 0xfe, 0x48, 0xcb, 0x27, 0xa9, 
  0x67, 0xb1, 0x47, 0xa9, 0x67, 0xb9, 0xe5, 0x78, 0x00, 0x00, 0x00, 0x00, 
  0x00, 0x00, 0x00, 0x00, 0x00, 0x00, 0x00, 0x00, 0x00, 0x00, 0x00, 0x00, 
  0x00, 0x00, 0x00, 0x00, 0x00, 0x00, 0x00, 0x00, 0x00, 0x00, 0x00, 0x00, 
  0x00, 0x00, 0x00, 0x00, 0x00, 0x00, 0x00, 0x00, 0x00, 0x00, 0x00, 0x00, 
  0x00, 0x00, 0x00, 0x00, 0x00, 0x00, 0x00, 0x00, 0x00, 0x00, 0x00, 0x00, 
  0x00, 0x00, 0x00, 0x00, 0x00, 0x00, 0x00, 0x00, 0x00, 0x00, 0x00, 0x00, 
  0x00, 0x00, 0x00, 0x00, 0x00, 0x00, 0x00, 0x00, 0x00, 0x00, 0x00, 0x00, 
  0x00, 0x00, 0x00, 0x00, 0x00, 0x00, 0x00, 0x00, 0x00, 0x00, 0x00, 0x00, 
  0x00, 0x00, 0x00, 0x00, 0x00, 0x00, 0x00, 0x00, 0x00, 0x00, 0x00, 0x00, 
  0x00, 0x00, 0x00, 0x00, 0x00, 0x00, 0x00, 0x00, 0x00, 0x00, 0x00, 0x00, 
  0x00, 0x00, 0x00, 0x00, 0x00, 0x00, 0x00, 0x00, 0x00, 0x00, 0x00, 0x00, 
  0x20, 0x10, 0x20, 0x10, 0x00, 0x00, 0x00, 0x00, 0x00, 0x00, 0xa6, 0xb4, 
  0xca, 0xfe, 0x89, 0xfe, 0x89, 0xfe, 0x89, 0xfe, 0x89, 0xfe, 0x89, 0xfe, 
  0x89, 0xfe, 0x89, 0xfe, 0xa9, 0xfe, 0x27, 0xba, 0x27, 0xa9, 0x87, 0xb9, 
  0x83, 0x48, 0x00, 0x00, 0xc6, 0xa1, 0x67, 0xc2, 0x67, 0xba, 0x27, 0xba, 
  0x07, 0xba, 0x47, 0xa9, 0x08, 0xdc, 0xc9, 0xfe, 0x89, 0xfe, 0x89, 0xfe, 
  0x89, 0xfe, 0x69, 0xfe, 0xe9, 0xfe, 0x68, 0xdc, 0x06, 0xa9, 0x67, 0xb1, 
  0x26, 0x99, 0x00, 0x00, 0x00, 0x00, 0x00, 0x00, 0x00, 0x00, 0x00, 0x00, 
  0x00, 0x00, 0x00, 0x00, 0x00, 0x00, 0x00, 0x00, 0x00, 0x00, 0x00, 0x00, 
  0x00, 0x00, 0x00, 0x00, 0x00, 0x00, 0x00, 0x00, 0x00, 0x00, 0x00, 0x00, 
  0x00, 0x00, 0x00, 0x00, 0x00, 0x00, 0x00, 0x00, 0x00, 0x00, 0x00, 0x00, 
  0x00, 0x00, 0x00, 0x00, 0x00, 0x00, 0x00, 0x00, 0x00, 0x00, 0x00, 0x00, 
  0x00, 0x00, 0x00, 0x00, 0x00, 0x00, 0x00, 0x00, 0x00, 0x00, 0x00, 0x00, 
  0x00, 0x00, 0x00, 0x00, 0x00, 0x00, 0x00, 0x00, 0x00, 0x00, 0x00, 0x00, 
  0x00, 0x00, 0x00, 0x00, 0x00, 0x00, 0x00, 0x00, 0x00, 0x00, 0x00, 0x00, 
  0x00, 0x00, 0x00, 0x00, 0x00, 0x00, 0x00, 0x00, 0x20, 0x00, 0x86, 0xac, 
  0x2a, 0xff, 0xc9, 0xfe, 0xa9, 0xfe, 0x09, 0xff, 0x89, 0xf5, 0x25, 0x81, 
  0x00, 0x08, 0x00, 0x00, 0x80, 0x10, 0x63, 0x5a, 0xa6, 0xb4, 0x29, 0xee, 
  0x0a, 0xff, 0xc9, 0xfe, 0x89, 0xfe, 0x89, 0xfe, 0x89, 0xfe, 0x89, 0xfe, 
  0xc9, 0xfe, 0xc9, 0xfe, 0x49, 0xfe, 0xe8, 0xe4, 0xa9, 0xf5, 0xa9, 0xfe, 
  0x89, 0xfe, 0x89, 0xfe, 0x89, 0xfe, 0xa9, 0xfe, 0x29, 0xfe, 0x47, 0xba, 
  0x07, 0xb1, 0x84, 0x70, 0x00, 0x00, 0x00, 0x00, 0x00, 0x00, 0x00, 0x00, 
  0x40, 0x08, 0x82, 0x39, 0xe5, 0x93, 0xe8, 0xe5, 0xea, 0xfe, 0x89, 0xfe, 
  0x89, 0xfe, 0x89, 0xfe, 0x89, 0xfe, 0x89, 0xfe, 0x89, 0xfe, 0x89, 0xfe, 
  0x89, 0xfe, 0xc9, 0xfe, 0x08, 0xe5, 0x67, 0xb9, 0xe4, 0x70, 0x00, 0x00, 
  0x00, 0x00, 0x00, 0x00, 0x00, 0x00, 0x00, 0x00, 0x00, 0x00, 0x00, 0x00, 
  0x00, 0x00, 0x24, 0x71, 0x68, 0xec, 0x29, 0xf6, 0xc9, 0xfe, 0xa9, 0xfe, 
  0xa9, 0xf5, 0x88, 0xd3, 0x67, 0xb1, 0x27, 0xa9, 0x67, 0xb1, 0x67, 0xa9, 
  0x47, 0xa9, 0x67, 0xb1, 0x67, 0xb1, 0x05, 0x81, 0x41, 0x28, 0x00, 0x00, 
  0x00, 0x00, 0x00, 0x00, 0x00, 0x00, 0x00, 0x00, 0x00, 0x00, 0x00, 0x00, 
  0x00, 0x00, 0x40, 0x08, 0x67, 0xd5, 0xca, 0xfe, 0x69, 0xfe, 0x89, 0xfe, 
  0x89, 0xfe, 0x89, 0xfe, 0x89, 0xfe, 0x89, 0xfe, 0x89, 0xfe, 0x89, 0xfe, 
  0x89, 0xfe, 0x89, 0xfe, 0x89, 0xfe, 0x89, 0xfe, 0x89, 0xfe, 0x89, 0xfe, 
  0x89, 0xfe, 0x89, 0xfe, 0x89, 0xfe, 0x89, 0xfe, 0x89, 0xfe, 0x89, 0xfe, 
  0x89, 0xfe, 0x89, 0xfe, 0x89, 0xfe, 0x89, 0xfe, 0x89, 0xfe, 0x89, 0xfe, 
  0x89, 0xfe, 0x89, 0xfe, 0x89, 0xfe, 0xc9, 0xfe, 0xc6, 0xaa, 0x20, 0x10, 
  0x00, 0x00, 0x00, 0x00, 0x00, 0x00, 0x00, 0x00, 0x00, 0x00, 0x00, 0x00, 
  0x00, 0x00, 0x00, 0x00, 0x00, 0x00, 0x00, 0x00, 0x00, 0x00, 0x00, 0x00, 
  0x00, 0x00, 0x00, 0x00, 0x00, 0x00, 0x00, 0x00, 0x00, 0x00, 0x00, 0x00, 
  0x00, 0x00, 0x00, 0x00, 0x00, 0x00, 0x00, 0x00, 0x00, 0x00, 0x00, 0x00, 
  0x00, 0x00, 0x00, 0x00, 0x00, 0x00, 0x00, 0x00, 0x00, 0x00, 0x00, 0x00, 
  0x00, 0x00, 0x00, 0x00, 0x00, 0x00, 0x00, 0x00, 0x00, 0x00, 0x00, 0x00, 
  0x00, 0x00, 0x00, 0x00, 0x00, 0x00, 0x00, 0x00, 0x03, 0x52, 0xa9, 0xfe, 
  0x89, 0xfe, 0x89, 0xfe, 0x89, 0xfe, 0x89, 0xfe, 0x89, 0xfe, 0x89, 0xfe, 
  0x89, 0xfe, 0x89, 0xfe, 0xc9, 0xfe, 0x08, 0xdc, 0x27, 0xa9, 0x67, 0xb1, 
  0x67, 0xa9, 0x67, 0xb1, 0x26, 0x99, 0x20, 0x10, 0x00, 0x00, 0x00, 0x00, 
  0x00, 0x00, 0x00, 0x00, 0x00, 0x00, 0x00, 0x00, 0x00, 0x00, 0x00, 0x00, 
  0x00, 0x00, 0x00, 0x00, 0x00, 0x00, 0x00, 0x00, 0x00, 0x00, 0x00, 0x00, 
  0x00, 0x00, 0x00, 0x00, 0x00, 0x00, 0x00, 0x00, 0x00, 0x00, 0x00, 0x00, 
  0x00, 0x00, 0x00, 0x00, 0x00, 0x00, 0x00, 0x00, 0x00, 0x00, 0x00, 0x00, 
  0x00, 0x00, 0x00, 0x00, 0x00, 0x00, 0x00, 0x00, 0x00, 0x00, 0x00, 0x00, 
  0x00, 0x00, 0x00, 0x00, 0x00, 0x00, 0x00, 0x00, 0x00, 0x00, 0x00, 0x00, 
  0x00, 0x00, 0x00, 0x00, 0x00, 0x00, 0x00, 0x00, 0x00, 0x00, 0x00, 0x00, 
  0x00, 0x00, 0x00, 0x00, 0x00, 0x00, 0x00, 0x00, 0x00, 0x00, 0x00, 0x00, 
  0x00, 0x00, 0x00, 0x00, 0x00, 0x00, 0x00, 0x00, 0x00, 0x00, 0x00, 0x00, 
  0x00, 0x00, 0x00, 0x00, 0x00, 0x00, 0x00, 0x00, 0x00, 0x00, 0x00, 0x00, 
  0x00, 0x00, 0x00, 0x00, 0x00, 0x00, 0x00, 0x00, 0x20, 0x00, 0xe7, 0xc4, 
  0xca, 0xfe, 0x89, 0xfe, 0x89, 0xfe, 0x89, 0xfe, 0x89, 0xfe, 0x89, 0xfe, 
  0x89, 0xfe, 0xa9, 0xfe, 0x09, 0xfe, 0xc7, 0xb1, 0x47, 0xa9, 0x67, 0xa9, 
  0x62, 0x38, 0x00, 0x00, 0x83, 0x58, 0x47, 0xb9, 0x27, 0xa9, 0x27, 0xa9, 
  0x27, 0xa9, 0x67, 0xb1, 0xe9, 0xf5, 0xa9, 0xfe, 0x89, 0xfe, 0x89, 0xfe, 
  0x89, 0xfe, 0x89, 0xfe, 0xa9, 0xfe, 0x48, 0xcb, 0x06, 0xa9, 0x87, 0xb9, 
  0xe5, 0x80, 0x00, 0x00, 0x00, 0x00, 0x00, 0x00, 0x00, 0x00, 0x00, 0x00, 
  0x00, 0x00, 0x00, 0x00, 0x00, 0x00, 0x00, 0x00, 0x00, 0x00, 0x00, 0x00, 
  0x00, 0x00, 0x00, 0x00, 0x00, 0x00, 0x00, 0x00, 0x00, 0x00, 0x00, 0x00, 
  0x00, 0x00, 0x00, 0x00, 0x00, 0x00, 0x00, 0x00, 0x00, 0x00, 0x00, 0x00, 
  0x00, 0x00, 0x00, 0x00, 0x00, 0x00, 0x00, 0x00, 0x00, 0x00, 0x00, 0x00, 
  0x00, 0x00, 0x00, 0x00, 0x00, 0x00, 0x00, 0x00, 0x00, 0x00, 0x00, 0x00, 
  0x00, 0x00, 0x00, 0x00, 0x00, 0x00, 0x00, 0x00, 0x00, 0x00, 0x00, 0x00, 
  0x00, 0x00, 0x00, 0x00, 0x00, 0x00, 0x00, 0x00, 0x00, 0x00, 0x00, 0x00, 
  0x00, 0x00, 0x00, 0x00, 0x00, 0x00, 0x00, 0x00, 0xc4, 0x6a, 0x0a, 0xff, 
  0x69, 0xfe, 0x89, 0xfe, 0x89, 0xfe, 0x69, 0xfe, 0xc9, 0xfe, 0xe7, 0xbc, 
  0x24, 0x7b, 0x66, 0xb4, 0x29, 0xee, 0xc9, 0xfe, 0xea, 0xfe, 0xa9, 0xfe, 
  0x69, 0xfe, 0x89, 0xfe, 0x89, 0xfe, 0x89, 0xfe, 0xa9, 0xfe, 0xc9, 0xfe, 
  0xa9, 0xed, 0xe8, 0xd3, 0x07, 0xba, 0x27, 0xa9, 0xc8, 0xe4, 0xc9, 0xfe, 
  0x89, 0xfe, 0x89, 0xfe, 0x89, 0xfe, 0xa9, 0xfe, 0x49, 0xfe, 0x47, 0xba, 
  0x88, 0xca, 0x46, 0xa3, 0x43, 0x5a, 0xa4, 0x6a, 0x44, 0x7b, 0x46, 0xa4, 
  0xa8, 0xdd, 0xa9, 0xfe, 0xca, 0xfe, 0xc9, 0xfe, 0x69, 0xfe, 0x89, 0xfe, 
  0x89, 0xfe, 0x89, 0xfe, 0x89, 0xfe, 0x89, 0xfe, 0x89, 0xfe, 0x89, 0xfe, 
  0x69, 0xfe, 0xe9, 0xfe, 0xe8, 0xe4, 0x27, 0xb1, 0x46, 0xa1, 0x41, 0x20, 
  0x00, 0x00, 0x00, 0x00, 0x00, 0x00, 0x00, 0x00, 0x00, 0x00, 0x00, 0x00, 
  0x00, 0x00, 0x00, 0x00, 0xa4, 0x70, 0x47, 0xc2, 0xc7, 0xc2, 0xa7, 0xc2, 
  0xa7, 0xb1, 0x07, 0xa9, 0x67, 0xb1, 0x67, 0xb1, 0x67, 0xa9, 0x67, 0xb1, 
  0x67, 0xb9, 0x26, 0x91, 0x62, 0x38, 0x00, 0x00, 0x00, 0x00, 0x00, 0x00, 
  0x00, 0x00, 0x00, 0x00, 0x00, 0x00, 0x00, 0x00, 0x00, 0x00, 0x00, 0x00, 
  0x00, 0x00, 0x00, 0x00, 0x62, 0x31, 0x49, 0xf6, 0xa9, 0xfe, 0x89, 0xfe, 
  0x89, 0xfe, 0x89, 0xfe, 0x89, 0xfe, 0x89, 0xfe, 0x89, 0xfe, 0x89, 0xfe, 
  0x89, 0xfe, 0x89, 0xfe, 0x89, 0xfe, 0x89, 0xfe, 0x89, 0xfe, 0x89, 0xfe, 
  0x89, 0xfe, 0x89, 0xfe, 0x89, 0xfe, 0x89, 0xfe, 0x89, 0xfe, 0x89, 0xfe, 
  0x89, 0xfe, 0x89, 0xfe, 0x89, 0xfe, 0x89, 0xfe, 0x89, 0xfe, 0x89, 0xfe, 
  0x89, 0xfe, 0x89, 0xfe, 0x89, 0xfe, 0xa9, 0xfe, 0x08, 0xd3, 0xe6, 0x90, 
  0x20, 0x10, 0x00, 0x00, 0x00, 0x00, 0x00, 0x00, 0x00, 0x00, 0x00, 0x00, 
  0x00, 0x00, 0x00, 0x00, 0x00, 0x00, 0x00, 0x00, 0x00, 0x00, 0x00, 0x00, 
  0x00, 0x00, 0x00, 0x00, 0x00, 0x00, 0x00, 0x00, 0x00, 0x00, 0x00, 0x00, 
  0x00, 0x00, 0x00, 0x00, 0x00, 0x00, 0x00, 0x00, 0x00, 0x00, 0x00, 0x00, 
  0x00, 0x00, 0x00, 0x00, 0x00, 0x00, 0x00, 0x00, 0x00, 0x00, 0x00, 0x00, 
  0x00, 0x00, 0x00, 0x00, 0x00, 0x00, 0x00, 0x00, 0x00, 0x00, 0x00, 0x00, 
  0x00, 0x00, 0x00, 0x00, 0x00, 0x00, 0x01, 0x29, 0x08, 0xee, 0xa9, 0xfe, 
  0x89, 0xfe, 0x89, 0xfe, 0x89, 0xfe, 0x89, 0xfe, 0x89, 0xfe, 0x89, 0xfe, 
  0x69, 0xfe, 0xe9, 0xfe, 0x88, 0xe4, 0x27, 0xa9, 0x67, 0xb1, 0x67, 0xb1, 
  0x67, 0xb1, 0x47, 0xa9, 0x41, 0x28, 0x00, 0x00, 0x00, 0x00, 0x00, 0x00, 
  0x00, 0x00, 0x00, 0x00, 0x00, 0x00, 0x00, 0x00, 0x00, 0x00, 0x00, 0x00, 
  0x00, 0x00, 0x00, 0x00, 0x00, 0x00, 0x00, 0x00, 0x00, 0x00, 0x00, 0x00, 
  0x00, 0x00, 0x00, 0x00, 0x00, 0x00, 0x00, 0x00, 0x00, 0x00, 0x00, 0x00, 
  0x00, 0x00, 0x00, 0x00, 0x00, 0x00, 0x00, 0x00, 0x00, 0x00, 0x00, 0x00, 
  0x00, 0x00, 0x00, 0x00, 0x00, 0x00, 0x00, 0x00, 0x00, 0x00, 0x00, 0x00, 
  0x00, 0x00, 0x00, 0x00, 0x00, 0x00, 0x00, 0x00, 0x00, 0x00, 0x00, 0x00, 
  0x00, 0x00, 0x00, 0x00, 0x00, 0x00, 0x00, 0x00, 0x00, 0x00, 0x00, 0x00, 
  0x00, 0x00, 0x00, 0x00, 0x00, 0x00, 0x00, 0x00, 0x00, 0x00, 0x00, 0x00, 
  0x00, 0x00, 0x00, 0x00, 0x00, 0x00, 0x00, 0x00, 0x00, 0x00, 0x00, 0x00, 
  0x00, 0x00, 0x00, 0x00, 0x00, 0x00, 0x00, 0x00, 0x00, 0x00, 0x00, 0x00, 
  0x00, 0x00, 0x00, 0x00, 0x00, 0x00, 0x00, 0x00, 0x40, 0x08, 0x47, 0xcd, 
  0xc9, 0xfe, 0x89, 0xfe, 0x89, 0xfe, 0x89, 0xfe, 0x89, 0xfe, 0x89, 0xfe, 
  0x89, 0xfe, 0xc9, 0xfe, 0x89, 0xed, 0xa7, 0xb1, 0x47, 0xb1, 0x46, 0xa1, 
  0x21, 0x18, 0x00, 0x00, 0x00, 0x08, 0xc4, 0x60, 0x67, 0xa9, 0x87, 0xb1, 
  0x47, 0xb1, 0xe7, 0xca, 0x89, 0xfe, 0x89, 0xfe, 0x89, 0xfe, 0x89, 0xfe, 
  0x89, 0xfe, 0xa9, 0xfe, 0x09, 0xf6, 0xc7, 0xb1, 0x47, 0xa9, 0x47, 0xb1, 
  0x65, 0x81, 0xc6, 0xbc, 0xe7, 0xc4, 0xa6, 0xb4, 0x06, 0x9c, 0x44, 0x7b, 
  0x63, 0x5a, 0x62, 0x31, 0x80, 0x10, 0x20, 0x00, 0x00, 0x00, 0x00, 0x00, 
  0x00, 0x00, 0x00, 0x00, 0x00, 0x00, 0x00, 0x00, 0x00, 0x00, 0x00, 0x00, 
  0x00, 0x00, 0x00, 0x00, 0x00, 0x00, 0x00, 0x00, 0x00, 0x00, 0x00, 0x00, 
  0x00, 0x00, 0x00, 0x00, 0x00, 0x00, 0x00, 0x00, 0x00, 0x00, 0x00, 0x00, 
  0x00, 0x00, 0x00, 0x00, 0x00, 0x00, 0x00, 0x00, 0x00, 0x00, 0x00, 0x00, 
  0x00, 0x00, 0x00, 0x00, 0x00, 0x00, 0x00, 0x00, 0x00, 0x00, 0x00, 0x00, 
  0x00, 0x00, 0x00, 0x00, 0x00, 0x00, 0x00, 0x00, 0x00, 0x00, 0x00, 0x00, 
  0x00, 0x00, 0x00, 0x00, 0x00, 0x00, 0x80, 0x10, 0xe8, 0xe5, 0xa9, 0xfe, 
  0x89, 0xfe, 0x89, 0xfe, 0x89, 0xfe, 0x89, 0xfe, 0x89, 0xfe, 0xca, 0xfe, 
  0x0a, 0xff, 0xea, 0xfe, 0xa9, 0xfe, 0x89, 0xfe, 0x89, 0xfe, 0x89, 0xfe, 
  0x89, 0xfe, 0x89, 0xfe, 0x89, 0xfe, 0xc9, 0xfe, 0xc9, 0xf5, 0x68, 0xcb, 
  0xa7, 0xb1, 0x07, 0xa9, 0x47, 0xa9, 0x67, 0xa9, 0xc8, 0xe4, 0xc9, 0xfe, 
  0x89, 0xfe, 0x89, 0xfe, 0x89, 0xfe, 0xa9, 0xfe, 0x49, 0xfe, 0x47, 0xba, 
  0xc7, 0xc2, 0x89, 0xfe, 0x6a, 0xff, 0x4a, 0xff, 0xea, 0xfe, 0xca, 0xfe, 
  0xa9, 0xfe, 0x89, 0xfe, 0x89, 0xfe, 0x89, 0xfe, 0x89, 0xfe, 0x89, 0xfe, 
  0x89, 0xfe, 0x89, 0xfe, 0x89, 0xfe, 0x89, 0xfe, 0x89, 0xfe, 0x89, 0xfe, 
  0x69, 0xfe, 0xe9, 0xfe, 0x68, 0xdc, 0xe6, 0xa0, 0x87, 0xb9, 0x82, 0x40, 
  0x00, 0x00, 0x00, 0x00, 0x00, 0x00, 0x00, 0x00, 0x00, 0x00, 0x00, 0x00, 
  0x00, 0x00, 0x00, 0x00, 0x20, 0x08, 0xc4, 0x70, 0x27, 0xb1, 0x07, 0xa9, 
  0x47, 0xa9, 0x67, 0xa9, 0x67, 0xa9, 0x67, 0xb1, 0x67, 0xb9, 0x46, 0xa1, 
  0xa3, 0x50, 0x00, 0x08, 0x00, 0x00, 0x00, 0x00, 0x00, 0x00, 0x00, 0x00, 
  0x00, 0x00, 0x00, 0x00, 0x00, 0x00, 0x00, 0x00, 0x00, 0x00, 0x00, 0x00, 
  0x00, 0x00, 0x00, 0x00, 0x00, 0x00, 0x43, 0x5a, 0xaa, 0xfe, 0x89, 0xfe, 
  0x89, 0xfe, 0x89, 0xfe, 0x89, 0xfe, 0x89, 0xfe, 0x89, 0xfe, 0x89, 0xfe, 
  0x89, 0xfe, 0x89, 0xfe, 0x89, 0xfe, 0x89, 0xfe, 0x89, 0xfe, 0x89, 0xfe, 
  0x89, 0xfe, 0x89, 0xfe, 0x89, 0xfe, 0x89, 0xfe, 0x89, 0xfe, 0x89, 0xfe, 
  0x89, 0xfe, 0x89, 0xfe, 0x89, 0xfe, 0x89, 0xfe, 0x89, 0xfe, 0x89, 0xfe, 
  0x89, 0xfe, 0x89, 0xfe, 0x89, 0xfe, 0x89, 0xfe, 0x07, 0xba, 0x47, 0xb9, 
  0xe4, 0x68, 0x00, 0x00, 0x00, 0x00, 0x00, 0x00, 0x00, 0x00, 0x00, 0x00, 
  0x00, 0x00, 0x00, 0x00, 0x00, 0x00, 0x00, 0x00, 0x00, 0x00, 0x00, 0x00, 
  0x00, 0x00, 0x00, 0x00, 0x00, 0x00, 0x00, 0x00, 0x00, 0x00, 0x00, 0x00, 
  0x00, 0x00, 0x00, 0x00, 0x00, 0x00, 0x00, 0x00, 0x00, 0x00, 0x00, 0x00, 
  0x00, 0x00, 0x00, 0x00, 0x00, 0x00, 0x00, 0x00, 0x00, 0x00, 0x00, 0x00, 
  0x00, 0x00, 0x00, 0x00, 0x00, 0x00, 0x00, 0x00, 0x00, 0x00, 0x00, 0x00, 
  0x00, 0x00, 0x00, 0x00, 0x40, 0x08, 0x27, 0xcd, 0xca, 0xfe, 0x89, 0xfe, 
  0x89, 0xfe, 0x89, 0xfe, 0x89, 0xfe, 0x89, 0xfe, 0x89, 0xfe, 0x69, 0xfe, 
  0xe9, 0xfe, 0x28, 0xed, 0x67, 0xb1, 0x47, 0xa9, 0x67, 0xb1, 0x47, 0xa9, 
  0x67, 0xb1, 0x82, 0x40, 0x00, 0x00, 0x00, 0x00, 0x00, 0x00, 0x00, 0x00, 
  0x00, 0x00, 0x00, 0x00, 0x00, 0x00, 0x00, 0x00, 0x00, 0x00, 0x00, 0x00, 
  0x00, 0x00, 0x00, 0x00, 0x00, 0x00, 0x00, 0x00, 0x00, 0x00, 0x00, 0x00, 
  0x00, 0x00, 0x00, 0x00, 0x00, 0x00, 0x00, 0x00, 0x00, 0x00, 0x00, 0x00, 
  0x00, 0x00, 0x00, 0x00, 0x00, 0x00, 0x00, 0x00, 0x00, 0x00, 0x00, 0x00, 
  0x00, 0x00, 0x00, 0x00, 0x00, 0x00, 0x00, 0x00, 0x00, 0x00, 0x00, 0x00, 
  0x00, 0x00, 0x00, 0x00, 0x00, 0x00, 0x00, 0x00, 0x00, 0x00, 0x00, 0x00, 
  0x00, 0x00, 0x00, 0x00, 0x00, 0x00, 0x00, 0x00, 0x00, 0x00, 0x00, 0x00, 
  0x00, 0x00, 0x00, 0x00, 0x00, 0x00, 0x00, 0x00, 0x00, 0x00, 0x00, 0x00, 
  0x00, 0x00, 0x00, 0x00, 0x00, 0x00, 0x00, 0x00, 0x00, 0x00, 0x00, 0x00, 
  0x00, 0x00, 0x00, 0x00, 0x00, 0x00, 0x00, 0x00, 0x00, 0x00, 0x00, 0x00, 
  0x00, 0x00, 0x00, 0x00, 0x00, 0x00, 0x00, 0x00, 0x60, 0x08, 0xa8, 0xdd, 
  0xa9, 0xfe, 0x89, 0xfe, 0x89, 0xfe, 0x89, 0xfe, 0x89, 0xfe, 0x89, 0xfe, 
  0x89, 0xfe, 0xc9, 0xfe, 0xe8, 0xe4, 0x67, 0xa9, 0x67, 0xb1, 0x26, 0x99, 
  0x00, 0x00, 0x00, 0x00, 0x00, 0x00, 0x00, 0x00, 0x41, 0x18, 0xa3, 0x50, 
  0x83, 0x58, 0x87, 0xcc, 0xea, 0xfe, 0x89, 0xfe, 0x89, 0xfe, 0x89, 0xfe, 
  0x89, 0xfe, 0xc9, 0xfe, 0x68, 0xdc, 0x27, 0xa9, 0x67, 0xa9, 0x67, 0xb9, 
  0xc3, 0x50, 0xa8, 0xd5, 0x4a, 0xff, 0xca, 0xfe, 0xea, 0xfe, 0xca, 0xfe, 
  0xa9, 0xfe, 0x89, 0xfe, 0x49, 0xf6, 0x88, 0xd5, 0x66, 0xac, 0x44, 0x7b, 
  0x23, 0x52, 0x41, 0x31, 0x20, 0x00, 0x00, 0x00, 0x00, 0x00, 0x00, 0x00, 
  0x00, 0x00, 0x00, 0x00, 0x00, 0x00, 0x00, 0x00, 0x00, 0x00, 0x00, 0x00, 
  0x00, 0x00, 0x00, 0x00, 0x00, 0x00, 0x00, 0x00, 0x00, 0x00, 0x00, 0x00, 
  0x00, 0x00, 0x00, 0x00, 0x00, 0x00, 0x00, 0x00, 0x00, 0x00, 0x00, 0x00, 
  0x00, 0x00, 0x00, 0x00, 0x00, 0x00, 0x00, 0x00, 0x00, 0x00, 0x00, 0x00, 
  0x00, 0x00, 0x00, 0x00, 0x00, 0x00, 0x00, 0x00, 0x00, 0x00, 0x00, 0x00, 
  0x00, 0x00, 0x00, 0x00, 0x00, 0x00, 0x04, 0x73, 0xca, 0xfe, 0x89, 0xfe, 
  0x89, 0xfe, 0x89, 0xfe, 0x89, 0xfe, 0x89, 0xfe, 0x89, 0xfe, 0x89, 0xfe, 
  0x69, 0xfe, 0x89, 0xfe, 0x89, 0xfe, 0x89, 0xfe, 0x89, 0xfe, 0x89, 0xfe, 
  0x89, 0xfe, 0xa9, 0xfe, 0x69, 0xfe, 0x28, 0xdc, 0xa7, 0xb1, 0x07, 0xa9, 
  0x47, 0xa9, 0x67, 0xb1, 0x67, 0xa9, 0x67, 0xb1, 0xe8, 0xe4, 0xc9, 0xfe, 
  0x89, 0xfe, 0x89, 0xfe, 0x89, 0xfe, 0xa9, 0xfe, 0x49, 0xfe, 0x87, 0xc2, 
  0xe7, 0xb0, 0x45, 0x89, 0x04, 0x73, 0x88, 0xcd, 0xca, 0xfe, 0xa9, 0xfe, 
  0x89, 0xfe, 0x89, 0xfe, 0x89, 0xfe, 0x89, 0xfe, 0x89, 0xfe, 0x89, 0xfe, 
  0x89, 0xfe, 0x89, 0xfe, 0x89, 0xfe, 0x89, 0xfe, 0x89, 0xfe, 0x89, 0xfe, 
  0x89, 0xfe, 0xa9, 0xfe, 0x48, 0xcb, 0x06, 0xa9, 0x87, 0xb9, 0xa3, 0x50, 
  0x00, 0x00, 0x00, 0x00, 0x00, 0x00, 0x00, 0x00, 0x00, 0x00, 0x00, 0x00, 
  0x00, 0x00, 0x00, 0x00, 0x00, 0x00, 0x00, 0x00, 0xc3, 0x58, 0x67, 0xa9, 
  0x67, 0xb9, 0x67, 0xb9, 0x67, 0xb9, 0x67, 0xa9, 0xc4, 0x68, 0x21, 0x18, 
  0x00, 0x00, 0x00, 0x00, 0x00, 0x00, 0x00, 0x00, 0x00, 0x00, 0x00, 0x00, 
  0x00, 0x00, 0x00, 0x00, 0x00, 0x00, 0x00, 0x00, 0x00, 0x00, 0x00, 0x00, 
  0x00, 0x00, 0x00, 0x00, 0x00, 0x00, 0x00, 0x00, 0x84, 0x72, 0x8a, 0xfe, 
  0xc9, 0xfe, 0x69, 0xfe, 0x89, 0xfe, 0x89, 0xfe, 0x89, 0xfe, 0x89, 0xfe, 
  0x89, 0xfe, 0x89, 0xfe, 0x89, 0xfe, 0x89, 0xfe, 0x89, 0xfe, 0x89, 0xfe, 
  0x89, 0xfe, 0x89, 0xfe, 0x89, 0xfe, 0x89, 0xfe, 0x89, 0xfe, 0x89, 0xfe, 
  0x89, 0xfe, 0x89, 0xfe, 0x89, 0xfe, 0x89, 0xfe, 0x89, 0xfe, 0x89, 0xfe, 
  0x89, 0xfe, 0x69, 0xfe, 0x09, 0xff, 0x68, 0xdc, 0x27, 0xa9, 0x67, 0xb1, 
  0x46, 0x99, 0x00, 0x08, 0x00, 0x00, 0x00, 0x00, 0x00, 0x00, 0x00, 0x00, 
  0x00, 0x00, 0x00, 0x00, 0x00, 0x00, 0x00, 0x00, 0x00, 0x00, 0x00, 0x00, 
  0x00, 0x00, 0x00, 0x00, 0x00, 0x00, 0x00, 0x00, 0x00, 0x00, 0x00, 0x00, 
  0x00, 0x00, 0x00, 0x00, 0x00, 0x00, 0x00, 0x00, 0x00, 0x00, 0x00, 0x00, 
  0x00, 0x00, 0x00, 0x00, 0x00, 0x00, 0x00, 0x00, 0x00, 0x00, 0x00, 0x00, 
  0x00, 0x00, 0x00, 0x00, 0x00, 0x00, 0x00, 0x00, 0x00, 0x00, 0x00, 0x00, 
  0x00, 0x00, 0x00, 0x00, 0x05, 0x9c, 0xea, 0xfe, 0x69, 0xfe, 0x89, 0xfe, 
  0x89, 0xfe, 0x89, 0xfe, 0x89, 0xfe, 0x89, 0xfe, 0x69, 0xfe, 0xc9, 0xfe, 
  0x89, 0xed, 0xa7, 0xb1, 0x47, 0xa9, 0x67, 0xb1, 0x67, 0xa9, 0x67, 0xb9, 
  0xc3, 0x60, 0x00, 0x00, 0x00, 0x00, 0x00, 0x00, 0x00, 0x00, 0x00, 0x00, 
  0x00, 0x00, 0x00, 0x00, 0x00, 0x00, 0x00, 0x00, 0x00, 0x00, 0x00, 0x00, 
  0x00, 0x00, 0x00, 0x00, 0x00, 0x00, 0x00, 0x00, 0x00, 0x00, 0x00, 0x00, 
  0x00, 0x00, 0x00, 0x00, 0x00, 0x00, 0x00, 0x00, 0x00, 0x00, 0x00, 0x00, 
  0x00, 0x00, 0x00, 0x00, 0x00, 0x00, 0x00, 0x00, 0x00, 0x00, 0x00, 0x00, 
  0x00, 0x00, 0x00, 0x00, 0x00, 0x00, 0x00, 0x00, 0x00, 0x00, 0x00, 0x00, 
  0x00, 0x00, 0x00, 0x00, 0x00, 0x00, 0x00, 0x00, 0x00, 0x00, 0x00, 0x00, 
  0x00, 0x00, 0x00, 0x00, 0x00, 0x00, 0x00, 0x00, 0x00, 0x00, 0x00, 0x00, 
  0x00, 0x00, 0x00, 0x00, 0x00, 0x00, 0x00, 0x00, 0x00, 0x00, 0x00, 0x00, 
  0x00, 0x00, 0x00, 0x00, 0x00, 0x00, 0x00, 0x00, 0x00, 0x00, 0x00, 0x00, 
  0x00, 0x00, 0x00, 0x00, 0x00, 0x00, 0x00, 0x00, 0x00, 0x00, 0x00, 0x00, 
  0x00, 0x00, 0x00, 0x00, 0x00, 0x00, 0x00, 0x00, 0x80, 0x10, 0x29, 0xee, 
  0xa9, 0xfe, 0x89, 0xfe, 0x89, 0xfe, 0x89, 0xfe, 0x89, 0xfe, 0x89, 0xfe, 
  0x69, 0xfe, 0xe9, 0xfe, 0x68, 0xdc, 0x27, 0xa9, 0x67, 0xb1, 0x05, 0x89, 
  0x00, 0x00, 0x00, 0x00, 0x00, 0x00, 0x00, 0x00, 0x00, 0x00, 0x00, 0x00, 
  0x01, 0x21, 0x49, 0xee, 0xa9, 0xfe, 0x89, 0xfe, 0x89, 0xfe, 0x89, 0xfe, 
  0x89, 0xfe, 0x69, 0xfe, 0x47, 0xba, 0x27, 0xa9, 0x67, 0xb1, 0x67, 0xb1, 
  0x21, 0x18, 0xa0, 0x10, 0x47, 0xcd, 0xc9, 0xfe, 0x69, 0xfe, 0x89, 0xfe, 
  0x89, 0xfe, 0x89, 0xfe, 0xa9, 0xfe, 0xa9, 0xfe, 0xca, 0xfe, 0x0a, 0xff, 
  0xea, 0xfe, 0x29, 0xf6, 0x27, 0xc5, 0xc5, 0x93, 0x62, 0x39, 0x00, 0x00, 
  0x00, 0x00, 0x00, 0x00, 0x00, 0x00, 0x00, 0x00, 0x00, 0x00, 0x00, 0x00, 
  0x00, 0x00, 0x00, 0x00, 0x00, 0x00, 0x00, 0x00, 0x00, 0x00, 0x00, 0x00, 
  0x00, 0x00, 0x00, 0x00, 0x00, 0x00, 0x00, 0x00, 0x00, 0x00, 0x00, 0x00, 
  0x00, 0x00, 0x00, 0x00, 0x00, 0x00, 0x00, 0x00, 0x00, 0x00, 0x00, 0x00, 
  0x00, 0x00, 0x00, 0x00, 0x00, 0x00, 0x00, 0x00, 0x00, 0x00, 0x00, 0x00, 
  0x00, 0x00, 0x00, 0x00, 0x40, 0x08, 0x47, 0xcd, 0xca, 0xfe, 0x89, 0xfe, 
  0x89, 0xfe, 0x89, 0xfe, 0x89, 0xfe, 0x89, 0xfe, 0x89, 0xfe, 0x89, 0xfe, 
  0x89, 0xfe, 0x89, 0xfe, 0x89, 0xfe, 0x89, 0xfe, 0x89, 0xfe, 0x89, 0xfe, 
  0xa9, 0xfe, 0xe9, 0xf5, 0xc7, 0xc2, 0x07, 0xa9, 0x47, 0xa9, 0x67, 0xb1, 
  0x67, 0xa9, 0x67, 0xb1, 0x67, 0xb9, 0x67, 0xa9, 0x68, 0xed, 0xc9, 0xfe, 
  0x89, 0xfe, 0x89, 0xfe, 0x89, 0xfe, 0xa9, 0xfe, 0x49, 0xfe, 0x87, 0xc2, 
  0x27, 0xb1, 0x05, 0x81, 0x00, 0x00, 0xa1, 0x20, 0x84, 0x6a, 0x27, 0xcd, 
  0xa9, 0xfe, 0xc9, 0xfe, 0xa9, 0xfe, 0x69, 0xfe, 0x89, 0xfe, 0x89, 0xfe, 
  0x89, 0xfe, 0x89, 0xfe, 0x89, 0xfe, 0x89, 0xfe, 0x89, 0xfe, 0x89, 0xfe, 
  0xa9, 0xfe, 0x49, 0xfe, 0xe7, 0xb9, 0x47, 0xa9, 0x67, 0xb9, 0xa3, 0x50, 
  0x00, 0x00, 0x00, 0x00, 0x00, 0x00, 0x00, 0x00, 0x00, 0x00, 0x00, 0x00, 
  0x00, 0x00, 0x00, 0x00, 0x00, 0x00, 0x00, 0x00, 0x00, 0x00, 0x41, 0x18, 
  0xc4, 0x60, 0xe4, 0x70, 0xc4, 0x60, 0x41, 0x20, 0x00, 0x00, 0x00, 0x00, 
  0x00, 0x00, 0x00, 0x00, 0x00, 0x00, 0x00, 0x00, 0x00, 0x00, 0x00, 0x00, 
  0x00, 0x00, 0x00, 0x00, 0x00, 0x00, 0x00, 0x00, 0x00, 0x00, 0x00, 0x00, 
  0x00, 0x00, 0x00, 0x00, 0x00, 0x00, 0x00, 0x00, 0x00, 0x00, 0x45, 0x8a, 
  0xc9, 0xfd, 0xe9, 0xfe, 0xa9, 0xfe, 0x89, 0xfe, 0x89, 0xfe, 0x89, 0xfe, 
  0x89, 0xfe, 0x89, 0xfe, 0x89, 0xfe, 0x89, 0xfe, 0x89, 0xfe, 0x89, 0xfe, 
  0x89, 0xfe, 0x89, 0xfe, 0x89, 0xfe, 0x89, 0xfe, 0x89, 0xfe, 0x89, 0xfe, 
  0x89, 0xfe, 0x89, 0xfe, 0x89, 0xfe, 0x89, 0xfe, 0x89, 0xfe, 0x89, 0xfe, 
  0xa9, 0xfe, 0xe9, 0xfe, 0xc8, 0xe4, 0x87, 0xb1, 0x47, 0xa9, 0x67, 0xb1, 
  0x46, 0xa1, 0x21, 0x18, 0x00, 0x00, 0x00, 0x00, 0x00, 0x00, 0x00, 0x00, 
  0x00, 0x00, 0x00, 0x00, 0x00, 0x00, 0x00, 0x00, 0x00, 0x00, 0x00, 0x00, 
  0x00, 0x00, 0x00, 0x00, 0x00, 0x00, 0x00, 0x00, 0x00, 0x00, 0x00, 0x00, 
  0x00, 0x00, 0x00, 0x00, 0x00, 0x00, 0x00, 0x00, 0x00, 0x00, 0x00, 0x00, 
  0x00, 0x00, 0x00, 0x00, 0x00, 0x00, 0x00, 0x00, 0x00, 0x00, 0x00, 0x00, 
  0x00, 0x00, 0x00, 0x00, 0x00, 0x00, 0x00, 0x00, 0x00, 0x00, 0x00, 0x00, 
  0x00, 0x00, 0xe4, 0x72, 0xca, 0xfe, 0x89, 0xfe, 0x89, 0xfe, 0x89, 0xfe, 
  0x89, 0xfe, 0x89, 0xfe, 0x89, 0xfe, 0x69, 0xfe, 0xc9, 0xfe, 0xa9, 0xf5, 
  0xe7, 0xb9, 0x27, 0xa9, 0x67, 0xb1, 0x67, 0xa9, 0x67, 0xb9, 0xe4, 0x70, 
  0x00, 0x00, 0x00, 0x00, 0x00, 0x00, 0x00, 0x00, 0x00, 0x00, 0x00, 0x00, 
  0x00, 0x00, 0x00, 0x00, 0x00, 0x00, 0x00, 0x00, 0x00, 0x00, 0x00, 0x00, 
  0x00, 0x00, 0x00, 0x00, 0x00, 0x00, 0x00, 0x00, 0x00, 0x00, 0x00, 0x00, 
  0x00, 0x00, 0x00, 0x00, 0x00, 0x00, 0x00, 0x00, 0x00, 0x00, 0x00, 0x00, 
  0x00, 0x00, 0x00, 0x00, 0x00, 0x00, 0x00, 0x00, 0x00, 0x00, 0x00, 0x00, 
  0x00, 0x00, 0x00, 0x00, 0x00, 0x00, 0x00, 0x00, 0x00, 0x00, 0x00, 0x00, 
  0x00, 0x00, 0x00, 0x00, 0x00, 0x00, 0x00, 0x00, 0x00, 0x00, 0x00, 0x00, 
  0x00, 0x00, 0x00, 0x00, 0x00, 0x00, 0x00, 0x00, 0x00, 0x00, 0x00, 0x00, 
  0x00, 0x00, 0x00, 0x00, 0x00, 0x00, 0x00, 0x00, 0x00, 0x00, 0x00, 0x00, 
  0x00, 0x00, 0x00, 0x00, 0x00, 0x00, 0x00, 0x00, 0x00, 0x00, 0x00, 0x00, 
  0x00, 0x00, 0x00, 0x00, 0x00, 0x00, 0x00, 0x00, 0x00, 0x00, 0x00, 0x00, 
  0x00, 0x00, 0x00, 0x00, 0x00, 0x00, 0x00, 0x00, 0xc1, 0x18, 0x89, 0xfe, 
  0x89, 0xfe, 0x89, 0xfe, 0x89, 0xfe, 0x89, 0xfe, 0x89, 0xfe, 0x89, 0xfe, 
  0x69, 0xfe, 0x09, 0xff, 0x08, 0xdc, 0x06, 0xa9, 0x87, 0xb9, 0xe4, 0x70, 
  0x00, 0x00, 0x00, 0x00, 0x00, 0x00, 0x00, 0x00, 0x00, 0x00, 0x00, 0x00, 
  0x06, 0xa4, 0xea, 0xfe, 0x69, 0xfe, 0x89, 0xfe, 0x89, 0xfe, 0x69, 0xfe, 
  0xe9, 0xfe, 0x48, 0xdc, 0x27, 0xa9, 0x67, 0xa9, 0x67, 0xb9, 0x05, 0x89, 
  0x20, 0x08, 0x00, 0x00, 0xa0, 0x18, 0x07, 0xc5, 0xe9, 0xfe, 0x69, 0xfe, 
  0x89, 0xfe, 0x89, 0xfe, 0x89, 0xfe, 0x89, 0xfe, 0x89, 0xfe, 0x69, 0xfe, 
  0x69, 0xfe, 0xa9, 0xfe, 0xea, 0xfe, 0xea, 0xfe, 0x89, 0xfe, 0xa6, 0xb4, 
  0xc1, 0x20, 0x00, 0x00, 0x00, 0x00, 0x00, 0x00, 0x00, 0x00, 0x00, 0x00, 
  0x00, 0x00, 0x00, 0x00, 0x00, 0x00, 0x00, 0x00, 0x00, 0x00, 0x00, 0x00, 
  0x00, 0x00, 0x00, 0x00, 0x00, 0x00, 0x00, 0x00, 0x00, 0x00, 0x00, 0x00, 
  0x00, 0x00, 0x00, 0x00, 0x00, 0x00, 0x00, 0x00, 0x00, 0x00, 0x00, 0x00, 
  0x00, 0x00, 0x00, 0x00, 0x00, 0x00, 0x00, 0x00, 0x00, 0x00, 0x00, 0x00, 
  0x00, 0x00, 0x00, 0x00, 0xc2, 0x41, 0xca, 0xfe, 0x89, 0xfe, 0x89, 0xfe, 
  0x89, 0xfe, 0x89, 0xfe, 0x89, 0xfe, 0x89, 0xfe, 0x89, 0xfe, 0x89, 0xfe, 
  0x89, 0xfe, 0x89, 0xfe, 0x89, 0xfe, 0x89, 0xfe, 0x89, 0xfe, 0x89, 0xfe, 
  0x09, 0xf6, 0xe7, 0xb9, 0xc6, 0xa0, 0x47, 0xa9, 0x47, 0xa9, 0x47, 0xa9, 
  0x67, 0xb1, 0x47, 0xa9, 0xa4, 0x60, 0x02, 0x39, 0x69, 0xf6, 0xa9, 0xfe, 
  0x89, 0xfe, 0x89, 0xfe, 0x89, 0xfe, 0xa9, 0xfe, 0x49, 0xfe, 0x87, 0xc2, 
  0x27, 0xb1, 0x25, 0x89, 0x20, 0x08, 0xa4, 0x68, 0x06, 0xa9, 0x67, 0xa9, 
  0xc7, 0xc2, 0xc8, 0xe4, 0x09, 0xf6, 0xe9, 0xfe, 0xc9, 0xfe, 0x89, 0xfe, 
  0x89, 0xfe, 0x89, 0xfe, 0x89, 0xfe, 0x89, 0xfe, 0x89, 0xfe, 0x69, 0xfe, 
  0xc9, 0xfe, 0xe8, 0xe4, 0x27, 0xa9, 0x67, 0xa9, 0x67, 0xb9, 0x82, 0x40, 
  0x00, 0x00, 0x00, 0x00, 0x00, 0x00, 0x00, 0x00, 0x00, 0x00, 0x00, 0x00, 
  0x00, 0x00, 0x00, 0x00, 0x00, 0x00, 0x00, 0x00, 0x00, 0x00, 0x00, 0x00, 
  0x00, 0x00, 0x00, 0x00, 0x00, 0x00, 0x00, 0x00, 0x00, 0x00, 0x00, 0x00, 
  0x00, 0x00, 0x00, 0x00, 0x00, 0x00, 0x00, 0x00, 0x00, 0x00, 0x00, 0x00, 
  0x00, 0x00, 0x00, 0x00, 0x00, 0x00, 0x00, 0x00, 0x00, 0x00, 0x00, 0x00, 
  0x00, 0x00, 0x00, 0x00, 0x00, 0x00, 0x00, 0x00, 0x00, 0x00, 0x00, 0x08, 
  0x86, 0x99, 0x08, 0xdc, 0x09, 0xf6, 0xa9, 0xfe, 0xc9, 0xfe, 0xc9, 0xfe, 
  0xa9, 0xfe, 0xa9, 0xfe, 0x89, 0xfe, 0x89, 0xfe, 0x89, 0xfe, 0x69, 0xfe, 
  0x69, 0xfe, 0x69, 0xfe, 0x69, 0xfe, 0x89, 0xfe, 0x89, 0xfe, 0x89, 0xfe, 
  0xa9, 0xfe, 0xa9, 0xfe, 0xc9, 0xfe, 0xc9, 0xfe, 0xc9, 0xfe, 0xa9, 0xfe, 
  0xa9, 0xf5, 0x48, 0xcb, 0x67, 0xb1, 0x47, 0xa9, 0x67, 0xa9, 0x67, 0xb1, 
  0x26, 0x99, 0x00, 0x00, 0x00, 0x00, 0x00, 0x00, 0x00, 0x00, 0x00, 0x00, 
  0x00, 0x00, 0x00, 0x00, 0x00, 0x00, 0x00, 0x00, 0x00, 0x00, 0x00, 0x00, 
  0x00, 0x00, 0x00, 0x00, 0x00, 0x00, 0x00, 0x00, 0x00, 0x00, 0x00, 0x00, 
  0x00, 0x00, 0x00, 0x00, 0x00, 0x00, 0x00, 0x00, 0x00, 0x00, 0x00, 0x00, 
  0x00, 0x00, 0x00, 0x00, 0x00, 0x00, 0x00, 0x00, 0x00, 0x00, 0x00, 0x00, 
  0x00, 0x00, 0x00, 0x00, 0x00, 0x00, 0x00, 0x00, 0x00, 0x00, 0x00, 0x00, 
  0xc2, 0x49, 0x89, 0xfe, 0x89, 0xfe, 0x89, 0xfe, 0x89, 0xfe, 0x89, 0xfe, 
  0x89, 0xfe, 0x89, 0xfe, 0x69, 0xfe, 0xc9, 0xfe, 0xc9, 0xf5, 0x07, 0xba, 
  0x27, 0xa9, 0x67, 0xb1, 0x47, 0xa9, 0x67, 0xb9, 0x05, 0x89, 0x00, 0x08, 
  0x00, 0x00, 0x00, 0x00, 0x00, 0x00, 0x00, 0x00, 0x00, 0x00, 0x00, 0x00, 
  0x00, 0x00, 0x00, 0x00, 0x00, 0x00, 0x00, 0x00, 0x00, 0x00, 0x00, 0x00, 
  0x00, 0x00, 0x00, 0x00, 0x00, 0x00, 0x00, 0x00, 0x00, 0x00, 0x00, 0x00, 
  0x00, 0x00, 0x00, 0x00, 0x00, 0x00, 0x00, 0x00, 0x00, 0x00, 0x00, 0x00, 
  0x00, 0x00, 0x00, 0x00, 0x00, 0x00, 0x00, 0x00, 0x00, 0x00, 0x00, 0x00, 
  0x00, 0x00, 0x00, 0x00, 0x00, 0x00, 0x00, 0x00, 0x00, 0x00, 0x00, 0x00, 
  0x00, 0x00, 0x00, 0x00, 0x00, 0x00, 0x00, 0x00, 0x00, 0x00, 0x00, 0x00, 
  0x00, 0x00, 0x00, 0x00, 0x00, 0x00, 0x00, 0x00, 0x00, 0x00, 0x00, 0x00, 
  0x00, 0x00, 0x00, 0x00, 0x00, 0x00, 0x00, 0x00, 0x00, 0x00, 0x00, 0x00, 
  0x00, 0x00, 0x00, 0x00, 0x00, 0x00, 0x00, 0x00, 0x00, 0x00, 0x00, 0x00, 
  0x00, 0x00, 0x00, 0x00, 0x00, 0x00, 0x00, 0x00, 0x00, 0x00, 0x00, 0x00, 
  0x00, 0x00, 0x00, 0x00, 0x00, 0x00, 0x00, 0x00, 0x62, 0x39, 0xa9, 0xfe, 
  0x89, 0xfe, 0x89, 0xfe, 0x89, 0xfe, 0x89, 0xfe, 0x89, 0xfe, 0x89, 0xfe, 
  0x69, 0xfe, 0xe9, 0xfe, 0xa8, 0xd3, 0xe6, 0xa8, 0x87, 0xb9, 0xa3, 0x58, 
  0x00, 0x00, 0x00, 0x00, 0x00, 0x00, 0x00, 0x00, 0x00, 0x00, 0xc2, 0x41, 
  0x89, 0xfe, 0x89, 0xfe, 0x89, 0xfe, 0x89, 0xfe, 0x89, 0xfe, 0xa9, 0xfe, 
  0xe9, 0xf5, 0xc7, 0xb1, 0x47, 0xa9, 0x67, 0xa9, 0x67, 0xb9, 0xa3, 0x50, 
  0x00, 0x00, 0x00, 0x00, 0x00, 0x00, 0x82, 0x38, 0x09, 0xf5, 0xc9, 0xfe, 
  0x89, 0xfe, 0x89, 0xfe, 0x89, 0xfe, 0x89, 0xfe, 0x89, 0xfe, 0x89, 0xfe, 
  0x89, 0xfe, 0x89, 0xfe, 0x69, 0xfe, 0x89, 0xfe, 0x89, 0xfe, 0xea, 0xfe, 
  0xa8, 0xdd, 0xe1, 0x20, 0x00, 0x00, 0x00, 0x00, 0x00, 0x00, 0x00, 0x00, 
  0x00, 0x00, 0x00, 0x00, 0x00, 0x00, 0x00, 0x00, 0x00, 0x00, 0x00, 0x00, 
  0x00, 0x00, 0x00, 0x00, 0x00, 0x00, 0x00, 0x00, 0x00, 0x00, 0x00, 0x00, 
  0x00, 0x00, 0x00, 0x00, 0x00, 0x00, 0x00, 0x00, 0x00, 0x00, 0x00, 0x00, 
  0x00, 0x00, 0x00, 0x00, 0x00, 0x00, 0x00, 0x00, 0x00, 0x00, 0x00, 0x00, 
  0x00, 0x00, 0x00, 0x00, 0xa5, 0x93, 0xea, 0xfe, 0x89, 0xfe, 0x89, 0xfe, 
  0x89, 0xfe, 0x89, 0xfe, 0x89, 0xfe, 0x89, 0xfe, 0x89, 0xfe, 0x89, 0xfe, 
  0x89, 0xfe, 0x89, 0xfe, 0xa9, 0xfe, 0xa9, 0xfe, 0xa9, 0xfe, 0xc9, 0xfe, 
  0x49, 0xfe, 0x88, 0xe4, 0x28, 0xcb, 0x67, 0xba, 0xc7, 0xb1, 0x87, 0xb1, 
  0x05, 0x81, 0x61, 0x28, 0xa0, 0x10, 0x46, 0xa4, 0xc9, 0xfe, 0x89, 0xfe, 
  0x89, 0xfe, 0x89, 0xfe, 0x89, 0xfe, 0xa9, 0xfe, 0x49, 0xfe, 0x67, 0xba, 
  0x27, 0xb1, 0x25, 0x89, 0x00, 0x08, 0x20, 0x10, 0xc3, 0x58, 0x46, 0xa1, 
  0x27, 0xb1, 0x27, 0xb1, 0x07, 0xba, 0x68, 0xcb, 0x49, 0xed, 0x89, 0xfe, 
  0xc9, 0xfe, 0xc9, 0xfe, 0xa9, 0xfe, 0x89, 0xfe, 0x69, 0xfe, 0xa9, 0xfe, 
  0xa9, 0xfe, 0x87, 0xc2, 0x27, 0xa9, 0x67, 0xb1, 0x47, 0xa9, 0x41, 0x28, 
  0x00, 0x00, 0x00, 0x00, 0x00, 0x00, 0x00, 0x00, 0x00, 0x00, 0x00, 0x00, 
  0x00, 0x00, 0x00, 0x00, 0x00, 0x00, 0x00, 0x00, 0x00, 0x00, 0x00, 0x00, 
  0x00, 0x00, 0x00, 0x00, 0x00, 0x00, 0x00, 0x00, 0x00, 0x00, 0x00, 0x00, 
  0x00, 0x00, 0x00, 0x00, 0x00, 0x00, 0x00, 0x00, 0x00, 0x00, 0x00, 0x00, 
  0x00, 0x00, 0x00, 0x00, 0x00, 0x00, 0x00, 0x00, 0x00, 0x00, 0x00, 0x00, 
  0x00, 0x00, 0x00, 0x00, 0x00, 0x00, 0x00, 0x00, 0x00, 0x00, 0x00, 0x00, 
  0x21, 0x18, 0xe6, 0x90, 0xc7, 0xb9, 0x07, 0xcb, 0xa8, 0xe4, 0x69, 0xed, 
  0xe9, 0xf5, 0x49, 0xfe, 0x89, 0xfe, 0xc9, 0xfe, 0xe9, 0xfe, 0xe9, 0xfe, 
  0x09, 0xff, 0x09, 0xff, 0xe9, 0xfe, 0xc9, 0xfe, 0xa9, 0xfe, 0x89, 0xfe, 
  0x49, 0xfe, 0x09, 0xf6, 0xa9, 0xf5, 0x08, 0xed, 0x08, 0xdc, 0x87, 0xc2, 
  0x87, 0xb1, 0x27, 0xa9, 0x47, 0xb1, 0x67, 0xb1, 0x47, 0xa9, 0x67, 0xb9, 
  0xc4, 0x60, 0x00, 0x00, 0x00, 0x00, 0x00, 0x00, 0x00, 0x00, 0x00, 0x00, 
  0x00, 0x00, 0x00, 0x00, 0x00, 0x00, 0x00, 0x00, 0x00, 0x00, 0x00, 0x00, 
  0x00, 0x00, 0x00, 0x00, 0x00, 0x00, 0x00, 0x00, 0x00, 0x00, 0x00, 0x00, 
  0x00, 0x00, 0x00, 0x00, 0x00, 0x00, 0x00, 0x00, 0x00, 0x00, 0x00, 0x00, 
  0x00, 0x00, 0x00, 0x00, 0x00, 0x00, 0x00, 0x00, 0x00, 0x00, 0x00, 0x00, 
  0x00, 0x00, 0x00, 0x00, 0x00, 0x00, 0x00, 0x00, 0x00, 0x00, 0xe1, 0x20, 
  0xe8, 0xe5, 0xc9, 0xfe, 0x89, 0xfe, 0x89, 0xfe, 0x89, 0xfe, 0x89, 0xfe, 
  0x89, 0xfe, 0x69, 0xfe, 0xc9, 0xfe, 0xe9, 0xf5, 0x27, 0xba, 0x27, 0xa9, 
  0x67, 0xb1, 0x67, 0xa9, 0x67, 0xb9, 0x26, 0x91, 0x20, 0x10, 0x00, 0x00, 
  0x00, 0x00, 0x00, 0x00, 0x00, 0x00, 0x00, 0x00, 0x00, 0x00, 0x00, 0x00, 
  0x00, 0x00, 0x00, 0x00, 0x00, 0x00, 0x00, 0x00, 0x00, 0x00, 0x00, 0x00, 
  0x00, 0x00, 0x00, 0x00, 0x00, 0x00, 0x00, 0x00, 0x00, 0x00, 0x00, 0x00, 
  0x00, 0x00, 0x00, 0x00, 0x00, 0x00, 0x00, 0x00, 0x00, 0x00, 0x00, 0x00, 
  0x00, 0x00, 0x00, 0x00, 0x00, 0x00, 0x00, 0x00, 0x00, 0x00, 0x00, 0x00, 
  0x00, 0x00, 0x00, 0x00, 0x00, 0x00, 0x00, 0x00, 0x00, 0x00, 0x00, 0x00, 
  0x00, 0x00, 0x00, 0x00, 0x00, 0x00, 0x00, 0x00, 0x00, 0x00, 0x00, 0x00, 
  0x00, 0x00, 0x00, 0x00, 0x00, 0x00, 0x00, 0x00, 0x00, 0x00, 0x00, 0x00, 
  0x00, 0x00, 0x00, 0x00, 0x00, 0x00, 0x00, 0x00, 0x00, 0x00, 0x00, 0x00, 
  0x00, 0x00, 0x00, 0x00, 0x00, 0x00, 0x00, 0x00, 0x00, 0x00, 0x00, 0x00, 
  0x00, 0x00, 0x00, 0x00, 0x00, 0x00, 0x00, 0x00, 0x00, 0x00, 0x00, 0x00, 
  0x00, 0x00, 0x00, 0x00, 0x00, 0x00, 0x00, 0x00, 0x63, 0x5a, 0xa9, 0xfe, 
  0x89, 0xfe, 0x89, 0xfe, 0x89, 0xfe, 0x89, 0xfe, 0x89, 0xfe, 0x89, 0xfe, 
  0x89, 0xfe, 0xc9, 0xfe, 0x48, 0xcb, 0xe6, 0xa8, 0x87, 0xb9, 0x82, 0x40, 
  0x00, 0x00, 0x00, 0x00, 0x00, 0x00, 0x00, 0x00, 0x80, 0x10, 0xa8, 0xd5, 
  0xc9, 0xfe, 0x89, 0xfe, 0x89, 0xfe, 0x89, 0xfe, 0x89, 0xfe, 0x89, 0xfe, 
  0xe7, 0xc2, 0x07, 0xa9, 0x67, 0xb1, 0x67, 0xb1, 0x46, 0xa1, 0x20, 0x10, 
  0x00, 0x00, 0x00, 0x00, 0x00, 0x00, 0x00, 0x00, 0xc4, 0x68, 0x49, 0xe4, 
  0xa9, 0xfe, 0xa9, 0xfe, 0x89, 0xfe, 0x89, 0xfe, 0x89, 0xfe, 0x89, 0xfe, 
  0x89, 0xfe, 0x89, 0xfe, 0x89, 0xfe, 0x89, 0xfe, 0x89, 0xfe, 0x69, 0xfe, 
  0xea, 0xfe, 0x66, 0xac, 0x00, 0x00, 0x00, 0x00, 0x00, 0x00, 0x00, 0x00, 
  0x00, 0x00, 0x00, 0x00, 0x00, 0x00, 0x00, 0x00, 0x00, 0x00, 0x00, 0x00, 
  0x00, 0x00, 0x00, 0x00, 0x00, 0x00, 0x00, 0x00, 0x00, 0x00, 0x00, 0x00, 
  0x00, 0x00, 0x00, 0x00, 0x00, 0x00, 0x00, 0x00, 0x00, 0x00, 0x00, 0x00, 
  0x00, 0x00, 0x00, 0x00, 0x00, 0x00, 0x00, 0x00, 0x00, 0x00, 0x00, 0x00, 
  0x00, 0x00, 0x00, 0x00, 0x68, 0xd5, 0xa9, 0xfe, 0x89, 0xfe, 0x89, 0xfe, 
  0x89, 0xfe, 0x89, 0xfe, 0x89, 0xfe, 0x89, 0xfe, 0x89, 0xfe, 0x89, 0xfe, 
  0x89, 0xfe, 0xa9, 0xfe, 0xe9, 0xf5, 0xa8, 0xd3, 0x68, 0xcb, 0x28, 0xed, 
  0xc9, 0xfe, 0xe9, 0xfe, 0x89, 0xfe, 0x69, 0xfe, 0x49, 0xfe, 0x49, 0xfe, 
  0x08, 0xee, 0x08, 0xe6, 0x49, 0xf6, 0xa9, 0xfe, 0x89, 0xfe, 0x89, 0xfe, 
  0x89, 0xfe, 0x89, 0xfe, 0x89, 0xfe, 0xa9, 0xfe, 0x29, 0xfe, 0x47, 0xba, 
  0x47, 0xb1, 0x25, 0x89, 0x00, 0x08, 0x00, 0x00, 0x00, 0x00, 0x20, 0x10, 
  0xa3, 0x50, 0x26, 0x91, 0x47, 0xb1, 0x27, 0xb1, 0x67, 0xb1, 0x27, 0xba, 
  0xe8, 0xd3, 0x49, 0xed, 0x09, 0xfe, 0xc9, 0xfe, 0xe9, 0xfe, 0x69, 0xfe, 
  0x88, 0xd3, 0x27, 0xa9, 0x67, 0xa9, 0x67, 0xb9, 0x25, 0x89, 0x00, 0x08, 
  0x00, 0x00, 0x00, 0x00, 0x00, 0x00, 0x00, 0x00, 0x00, 0x00, 0x00, 0x00, 
  0x00, 0x00, 0x00, 0x00, 0x00, 0x00, 0x00, 0x00, 0x00, 0x00, 0x00, 0x00, 
  0x00, 0x00, 0x00, 0x00, 0x00, 0x00, 0x00, 0x00, 0x00, 0x00, 0x00, 0x00, 
  0x00, 0x00, 0x00, 0x00, 0x00, 0x00, 0x00, 0x00, 0x00, 0x00, 0x00, 0x00, 
  0x00, 0x00, 0x00, 0x00, 0x00, 0x00, 0x00, 0x00, 0x00, 0x00, 0x00, 0x00, 
  0x00, 0x00, 0x00, 0x00, 0x00, 0x00, 0x00, 0x00, 0x00, 0x00, 0x00, 0x00, 
  0x00, 0x00, 0x20, 0x10, 0xe5, 0x80, 0x47, 0xb1, 0x07, 0xa9, 0x46, 0xa9, 
  0x07, 0xba, 0x67, 0xc2, 0xc7, 0xc2, 0x27, 0xcb, 0x48, 0xcb, 0x48, 0xcb, 
  0x68, 0xcb, 0x68, 0xcb, 0x48, 0xcb, 0x28, 0xcb, 0x07, 0xcb, 0xc7, 0xc2, 
  0x67, 0xc2, 0x07, 0xba, 0x87, 0xb1, 0x07, 0xa9, 0x07, 0xa9, 0x27, 0xa9, 
  0x47, 0xa9, 0x67, 0xa9, 0x67, 0xa9, 0x67, 0xb1, 0x67, 0xb9, 0x05, 0x89, 
  0x00, 0x08, 0x00, 0x00, 0x00, 0x00, 0x00, 0x00, 0x00, 0x00, 0x00, 0x00, 
  0x00, 0x00, 0x00, 0x00, 0x00, 0x00, 0x00, 0x00, 0x00, 0x00, 0x00, 0x00, 
  0x00, 0x00, 0x00, 0x00, 0x00, 0x00, 0x00, 0x00, 0x00, 0x00, 0x00, 0x00, 
  0x00, 0x00, 0x00, 0x00, 0x00, 0x00, 0x00, 0x00, 0x00, 0x00, 0x00, 0x00, 
  0x00, 0x00, 0x00, 0x00, 0x00, 0x00, 0x00, 0x00, 0x00, 0x00, 0x00, 0x00, 
  0x00, 0x00, 0x00, 0x00, 0x00, 0x00, 0x00, 0x00, 0x60, 0x08, 0x27, 0xcd, 
  0xca, 0xfe, 0x69, 0xfe, 0x89, 0xfe, 0x89, 0xfe, 0x89, 0xfe, 0x89, 0xfe, 
  0x69, 0xfe, 0xc9, 0xfe, 0xc9, 0xf5, 0x27, 0xba, 0x27, 0xa9, 0x67, 0xb1, 
  0x47, 0xa9, 0x67, 0xb1, 0x26, 0x99, 0x21, 0x18, 0x00, 0x00, 0x00, 0x00, 
  0x00, 0x00, 0x00, 0x00, 0x00, 0x00, 0x00, 0x00, 0x00, 0x00, 0x00, 0x00, 
  0x00, 0x00, 0x00, 0x00, 0x00, 0x00, 0x00, 0x00, 0x00, 0x00, 0x00, 0x00, 
  0x00, 0x00, 0x00, 0x00, 0x00, 0x00, 0x00, 0x00, 0x00, 0x00, 0x00, 0x00, 
  0x00, 0x00, 0x00, 0x00, 0x00, 0x00, 0x00, 0x00, 0x00, 0x00, 0x00, 0x00, 
  0x00, 0x00, 0x00, 0x00, 0x00, 0x00, 0x00, 0x00, 0x00, 0x00, 0x00, 0x00, 
  0x00, 0x00, 0x00, 0x00, 0x00, 0x00, 0x00, 0x00, 0x00, 0x00, 0x00, 0x00, 
  0x00, 0x00, 0x00, 0x00, 0x00, 0x00, 0x00, 0x00, 0x00, 0x00, 0x00, 0x00, 
  0x00, 0x00, 0x00, 0x00, 0x00, 0x00, 0x00, 0x00, 0x00, 0x00, 0x00, 0x00, 
  0x00, 0x00, 0x00, 0x00, 0x00, 0x00, 0x00, 0x00, 0x00, 0x00, 0x00, 0x00, 
  0x00, 0x00, 0x00, 0x00, 0x00, 0x00, 0x00, 0x00, 0x00, 0x00, 0x00, 0x00, 
  0x00, 0x00, 0x00, 0x00, 0x00, 0x00, 0x00, 0x00, 0x00, 0x00, 0x00, 0x00, 
  0x00, 0x00, 0x00, 0x00, 0x00, 0x00, 0x00, 0x00, 0x24, 0x7b, 0xca, 0xfe, 
  0x89, 0xfe, 0x89, 0xfe, 0x89, 0xfe, 0x89, 0xfe, 0x89, 0xfe, 0x89, 0xfe, 
  0x89, 0xfe, 0x89, 0xfe, 0x07, 0xcb, 0x06, 0xa9, 0x87, 0xb9, 0x62, 0x30, 
  0x00, 0x00, 0x20, 0x00, 0x00, 0x00, 0x40, 0x08, 0xc7, 0xbc, 0xea, 0xfe, 
  0x69, 0xfe, 0x89, 0xfe, 0x89, 0xfe, 0x89, 0xfe, 0xc9, 0xfe, 0xe8, 0xd3, 
  0x27, 0xa9, 0x67, 0xb1, 0x67, 0xa9, 0x67, 0xb9, 0xa3, 0x58, 0x00, 0x00, 
  0x00, 0x00, 0x00, 0x00, 0x00, 0x00, 0x00, 0x00, 0x00, 0x00, 0x83, 0x58, 
  0x68, 0xd3, 0x69, 0xfe, 0xa9, 0xfe, 0x89, 0xfe, 0x89, 0xfe, 0x89, 0xfe, 
  0x89, 0xfe, 0x89, 0xfe, 0x89, 0xfe, 0x89, 0xfe, 0x89, 0xfe, 0x89, 0xfe, 
  0x89, 0xfe, 0x89, 0xfe, 0x83, 0x49, 0x00, 0x00, 0x00, 0x00, 0x00, 0x00, 
  0x00, 0x00, 0x00, 0x00, 0x00, 0x00, 0x00, 0x00, 0x00, 0x00, 0x00, 0x00, 
  0x00, 0x00, 0x00, 0x00, 0x00, 0x00, 0x00, 0x00, 0x00, 0x00, 0x00, 0x00, 
  0x00, 0x00, 0x00, 0x00, 0x00, 0x00, 0x00, 0x00, 0x00, 0x00, 0x00, 0x00, 
  0x00, 0x00, 0x00, 0x00, 0x00, 0x00, 0x00, 0x00, 0x00, 0x00, 0x00, 0x00, 
  0x00, 0x00, 0x60, 0x10, 0x29, 0xf6, 0xa9, 0xfe, 0x89, 0xfe, 0x89, 0xfe, 
  0x89, 0xfe, 0x89, 0xfe, 0x89, 0xfe, 0x89, 0xfe, 0x89, 0xfe, 0x89, 0xfe, 
  0xa9, 0xfe, 0x29, 0xf6, 0x27, 0xba, 0x07, 0xa9, 0x27, 0xa9, 0x47, 0xa9, 
  0x68, 0xcb, 0x29, 0xf6, 0xc9, 0xfe, 0x89, 0xfe, 0xa9, 0xfe, 0xa9, 0xfe, 
  0xa9, 0xfe, 0xa9, 0xfe, 0xa9, 0xfe, 0x89, 0xfe, 0x89, 0xfe, 0x89, 0xfe, 
  0x89, 0xfe, 0x89, 0xfe, 0x89, 0xfe, 0xa9, 0xfe, 0xe9, 0xf5, 0xe7, 0xb1, 
  0x47, 0xb1, 0x25, 0x91, 0x00, 0x08, 0x00, 0x00, 0x00, 0x00, 0x00, 0x00, 
  0x00, 0x00, 0x00, 0x08, 0x82, 0x38, 0x05, 0x81, 0x47, 0xa9, 0x47, 0xb1, 
  0x27, 0xb1, 0x27, 0xa9, 0x27, 0xba, 0x07, 0xcb, 0x68, 0xcb, 0x67, 0xc2, 
  0x27, 0xa9, 0x67, 0xb1, 0x67, 0xa9, 0x67, 0xb9, 0xc4, 0x60, 0x00, 0x00, 
  0x00, 0x00, 0x00, 0x00, 0x00, 0x00, 0x00, 0x00, 0x00, 0x00, 0x00, 0x00, 
  0x00, 0x00, 0x00, 0x00, 0x00, 0x00, 0x00, 0x00, 0x00, 0x00, 0x00, 0x00, 
  0x00, 0x00, 0x00, 0x00, 0x00, 0x00, 0x00, 0x00, 0x00, 0x00, 0x00, 0x00, 
  0x00, 0x00, 0x00, 0x00, 0x00, 0x00, 0x00, 0x00, 0x00, 0x00, 0x00, 0x00, 
  0x00, 0x00, 0x00, 0x00, 0x00, 0x00, 0x00, 0x00, 0x00, 0x00, 0x00, 0x00, 
  0x00, 0x00, 0x00, 0x00, 0x00, 0x00, 0x00, 0x00, 0x00, 0x00, 0x00, 0x00, 
  0x00, 0x00, 0x00, 0x00, 0x00, 0x00, 0xc3, 0x58, 0x46, 0xa1, 0x87, 0xb9, 
  0x47, 0xb1, 0x27, 0xa9, 0x07, 0xa9, 0x06, 0xa9, 0xe6, 0xa8, 0xe6, 0xa8, 
  0xe6, 0xa8, 0xe6, 0xa8, 0xe6, 0xa8, 0x06, 0xa9, 0x06, 0xa9, 0x06, 0xa9, 
  0x27, 0xa9, 0x27, 0xa9, 0x47, 0xa9, 0x67, 0xb1, 0x67, 0xb1, 0x67, 0xb1, 
  0x67, 0xb1, 0x67, 0xb1, 0x67, 0xb9, 0x46, 0xa9, 0xc4, 0x68, 0x00, 0x08, 
  0x00, 0x00, 0x00, 0x00, 0x00, 0x00, 0x00, 0x00, 0x00, 0x00, 0x00, 0x00, 
  0x00, 0x00, 0x00, 0x00, 0x00, 0x00, 0x00, 0x00, 0x00, 0x00, 0x00, 0x00, 
  0x00, 0x00, 0x00, 0x00, 0x00, 0x00, 0x00, 0x00, 0x00, 0x00, 0x00, 0x00, 
  0x00, 0x00, 0x00, 0x00, 0x00, 0x00, 0x00, 0x00, 0x00, 0x00, 0x00, 0x00, 
  0x00, 0x00, 0x00, 0x00, 0x00, 0x00, 0x00, 0x00, 0x00, 0x00, 0x00, 0x00, 
  0x00, 0x00, 0x00, 0x00, 0x00, 0x00, 0x00, 0x00, 0x46, 0xac, 0xea, 0xfe, 
  0x69, 0xfe, 0x89, 0xfe, 0x89, 0xfe, 0x89, 0xfe, 0x89, 0xfe, 0x69, 0xfe, 
  0xc9, 0xfe, 0xa9, 0xf5, 0x07, 0xba, 0x27, 0xa9, 0x67, 0xb1, 0x67, 0xa9, 
  0x67, 0xb1, 0x46, 0x99, 0x41, 0x20, 0x00, 0x00, 0x00, 0x00, 0x00, 0x00, 
  0x00, 0x00, 0x00, 0x00, 0x00, 0x00, 0x00, 0x00, 0x00, 0x00, 0x00, 0x00, 
  0x00, 0x00, 0x00, 0x00, 0x00, 0x00, 0x00, 0x00, 0x00, 0x00, 0x00, 0x00, 
  0x00, 0x00, 0x00, 0x00, 0x00, 0x00, 0x00, 0x00, 0x00, 0x00, 0x00, 0x00, 
  0x00, 0x00, 0x00, 0x00, 0x00, 0x00, 0x00, 0x00, 0x00, 0x00, 0x00, 0x00, 
  0x00, 0x00, 0x00, 0x00, 0x00, 0x00, 0x00, 0x00, 0x00, 0x00, 0x00, 0x00, 
  0x00, 0x00, 0x00, 0x00, 0x00, 0x00, 0x00, 0x00, 0x00, 0x00, 0x00, 0x00, 
  0x00, 0x00, 0x00, 0x00, 0x00, 0x00, 0x00, 0x00, 0x00, 0x00, 0x00, 0x00, 
  0x00, 0x00, 0x00, 0x00, 0x00, 0x00, 0x00, 0x00, 0x00, 0x00, 0x00, 0x00, 
  0x00, 0x00, 0x00, 0x00, 0x00, 0x00, 0x00, 0x00, 0x00, 0x00, 0x00, 0x00, 
  0x00, 0x00, 0x00, 0x00, 0x00, 0x00, 0x00, 0x00, 0x00, 0x00, 0x00, 0x00, 
  0x00, 0x00, 0x00, 0x00, 0x00, 0x00, 0x00, 0x00, 0x00, 0x00, 0x00, 0x00, 
  0x00, 0x00, 0x00, 0x00, 0x00, 0x00, 0x00, 0x00, 0xe5, 0x9b, 0xca, 0xfe, 
  0x89, 0xfe, 0x89, 0xfe, 0x89, 0xfe, 0x89, 0xfe, 0x89, 0xfe, 0x89, 0xfe, 
  0x89, 0xfe, 0x69, 0xfe, 0xa7, 0xc2, 0x06, 0xa9, 0x67, 0xb9, 0x41, 0x20, 
  0x00, 0x00, 0x00, 0x00, 0xc1, 0x20, 0xc7, 0xbc, 0xea, 0xfe, 0x69, 0xfe, 
  0x89, 0xfe, 0x89, 0xfe, 0x89, 0xfe, 0xe9, 0xfe, 0x68, 0xdc, 0x27, 0xa9, 
  0x67, 0xb1, 0x67, 0xa9, 0x67, 0xb1, 0x26, 0x91, 0x20, 0x08, 0x00, 0x00, 
  0x00, 0x00, 0x00, 0x00, 0x00, 0x00, 0x00, 0x00, 0x00, 0x00, 0x00, 0x00, 
  0x63, 0x48, 0x87, 0xc2, 0xc9, 0xf5, 0xc9, 0xfe, 0x89, 0xfe, 0x89, 0xfe, 
  0x89, 0xfe, 0x89, 0xfe, 0x89, 0xfe, 0x89, 0xfe, 0x89, 0xfe, 0x89, 0xfe, 
  0x89, 0xfe, 0xc9, 0xfe, 0x48, 0xdc, 0x42, 0x40, 0x00, 0x00, 0x00, 0x00, 
  0x00, 0x00, 0x00, 0x00, 0x00, 0x00, 0x00, 0x00, 0x00, 0x00, 0x00, 0x00, 
  0x00, 0x00, 0x00, 0x00, 0x00, 0x00, 0x00, 0x00, 0x00, 0x00, 0x00, 0x00, 
  0x00, 0x00, 0x00, 0x00, 0x00, 0x00, 0x00, 0x00, 0x00, 0x00, 0x00, 0x00, 
  0x00, 0x00, 0x00, 0x00, 0x00, 0x00, 0x00, 0x00, 0x00, 0x00, 0x00, 0x00, 
  0x00, 0x00, 0xa0, 0x18, 0x49, 0xf6, 0xa9, 0xfe, 0x89, 0xfe, 0x89, 0xfe, 
  0x89, 0xfe, 0x89, 0xfe, 0x89, 0xfe, 0x89, 0xfe, 0x89, 0xfe, 0x89, 0xfe, 
  0xc9, 0xfe, 0x68, 0xd3, 0x07, 0xa9, 0x87, 0xb1, 0x67, 0xb1, 0x67, 0xb1, 
  0x27, 0xb1, 0x27, 0xc2, 0x28, 0xed, 0xc9, 0xfe, 0x89, 0xfe, 0x89, 0xfe, 
  0x89, 0xfe, 0x89, 0xfe, 0x89, 0xfe, 0x89, 0xfe, 0x89, 0xfe, 0x89, 0xfe, 
  0x89, 0xfe, 0x89, 0xfe, 0x89, 0xfe, 0xc9, 0xfe, 0xc9, 0xf5, 0x87, 0xb1, 
  0x67, 0xb1, 0x05, 0x89, 0x00, 0x08, 0x00, 0x00, 0x00, 0x00, 0x00, 0x00, 
  0x00, 0x00, 0x00, 0x00, 0x00, 0x00, 0x00, 0x00, 0x41, 0x20, 0xc4, 0x60, 
  0x26, 0x91, 0x67, 0xb1, 0x47, 0xb9, 0x07, 0xa9, 0xe6, 0xa8, 0x27, 0xa9, 
  0x67, 0xa9, 0x67, 0xa9, 0x67, 0xb1, 0x47, 0xa9, 0x21, 0x18, 0x00, 0x00, 
  0x00, 0x00, 0x00, 0x00, 0x00, 0x00, 0x00, 0x00, 0x00, 0x00, 0x00, 0x00, 
  0x00, 0x00, 0x00, 0x00, 0x00, 0x00, 0x00, 0x00, 0x00, 0x00, 0x00, 0x00, 
  0x00, 0x00, 0x00, 0x00, 0x00, 0x00, 0x00, 0x00, 0x00, 0x00, 0x00, 0x00, 
  0x00, 0x00, 0x00, 0x00, 0x00, 0x00, 0x00, 0x00, 0x00, 0x00, 0x00, 0x00, 
  0x00, 0x00, 0x00, 0x00, 0x00, 0x00, 0x00, 0x00, 0x00, 0x00, 0x00, 0x00, 
  0x00, 0x00, 0x00, 0x00, 0x00, 0x00, 0x00, 0x00, 0x00, 0x00, 0x00, 0x00, 
  0x00, 0x00, 0x00, 0x00, 0x00, 0x00, 0x00, 0x00, 0x21, 0x10, 0xa3, 0x50, 
  0x05, 0x81, 0x67, 0xa9, 0x87, 0xb1, 0x87, 0xb1, 0x87, 0xb9, 0x87, 0xb9, 
  0x87, 0xb9, 0x87, 0xb9, 0x87, 0xb9, 0x87, 0xb9, 0x87, 0xb9, 0x87, 0xb9, 
  0x87, 0xb9, 0x67, 0xb9, 0x67, 0xb9, 0x67, 0xb1, 0x67, 0xb1, 0x67, 0xb1, 
  0x46, 0xa9, 0x05, 0x81, 0xa3, 0x58, 0x41, 0x20, 0x00, 0x00, 0x00, 0x00, 
  0x00, 0x00, 0x00, 0x00, 0x00, 0x00, 0x00, 0x00, 0x00, 0x00, 0x00, 0x00, 
  0x00, 0x00, 0x00, 0x00, 0x00, 0x00, 0x00, 0x00, 0x00, 0x00, 0x00, 0x00, 
  0x00, 0x00, 0x00, 0x00, 0x00, 0x00, 0x00, 0x00, 0x00, 0x00, 0x00, 0x00, 
  0x00, 0x00, 0x00, 0x00, 0x00, 0x00, 0x00, 0x00, 0x00, 0x00, 0x00, 0x00, 
  0x00, 0x00, 0x00, 0x00, 0x00, 0x00, 0x00, 0x00, 0x00, 0x00, 0x00, 0x00, 
  0x00, 0x00, 0x00, 0x00, 0x00, 0x00, 0x45, 0x83, 0xea, 0xfe, 0x69, 0xfe, 
  0x89, 0xfe, 0x89, 0xfe, 0x89, 0xfe, 0x89, 0xfe, 0x89, 0xfe, 0xe9, 0xfe, 
  0x69, 0xed, 0xe7, 0xb9, 0x27, 0xa9, 0x67, 0xb1, 0x47, 0xa9, 0x67, 0xb1, 
  0x46, 0xa1, 0x41, 0x20, 0x00, 0x00, 0x00, 0x00, 0x00, 0x00, 0x00, 0x00, 
  0x00, 0x00, 0x00, 0x00, 0x00, 0x00, 0x00, 0x00, 0x00, 0x00, 0x00, 0x00, 
  0x00, 0x00, 0x00, 0x00, 0x00, 0x00, 0x00, 0x00, 0x00, 0x00, 0x00, 0x00, 
  0x00, 0x00, 0x00, 0x00, 0x00, 0x00, 0x00, 0x00, 0x00, 0x00, 0x00, 0x00, 
  0x00, 0x00, 0x00, 0x00, 0x00, 0x00, 0x00, 0x00, 0x00, 0x00, 0x00, 0x00, 
  0x00, 0x00, 0x00, 0x00, 0x00, 0x00, 0x00, 0x00, 0x00, 0x00, 0x00, 0x00, 
  0x00, 0x00, 0x00, 0x00, 0x00, 0x00, 0x00, 0x00, 0x00, 0x00, 0x00, 0x00, 
  0x00, 0x00, 0x00, 0x00, 0x00, 0x00, 0x00, 0x00, 0x00, 0x00, 0x00, 0x00, 
  0x00, 0x00, 0x00, 0x00, 0x00, 0x00, 0x00, 0x00, 0x00, 0x00, 0x00, 0x00, 
  0x00, 0x00, 0x00, 0x00, 0x00, 0x00, 0x00, 0x00, 0x00, 0x00, 0x00, 0x00, 
  0x00, 0x00, 0x00, 0x00, 0x00, 0x00, 0x00, 0x00, 0x00, 0x00, 0x00, 0x00, 
  0x00, 0x00, 0x00, 0x00, 0x00, 0x00, 0x00, 0x00, 0x00, 0x00, 0x00, 0x00, 
  0x00, 0x00, 0x00, 0x00, 0x00, 0x00, 0x00, 0x00, 0x66, 0xac, 0xea, 0xfe, 
  0x89, 0xfe, 0x89, 0xfe, 0x89, 0xfe, 0x89, 0xfe, 0x89, 0xfe, 0x89, 0xfe, 
  0xa9, 0xfe, 0x49, 0xfe, 0x87, 0xc2, 0x27, 0xa9, 0x67, 0xb1, 0x00, 0x10, 
  0x80, 0x10, 0x65, 0x83, 0xe8, 0xe5, 0xea, 0xfe, 0x69, 0xfe, 0x89, 0xfe, 
  0x89, 0xfe, 0x89, 0xfe, 0xc9, 0xfe, 0x88, 0xe4, 0x47, 0xa9, 0x47, 0xb1, 
  0x67, 0xb1, 0x67, 0xb1, 0x67, 0xb1, 0x62, 0x30, 0x00, 0x00, 0x00, 0x00, 
  0x00, 0x00, 0x00, 0x00, 0x00, 0x00, 0x00, 0x00, 0x00, 0x00, 0x00, 0x00, 
  0x00, 0x00, 0x42, 0x38, 0xc7, 0xb1, 0xe9, 0xec, 0xc9, 0xfe, 0x89, 0xfe, 
  0x89, 0xfe, 0x89, 0xfe, 0x89, 0xfe, 0x89, 0xfe, 0x89, 0xfe, 0x89, 0xfe, 
  0x89, 0xfe, 0xc9, 0xfe, 0x69, 0xf5, 0x47, 0xa9, 0x41, 0x28, 0x00, 0x00, 
  0x00, 0x00, 0x00, 0x00, 0x00, 0x00, 0x00, 0x00, 0x00, 0x00, 0x00, 0x00, 
  0x00, 0x00, 0x00, 0x00, 0x00, 0x00, 0x00, 0x00, 0x00, 0x00, 0x00, 0x00, 
  0x00, 0x00, 0x00, 0x00, 0x00, 0x00, 0x00, 0x00, 0x00, 0x00, 0x00, 0x00, 
  0x00, 0x00, 0x00, 0x00, 0x00, 0x00, 0x00, 0x00, 0x00, 0x00, 0x00, 0x00, 
  0x00, 0x00, 0x00, 0x00, 0xc8, 0xe5, 0xa9, 0xfe, 0x89, 0xfe, 0x89, 0xfe, 
  0x89, 0xfe, 0x89, 0xfe, 0x89, 0xfe, 0x89, 0xfe, 0x89, 0xfe, 0xc9, 0xfe, 
  0x49, 0xed, 0x67, 0xb1, 0x67, 0xb1, 0x67, 0xa9, 0x67, 0xb1, 0x47, 0xa9, 
  0x05, 0x79, 0xe5, 0x88, 0x67, 0xb1, 0xe8, 0xdb, 0x69, 0xfe, 0xc9, 0xfe, 
  0x89, 0xfe, 0x89, 0xfe, 0x89, 0xfe, 0x89, 0xfe, 0x89, 0xfe, 0x89, 0xfe, 
  0x89, 0xfe, 0x89, 0xfe, 0x89, 0xfe, 0xc9, 0xfe, 0x69, 0xed, 0x06, 0xa9, 
  0x87, 0xb9, 0x05, 0x81, 0x00, 0x00, 0x00, 0x00, 0x00, 0x00, 0x00, 0x00, 
  0x00, 0x00, 0x00, 0x00, 0x00, 0x00, 0x00, 0x00, 0x00, 0x00, 0x00, 0x00, 
  0x00, 0x00, 0x62, 0x38, 0xc4, 0x68, 0x46, 0x99, 0x87, 0xb1, 0x87, 0xb1, 
  0x67, 0xb9, 0x67, 0xb1, 0x67, 0xb9, 0xa3, 0x58, 0x00, 0x00, 0x00, 0x00, 
  0x00, 0x00, 0x00, 0x00, 0x00, 0x00, 0x00, 0x00, 0x00, 0x00, 0x00, 0x00, 
  0x00, 0x00, 0x00, 0x00, 0x00, 0x00, 0x00, 0x00, 0x00, 0x00, 0x00, 0x00, 
  0x00, 0x00, 0x00, 0x00, 0x00, 0x00, 0x00, 0x00, 0x00, 0x00, 0x00, 0x00, 
  0x00, 0x00, 0x00, 0x00, 0x00, 0x00, 0x00, 0x00, 0x00, 0x00, 0x00, 0x00, 
  0x00, 0x00, 0x00, 0x00, 0x00, 0x00, 0x00, 0x00, 0x00, 0x00, 0x00, 0x00, 
  0x00, 0x00, 0x00, 0x00, 0x00, 0x00, 0x00, 0x00, 0x00, 0x00, 0x00, 0x00, 
  0x00, 0x00, 0x00, 0x00, 0x00, 0x00, 0x00, 0x00, 0x00, 0x00, 0x00, 0x00, 
  0x00, 0x00, 0x20, 0x10, 0x41, 0x28, 0xa3, 0x48, 0xc4, 0x60, 0xe4, 0x70, 
  0x05, 0x81, 0x05, 0x81, 0x05, 0x89, 0x05, 0x89, 0x05, 0x89, 0x05, 0x81, 
  0x05, 0x79, 0xe4, 0x70, 0xc4, 0x68, 0xa3, 0x58, 0x82, 0x40, 0x41, 0x28, 
  0x20, 0x10, 0x00, 0x00, 0x00, 0x00, 0x00, 0x00, 0x00, 0x00, 0x00, 0x00, 
  0x00, 0x00, 0x00, 0x00, 0x00, 0x00, 0x00, 0x00, 0x00, 0x00, 0x00, 0x00, 
  0x00, 0x00, 0x00, 0x00, 0x00, 0x00, 0x00, 0x00, 0x00, 0x00, 0x00, 0x00, 
  0x00, 0x00, 0x00, 0x00, 0x00, 0x00, 0x00, 0x00, 0x00, 0x00, 0x00, 0x00, 
  0x00, 0x00, 0x00, 0x00, 0x00, 0x00, 0x00, 0x00, 0x00, 0x00, 0x00, 0x00, 
  0x00, 0x00, 0x00, 0x00, 0x00, 0x00, 0x00, 0x00, 0x00, 0x00, 0x00, 0x00, 
  0x00, 0x00, 0x00, 0x00, 0x83, 0x62, 0xc9, 0xfe, 0x89, 0xfe, 0x89, 0xfe, 
  0x89, 0xfe, 0x89, 0xfe, 0x89, 0xfe, 0x89, 0xfe, 0xe9, 0xfe, 0x08, 0xe5, 
  0xa7, 0xb1, 0x27, 0xa9, 0x67, 0xb1, 0x47, 0xa9, 0x67, 0xb1, 0x46, 0xa1, 
  0x41, 0x28, 0x00, 0x00, 0x00, 0x00, 0x00, 0x00, 0x00, 0x00, 0x00, 0x00, 
  0x00, 0x00, 0x00, 0x00, 0x00, 0x00, 0x00, 0x00, 0x00, 0x00, 0x00, 0x00, 
  0x00, 0x00, 0x00, 0x00, 0x00, 0x00, 0x00, 0x00, 0x00, 0x00, 0x00, 0x00, 
  0x00, 0x00, 0x00, 0x00, 0x00, 0x00, 0x00, 0x00, 0x00, 0x00, 0x00, 0x00, 
  0x00, 0x00, 0x00, 0x00, 0x00, 0x00, 0x00, 0x00, 0x00, 0x00, 0x00, 0x00, 
  0x00, 0x00, 0x00, 0x00, 0x00, 0x00, 0x00, 0x00, 0x00, 0x00, 0x00, 0x00, 
  0x00, 0x00, 0x00, 0x00, 0x00, 0x00, 0x00, 0x00, 0x00, 0x00, 0x00, 0x00, 
  0x00, 0x00, 0x00, 0x00, 0x00, 0x00, 0x00, 0x00, 0x00, 0x00, 0x00, 0x00, 
  0x00, 0x00, 0x00, 0x00, 0x00, 0x00, 0x00, 0x00, 0x00, 0x00, 0x00, 0x00, 
  0x00, 0x00, 0x00, 0x00, 0x00, 0x00, 0x00, 0x00, 0x00, 0x00, 0x00, 0x00, 
  0x00, 0x00, 0x00, 0x00, 0x00, 0x00, 0x00, 0x00, 0x00, 0x00, 0x00, 0x00, 
  0x00, 0x00, 0x00, 0x00, 0x00, 0x00, 0x00, 0x00, 0x00, 0x00, 0x00, 0x00, 
  0x00, 0x00, 0x00, 0x00, 0x00, 0x00, 0x00, 0x00, 0xa6, 0xb4, 0xea, 0xfe, 
  0x89, 0xfe, 0x89, 0xfe, 0x89, 0xfe, 0x89, 0xfe, 0x89, 0xfe, 0x89, 0xfe, 
  0xa9, 0xfe, 0x29, 0xfe, 0x47, 0xba, 0x47, 0xb1, 0x46, 0xa1, 0xa1, 0x28, 
  0x27, 0xc5, 0x0a, 0xff, 0xa9, 0xfe, 0x69, 0xfe, 0x89, 0xfe, 0x89, 0xfe, 
  0xc9, 0xfe, 0xa9, 0xfe, 0x08, 0xdc, 0x47, 0xa9, 0x47, 0xb1, 0x67, 0xb1, 
  0x67, 0xa9, 0x67, 0xb9, 0xa3, 0x58, 0x00, 0x00, 0x00, 0x00, 0x00, 0x00, 
  0x00, 0x00, 0x00, 0x00, 0x00, 0x00, 0x00, 0x00, 0x00, 0x00, 0x00, 0x00, 
  0x00, 0x00, 0x00, 0x00, 0x21, 0x28, 0x26, 0x99, 0xc8, 0xdb, 0x69, 0xfe, 
  0xc9, 0xfe, 0x89, 0xfe, 0x89, 0xfe, 0x89, 0xfe, 0x89, 0xfe, 0x89, 0xfe, 
  0x89, 0xfe, 0xa9, 0xfe, 0x09, 0xf6, 0x47, 0xc2, 0xc5, 0x78, 0x00, 0x00, 
  0x00, 0x00, 0x00, 0x00, 0x00, 0x00, 0x00, 0x00, 0x00, 0x00, 0x00, 0x00, 
  0x00, 0x00, 0x00, 0x00, 0x00, 0x00, 0x00, 0x00, 0x00, 0x00, 0x00, 0x00, 
  0x00, 0x00, 0x00, 0x00, 0x00, 0x00, 0x00, 0x00, 0x00, 0x00, 0x00, 0x00, 
  0x00, 0x00, 0x00, 0x00, 0x00, 0x00, 0x00, 0x00, 0x00, 0x00, 0x00, 0x00, 
  0x00, 0x00, 0x00, 0x00, 0xe5, 0x93, 0xea, 0xfe, 0x69, 0xfe, 0x89, 0xfe, 
  0x89, 0xfe, 0x89, 0xfe, 0x89, 0xfe, 0x89, 0xfe, 0x89, 0xfe, 0x89, 0xfe, 
  0x87, 0xc2, 0x27, 0xa9, 0x67, 0xb1, 0x67, 0xb1, 0x46, 0xa1, 0x41, 0x28, 
  0x00, 0x00, 0x00, 0x08, 0x62, 0x38, 0xe6, 0x90, 0x88, 0xca, 0xa9, 0xed, 
  0xc9, 0xfe, 0x89, 0xfe, 0x89, 0xfe, 0x89, 0xfe, 0x89, 0xfe, 0x89, 0xfe, 
  0x89, 0xfe, 0x89, 0xfe, 0x89, 0xfe, 0xc9, 0xfe, 0xa8, 0xe4, 0x06, 0xa9, 
  0x87, 0xb9, 0xe5, 0x78, 0x00, 0x00, 0x00, 0x00, 0x00, 0x00, 0x00, 0x00, 
  0x00, 0x00, 0x00, 0x00, 0x00, 0x00, 0x00, 0x00, 0x00, 0x00, 0x00, 0x00, 
  0x00, 0x00, 0x00, 0x00, 0x00, 0x00, 0x00, 0x08, 0x41, 0x28, 0xc3, 0x58, 
  0x05, 0x81, 0x05, 0x81, 0x82, 0x40, 0x00, 0x00, 0x00, 0x00, 0x00, 0x00, 
  0x00, 0x00, 0x00, 0x00, 0x00, 0x00, 0x00, 0x00, 0x00, 0x00, 0x00, 0x00, 
  0x00, 0x00, 0x00, 0x00, 0x00, 0x00, 0x00, 0x00, 0x00, 0x00, 0x00, 0x00, 
  0x00, 0x00, 0x00, 0x00, 0x00, 0x00, 0x00, 0x00, 0x00, 0x00, 0x00, 0x00, 
  0x00, 0x00, 0x00, 0x00, 0x00, 0x00, 0x00, 0x00, 0x00, 0x00, 0x00, 0x00, 
  0x00, 0x00, 0x00, 0x00, 0x00, 0x00, 0x00, 0x00, 0x00, 0x00, 0x00, 0x00, 
  0x00, 0x00, 0x00, 0x00, 0x00, 0x00, 0x00, 0x00, 0x00, 0x00, 0x00, 0x00, 
  0x00, 0x00, 0x00, 0x00, 0x00, 0x00, 0x00, 0x00, 0x00, 0x00, 0x00, 0x00, 
  0x00, 0x00, 0x00, 0x00, 0x00, 0x00, 0x00, 0x00, 0x00, 0x00, 0x00, 0x00, 
  0x00, 0x00, 0x00, 0x00, 0x00, 0x00, 0x00, 0x00, 0x00, 0x00, 0x00, 0x00, 
  0x00, 0x00, 0x00, 0x00, 0x00, 0x00, 0x00, 0x00, 0x00, 0x00, 0x00, 0x00, 
  0x00, 0x00, 0x00, 0x00, 0x00, 0x00, 0x00, 0x00, 0x00, 0x00, 0x00, 0x00, 
  0x00, 0x00, 0x00, 0x00, 0x00, 0x00, 0x00, 0x00, 0x00, 0x00, 0x00, 0x00, 
  0x00, 0x00, 0x00, 0x00, 0x00, 0x00, 0x00, 0x00, 0x00, 0x00, 0x00, 0x00, 
  0x00, 0x00, 0x00, 0x00, 0x00, 0x00, 0x00, 0x00, 0x00, 0x00, 0x00, 0x00, 
  0x00, 0x00, 0x00, 0x00, 0x00, 0x00, 0x00, 0x00, 0x00, 0x00, 0x00, 0x00, 
  0x00, 0x00, 0x00, 0x00, 0x00, 0x00, 0x00, 0x00, 0x00, 0x00, 0x20, 0x00, 
  0x00, 0x00, 0xe2, 0x49, 0x89, 0xf6, 0x89, 0xfe, 0x89, 0xfe, 0x89, 0xfe, 
  0x89, 0xfe, 0x89, 0xfe, 0x89, 0xfe, 0xc9, 0xfe, 0x68, 0xdc, 0x67, 0xb1, 
  0x47, 0xa9, 0x67, 0xb1, 0x47, 0xa9, 0x67, 0xb1, 0x46, 0x99, 0x41, 0x20, 
  0x00, 0x00, 0x00, 0x00, 0x00, 0x00, 0x00, 0x00, 0x00, 0x00, 0x00, 0x00, 
  0x00, 0x00, 0x00, 0x00, 0x00, 0x00, 0x00, 0x00, 0x00, 0x00, 0x00, 0x00, 
  0x00, 0x00, 0x00, 0x00, 0x00, 0x00, 0x00, 0x00, 0x00, 0x00, 0x00, 0x00, 
  0x00, 0x00, 0x00, 0x00, 0x00, 0x00, 0x00, 0x00, 0x00, 0x00, 0x00, 0x00, 
  0x00, 0x00, 0x00, 0x00, 0x00, 0x00, 0x00, 0x00, 0x00, 0x00, 0x00, 0x00, 
  0x00, 0x00, 0x00, 0x00, 0x00, 0x00, 0x00, 0x00, 0x00, 0x00, 0x00, 0x00, 
  0x00, 0x00, 0x00, 0x00, 0x00, 0x00, 0x00, 0x00, 0x00, 0x00, 0x00, 0x00, 
  0x00, 0x00, 0x00, 0x00, 0x00, 0x00, 0x00, 0x00, 0x00, 0x00, 0x00, 0x00, 
  0x00, 0x00, 0x00, 0x00, 0x00, 0x00, 0x00, 0x00, 0x00, 0x00, 0x00, 0x00, 
  0x00, 0x00, 0x00, 0x00, 0x00, 0x00, 0x00, 0x00, 0x00, 0x00, 0x00, 0x00, 
  0x00, 0x00, 0x00, 0x00, 0x00, 0x00, 0x00, 0x00, 0x00, 0x00, 0x00, 0x00, 
  0x00, 0x00, 0x00, 0x00, 0x00, 0x00, 0x00, 0x00, 0x00, 0x00, 0x00, 0x00, 
  0x00, 0x00, 0x00, 0x00, 0x00, 0x00, 0x00, 0x00, 0x86, 0xac, 0xca, 0xfe, 
  0x89, 0xfe, 0x89, 0xfe, 0x89, 0xfe, 0x89, 0xfe, 0x89, 0xfe, 0x89, 0xfe, 
  0xa9, 0xfe, 0x09, 0xf6, 0x07, 0xba, 0x47, 0xb1, 0xe5, 0x88, 0xa5, 0x93, 
  0x0a, 0xff, 0x69, 0xfe, 0x89, 0xfe, 0xa9, 0xfe, 0xc9, 0xfe, 0xc9, 0xfe, 
  0xc9, 0xed, 0xe7, 0xca, 0x27, 0xa9, 0x67, 0xb1, 0x67, 0xb1, 0x47, 0xa9, 
  0x67, 0xb9, 0xe4, 0x70, 0x00, 0x00, 0x00, 0x00, 0x00, 0x00, 0x00, 0x00, 
  0x00, 0x00, 0x00, 0x00, 0x00, 0x00, 0x00, 0x00, 0x00, 0x00, 0x00, 0x00, 
  0x00, 0x00, 0x00, 0x00, 0x00, 0x00, 0x20, 0x10, 0xa5, 0x78, 0xa8, 0xca, 
  0xc9, 0xf5, 0xc9, 0xfe, 0x89, 0xfe, 0x89, 0xfe, 0x89, 0xfe, 0x89, 0xfe, 
  0x89, 0xfe, 0x89, 0xfe, 0xa9, 0xfe, 0xe8, 0xca, 0x06, 0xa1, 0x61, 0x20, 
  0x00, 0x00, 0x00, 0x00, 0x00, 0x00, 0x00, 0x00, 0x00, 0x00, 0x00, 0x00, 
  0x00, 0x00, 0x00, 0x00, 0x00, 0x00, 0x00, 0x00, 0x00, 0x00, 0x00, 0x00, 
  0x00, 0x00, 0x00, 0x00, 0x00, 0x00, 0x00, 0x00, 0x00, 0x00, 0x00, 0x00, 
  0x00, 0x00, 0x00, 0x00, 0x00, 0x00, 0x00, 0x00, 0x00, 0x00, 0x00, 0x00, 
  0x00, 0x00, 0x00, 0x00, 0x62, 0x39, 0x89, 0xf6, 0x89, 0xfe, 0x89, 0xfe, 
  0x89, 0xfe, 0x89, 0xfe, 0x89, 0xfe, 0x89, 0xfe, 0xc9, 0xfe, 0x88, 0xe4, 
  0x27, 0xa9, 0x67, 0xb1, 0x67, 0xa9, 0x67, 0xb1, 0x82, 0x40, 0x00, 0x00, 
  0x00, 0x00, 0x00, 0x00, 0x00, 0x00, 0x20, 0x10, 0xa4, 0x68, 0xa7, 0xb9, 
  0x68, 0xe4, 0xa9, 0xfe, 0xa9, 0xfe, 0x69, 0xfe, 0x89, 0xfe, 0x89, 0xfe, 
  0x89, 0xfe, 0x89, 0xfe, 0x89, 0xfe, 0xa9, 0xfe, 0xa8, 0xd3, 0x26, 0xa9, 
  0x87, 0xb9, 0xe4, 0x70, 0x00, 0x00, 0x00, 0x00, 0x00, 0x00, 0x00, 0x00, 
  0x00, 0x00, 0x00, 0x00, 0x00, 0x00, 0x00, 0x00, 0x00, 0x00, 0x00, 0x00, 
  0x00, 0x00, 0x00, 0x00, 0x00, 0x00, 0x00, 0x00, 0x00, 0x00, 0x00, 0x00, 
  0x00, 0x00, 0x00, 0x00, 0x00, 0x00, 0x00, 0x00, 0x00, 0x00, 0x00, 0x00, 
  0x00, 0x00, 0x00, 0x00, 0x00, 0x00, 0x00, 0x00, 0x00, 0x00, 0x00, 0x00, 
  0x00, 0x00, 0x00, 0x00, 0x00, 0x00, 0x00, 0x00, 0x00, 0x00, 0x00, 0x00, 
  0x00, 0x00, 0x00, 0x00, 0x00, 0x00, 0x00, 0x00, 0x00, 0x00, 0x00, 0x00, 
  0x00, 0x00, 0x00, 0x00, 0x00, 0x00, 0x00, 0x00, 0x00, 0x00, 0x00, 0x00, 
  0x00, 0x00, 0x00, 0x00, 0x00, 0x00, 0x00, 0x00, 0x00, 0x00, 0x00, 0x00, 
  0x00, 0x00, 0x00, 0x00, 0x00, 0x00, 0x00, 0x00, 0x00, 0x00, 0x00, 0x00, 
  0x00, 0x00, 0x00, 0x00, 0x00, 0x00, 0x00, 0x00, 0x00, 0x00, 0x00, 0x00, 
  0x00, 0x00, 0x00, 0x00, 0x00, 0x00, 0x00, 0x00, 0x00, 0x00, 0x00, 0x00, 
  0x00, 0x00, 0x00, 0x00, 0x00, 0x00, 0x00, 0x00, 0x00, 0x00, 0x00, 0x00, 
  0x00, 0x00, 0x00, 0x00, 0x00, 0x00, 0x00, 0x00, 0x00, 0x00, 0x00, 0x00, 
  0x00, 0x00, 0x00, 0x00, 0x00, 0x00, 0x00, 0x00, 0x00, 0x00, 0x00, 0x00, 
  0x00, 0x00, 0x00, 0x00, 0x00, 0x00, 0x00, 0x00, 0x00, 0x00, 0x00, 0x00, 
  0x00, 0x00, 0x00, 0x00, 0x00, 0x00, 0x00, 0x00, 0x00, 0x00, 0x00, 0x00, 
  0x00, 0x00, 0x00, 0x00, 0x00, 0x00, 0x00, 0x00, 0x00, 0x00, 0x00, 0x00, 
  0x00, 0x00, 0x00, 0x00, 0x00, 0x00, 0x00, 0x00, 0x00, 0x00, 0x00, 0x00, 
  0x00, 0x00, 0x00, 0x00, 0x00, 0x00, 0x00, 0x00, 0x00, 0x00, 0x00, 0x00, 
  0xc2, 0x41, 0x49, 0xf6, 0xa9, 0xfe, 0x89, 0xfe, 0x89, 0xfe, 0x89, 0xfe, 
  0x89, 0xfe, 0xa9, 0xfe, 0x89, 0xfe, 0xa8, 0xd3, 0x27, 0xa9, 0x47, 0xb1, 
  0x67, 0xb1, 0x47, 0xa9, 0x67, 0xb9, 0x26, 0x99, 0x41, 0x20, 0x00, 0x00, 
  0x00, 0x00, 0x00, 0x00, 0x00, 0x00, 0x00, 0x00, 0x00, 0x00, 0x00, 0x00, 
  0x00, 0x00, 0x00, 0x00, 0x00, 0x00, 0x00, 0x00, 0x00, 0x00, 0x00, 0x00, 
  0x00, 0x00, 0x00, 0x00, 0x00, 0x00, 0x00, 0x00, 0x00, 0x00, 0x00, 0x00, 
  0x00, 0x00, 0x00, 0x00, 0x00, 0x00, 0x00, 0x00, 0x00, 0x00, 0x00, 0x00, 
  0x00, 0x00, 0x00, 0x00, 0x00, 0x00, 0x00, 0x00, 0x00, 0x00, 0x00, 0x00, 
  0x00, 0x00, 0x00, 0x00, 0x00, 0x00, 0x00, 0x00, 0x00, 0x00, 0x00, 0x00, 
  0x00, 0x00, 0x00, 0x00, 0x00, 0x00, 0x00, 0x00, 0x00, 0x00, 0x00, 0x00, 
  0x00, 0x00, 0x00, 0x00, 0x00, 0x00, 0x00, 0x00, 0x00, 0x00, 0x00, 0x00, 
  0x00, 0x00, 0x00, 0x00, 0x00, 0x00, 0x00, 0x00, 0x00, 0x00, 0x00, 0x00, 
  0x00, 0x00, 0x00, 0x00, 0x00, 0x00, 0x00, 0x00, 0x00, 0x00, 0x00, 0x00, 
  0x00, 0x00, 0x00, 0x00, 0x00, 0x00, 0x00, 0x00, 0x00, 0x00, 0x00, 0x00, 
  0x00, 0x00, 0x00, 0x00, 0x00, 0x00, 0x00, 0x00, 0x00, 0x00, 0x00, 0x00, 
  0x00, 0x00, 0x00, 0x00, 0x00, 0x00, 0x00, 0x00, 0x85, 0x83, 0xca, 0xfe, 
  0x69, 0xfe, 0x89, 0xfe, 0x89, 0xfe, 0x89, 0xfe, 0x89, 0xfe, 0x89, 0xfe, 
  0xa9, 0xfe, 0xe9, 0xf5, 0xe7, 0xb1, 0x67, 0xb1, 0xe5, 0x80, 0x85, 0x93, 
  0xa9, 0xfe, 0xca, 0xfe, 0x89, 0xfe, 0x29, 0xee, 0x88, 0xed, 0x87, 0xcb, 
  0xa7, 0xb1, 0x27, 0xa9, 0x67, 0xb1, 0x67, 0xa9, 0x67, 0xa9, 0x67, 0xb9, 
  0xe5, 0x78, 0x00, 0x00, 0x00, 0x00, 0x00, 0x00, 0x00, 0x00, 0x00, 0x00, 
  0x00, 0x00, 0x00, 0x00, 0x00, 0x00, 0x00, 0x00, 0x00, 0x00, 0x00, 0x00, 
  0x00, 0x00, 0x00, 0x00, 0x00, 0x00, 0x00, 0x00, 0x00, 0x00, 0x83, 0x58, 
  0xc7, 0xb9, 0xa8, 0xe4, 0xa9, 0xfe, 0xa9, 0xfe, 0x89, 0xfe, 0x89, 0xfe, 
  0x89, 0xfe, 0x69, 0xfe, 0xe9, 0xfe, 0xa8, 0xcb, 0x07, 0xb1, 0xa3, 0x50, 
  0x00, 0x00, 0x00, 0x00, 0x00, 0x00, 0x00, 0x00, 0x00, 0x00, 0x00, 0x00, 
  0x00, 0x00, 0x00, 0x00, 0x00, 0x00, 0x00, 0x00, 0x00, 0x00, 0x00, 0x00, 
  0x00, 0x00, 0x00, 0x00, 0x00, 0x00, 0x00, 0x00, 0x00, 0x00, 0x00, 0x00, 
  0x00, 0x00, 0x00, 0x00, 0x00, 0x00, 0x00, 0x00, 0x00, 0x00, 0x00, 0x00, 
  0x00, 0x00, 0x00, 0x00, 0x00, 0x00, 0x26, 0xa4, 0xea, 0xfe, 0x69, 0xfe, 
  0x89, 0xfe, 0x89, 0xfe, 0x89, 0xfe, 0xa9, 0xfe, 0x49, 0xfe, 0x07, 0xba, 
  0x47, 0xa9, 0x67, 0xa9, 0x67, 0xb9, 0x05, 0x81, 0x00, 0x00, 0x00, 0x00, 
  0x00, 0x00, 0x00, 0x00, 0x00, 0x00, 0x00, 0x00, 0x00, 0x00, 0x62, 0x40, 
  0x06, 0x99, 0x28, 0xd3, 0x09, 0xf6, 0xc9, 0xfe, 0x89, 0xfe, 0x89, 0xfe, 
  0x89, 0xfe, 0x89, 0xfe, 0x89, 0xfe, 0xa9, 0xfe, 0x87, 0xc2, 0x26, 0xa9, 
  0x87, 0xb9, 0xc3, 0x58, 0x00, 0x00, 0x00, 0x00, 0x00, 0x00, 0x00, 0x00, 
  0x00, 0x00, 0x00, 0x00, 0x00, 0x00, 0x00, 0x00, 0x00, 0x00, 0x00, 0x00, 
  0x00, 0x00, 0x00, 0x00, 0x00, 0x00, 0x00, 0x00, 0x00, 0x00, 0x00, 0x00, 
  0x00, 0x00, 0x00, 0x00, 0x00, 0x00, 0x00, 0x00, 0x00, 0x00, 0x00, 0x00, 
  0x00, 0x00, 0x00, 0x00, 0x00, 0x00, 0x00, 0x00, 0x00, 0x00, 0x00, 0x00, 
  0x00, 0x00, 0x00, 0x00, 0x00, 0x00, 0x00, 0x00, 0x00, 0x00, 0x00, 0x00, 
  0x00, 0x00, 0x00, 0x00, 0x00, 0x00, 0x00, 0x00, 0x00, 0x00, 0x00, 0x00, 
  0x00, 0x00, 0x00, 0x00, 0x00, 0x00, 0x00, 0x00, 0x00, 0x00, 0x00, 0x00, 
  0x00, 0x00, 0x00, 0x00, 0x00, 0x00, 0x00, 0x00, 0x00, 0x00, 0x00, 0x00, 
  0x00, 0x00, 0x00, 0x00, 0x00, 0x00, 0x00, 0x00, 0x00, 0x00, 0x00, 0x00, 
  0x00, 0x00, 0x00, 0x00, 0x00, 0x00, 0x00, 0x00, 0x00, 0x00, 0x00, 0x00, 
  0x00, 0x00, 0x00, 0x00, 0x00, 0x00, 0x00, 0x00, 0x00, 0x00, 0x00, 0x00, 
  0x00, 0x00, 0x00, 0x00, 0x00, 0x00, 0x00, 0x00, 0x00, 0x00, 0x00, 0x00, 
  0x00, 0x00, 0x00, 0x00, 0x00, 0x00, 0x00, 0x00, 0x00, 0x00, 0x00, 0x00, 
  0x00, 0x00, 0x00, 0x00, 0x00, 0x00, 0x00, 0x00, 0x00, 0x00, 0x00, 0x00, 
  0x00, 0x00, 0x00, 0x00, 0x00, 0x00, 0x00, 0x00, 0x00, 0x00, 0x00, 0x00, 
  0x00, 0x00, 0x00, 0x00, 0x00, 0x00, 0x00, 0x00, 0x00, 0x00, 0x00, 0x00, 
  0x00, 0x00, 0x00, 0x00, 0x00, 0x00, 0x00, 0x00, 0x00, 0x00, 0x00, 0x00, 
  0x00, 0x00, 0x00, 0x00, 0x00, 0x00, 0x00, 0x00, 0x00, 0x00, 0x00, 0x00, 
  0x00, 0x00, 0x00, 0x00, 0x00, 0x00, 0x00, 0x00, 0x00, 0x00, 0x43, 0x5a, 
  0x49, 0xee, 0xa9, 0xfe, 0x89, 0xfe, 0x89, 0xfe, 0x89, 0xfe, 0x89, 0xfe, 
  0xc9, 0xfe, 0xe9, 0xf5, 0xc7, 0xc2, 0x07, 0xa9, 0x67, 0xb1, 0x67, 0xb1, 
  0x47, 0xa9, 0x67, 0xb9, 0x05, 0x89, 0x21, 0x18, 0x00, 0x00, 0x00, 0x00, 
  0x00, 0x00, 0x00, 0x00, 0x00, 0x00, 0x00, 0x00, 0x00, 0x00, 0x00, 0x00, 
  0x00, 0x00, 0x00, 0x00, 0x00, 0x00, 0x00, 0x00, 0x00, 0x00, 0x00, 0x00, 
  0x00, 0x00, 0x00, 0x00, 0x00, 0x00, 0x00, 0x00, 0x00, 0x00, 0x00, 0x00, 
  0x00, 0x00, 0x00, 0x00, 0x00, 0x00, 0x00, 0x00, 0x00, 0x00, 0x00, 0x00, 
  0x00, 0x00, 0x00, 0x00, 0x00, 0x00, 0x00, 0x00, 0x00, 0x00, 0x00, 0x00, 
  0x00, 0x00, 0x00, 0x00, 0x00, 0x00, 0x00, 0x00, 0x00, 0x00, 0x00, 0x00, 
  0x00, 0x00, 0x00, 0x00, 0x00, 0x00, 0x00, 0x00, 0x00, 0x00, 0x00, 0x00, 
  0x00, 0x00, 0x00, 0x00, 0x00, 0x00, 0x00, 0x00, 0x00, 0x00, 0x00, 0x00, 
  0x00, 0x00, 0x00, 0x00, 0x00, 0x00, 0x00, 0x00, 0x00, 0x00, 0x00, 0x00, 
  0x00, 0x00, 0x00, 0x00, 0x00, 0x00, 0x00, 0x00, 0x00, 0x00, 0x00, 0x00, 
  0x00, 0x00, 0x00, 0x00, 0x00, 0x00, 0x00, 0x00, 0x00, 0x00, 0x00, 0x00, 
  0x00, 0x00, 0x00, 0x00, 0x00, 0x00, 0x00, 0x00, 0x00, 0x00, 0x00, 0x00, 
  0x00, 0x00, 0x00, 0x00, 0x00, 0x00, 0x00, 0x00, 0x41, 0x31, 0x89, 0xfe, 
  0x89, 0xfe, 0x89, 0xfe, 0x89, 0xfe, 0x89, 0xfe, 0x89, 0xfe, 0x89, 0xfe, 
  0xc9, 0xfe, 0xc9, 0xf5, 0xc7, 0xb1, 0x67, 0xb1, 0x05, 0x81, 0x20, 0x08, 
  0xe2, 0x49, 0x83, 0x62, 0x43, 0x62, 0x06, 0x9a, 0x47, 0xa9, 0x27, 0xa9, 
  0x47, 0xa9, 0x67, 0xb1, 0x47, 0xa9, 0x67, 0xb1, 0x67, 0xb9, 0xe4, 0x70, 
  0x00, 0x08, 0x00, 0x00, 0x00, 0x00, 0x00, 0x00, 0x00, 0x00, 0x00, 0x00, 
  0x00, 0x00, 0x00, 0x00, 0x00, 0x00, 0x00, 0x00, 0x00, 0x00, 0x00, 0x00, 
  0x00, 0x00, 0x00, 0x00, 0x00, 0x00, 0x00, 0x00, 0x00, 0x00, 0x00, 0x00, 
  0x62, 0x38, 0x06, 0xa1, 0x88, 0xdb, 0x49, 0xf6, 0xc9, 0xfe, 0x89, 0xfe, 
  0x89, 0xfe, 0x69, 0xfe, 0xe9, 0xfe, 0x08, 0xd4, 0x27, 0xb1, 0xe4, 0x70, 
  0x00, 0x00, 0x00, 0x00, 0x00, 0x00, 0x00, 0x00, 0x00, 0x00, 0x00, 0x00, 
  0x00, 0x00, 0x00, 0x00, 0x00, 0x00, 0x00, 0x00, 0x00, 0x00, 0x00, 0x00, 
  0x00, 0x00, 0x00, 0x00, 0x00, 0x00, 0x00, 0x00, 0x00, 0x00, 0x00, 0x00, 
  0x00, 0x00, 0x00, 0x00, 0x00, 0x00, 0x00, 0x00, 0x00, 0x00, 0x00, 0x00, 
  0x00, 0x00, 0x00, 0x00, 0x00, 0x00, 0xe1, 0x20, 0x29, 0xee, 0xa9, 0xfe, 
  0x89, 0xfe, 0x89, 0xfe, 0x89, 0xfe, 0xe9, 0xfe, 0xe8, 0xd3, 0x07, 0xa9, 
  0x67, 0xb1, 0x67, 0xb1, 0x47, 0xa9, 0x41, 0x20, 0x00, 0x00, 0x00, 0x00, 
  0x00, 0x00, 0x00, 0x00, 0x00, 0x00, 0x00, 0x00, 0x00, 0x00, 0x00, 0x00, 
  0x41, 0x18, 0xa5, 0x78, 0x07, 0xc2, 0x08, 0xed, 0xc9, 0xfe, 0x89, 0xfe, 
  0x89, 0xfe, 0x89, 0xfe, 0xa9, 0xfe, 0x09, 0xfe, 0xa7, 0xb1, 0x47, 0xa9, 
  0x67, 0xb9, 0x83, 0x48, 0x00, 0x00, 0x00, 0x00, 0x00, 0x00, 0x00, 0x00, 
  0x00, 0x00, 0x00, 0x00, 0x00, 0x00, 0x00, 0x00, 0x00, 0x00, 0x00, 0x00, 
  0x00, 0x00, 0x00, 0x00, 0x00, 0x00, 0x00, 0x00, 0x00, 0x00, 0x00, 0x00, 
  0x00, 0x00, 0x00, 0x00, 0x00, 0x00, 0x00, 0x00, 0x00, 0x00, 0x00, 0x00, 
  0x00, 0x00, 0x00, 0x00, 0x00, 0x00, 0x00, 0x00, 0x00, 0x00, 0x00, 0x00, 
  0x00, 0x00, 0x00, 0x00, 0x00, 0x00, 0x00, 0x00, 0x00, 0x00, 0x00, 0x00, 
  0x00, 0x00, 0x00, 0x00, 0x00, 0x00, 0x00, 0x00, 0x00, 0x00, 0x00, 0x00, 
  0x00, 0x00, 0x00, 0x00, 0x00, 0x00, 0x00, 0x00, 0x00, 0x00, 0x00, 0x00, 
  0x00, 0x00, 0x00, 0x00, 0x00, 0x00, 0x00, 0x00, 0x00, 0x00, 0x00, 0x00, 
  0x00, 0x00, 0x00, 0x00, 0x00, 0x00, 0x00, 0x00, 0x00, 0x00, 0x00, 0x00, 
  0x00, 0x00, 0x00, 0x00, 0x00, 0x00, 0x00, 0x00, 0x00, 0x00, 0x00, 0x00, 
  0x00, 0x00, 0x00, 0x00, 0x00, 0x00, 0x00, 0x00, 0x00, 0x00, 0x00, 0x00, 
  0x00, 0x00, 0x00, 0x00, 0x00, 0x00, 0x00, 0x00, 0x00, 0x00, 0x00, 0x00, 
  0x00, 0x00, 0x00, 0x00, 0x00, 0x00, 0x00, 0x00, 0x00, 0x00, 0x00, 0x00, 
  0x00, 0x00, 0x00, 0x00, 0x00, 0x00, 0x00, 0x00, 0x00, 0x00, 0x00, 0x00, 
  0x00, 0x00, 0x00, 0x00, 0x00, 0x00, 0x00, 0x00, 0x00, 0x00, 0x00, 0x00, 
  0x00, 0x00, 0x00, 0x00, 0x00, 0x00, 0x00, 0x00, 0x00, 0x00, 0x00, 0x00, 
  0x00, 0x00, 0x00, 0x00, 0x00, 0x00, 0x00, 0x00, 0x00, 0x00, 0x00, 0x00, 
  0x00, 0x00, 0x00, 0x00, 0x00, 0x00, 0x00, 0x00, 0x00, 0x00, 0x00, 0x00, 
  0x00, 0x00, 0x00, 0x00, 0x00, 0x00, 0x21, 0x29, 0x26, 0xa4, 0xa9, 0xfe, 
  0xa9, 0xfe, 0x89, 0xfe, 0x89, 0xfe, 0x89, 0xfe, 0xa9, 0xfe, 0xa9, 0xfe, 
  0xc8, 0xe4, 0xc7, 0xb1, 0x27, 0xa9, 0x67, 0xb1, 0x67, 0xa9, 0x67, 0xa9, 
  0x67, 0xb9, 0xe5, 0x78, 0x00, 0x08, 0x00, 0x00, 0x00, 0x00, 0x00, 0x00, 
  0x00, 0x00, 0x00, 0x00, 0x00, 0x00, 0x00, 0x00, 0x00, 0x00, 0x00, 0x00, 
  0x00, 0x00, 0x00, 0x00, 0x00, 0x00, 0x00, 0x00, 0x00, 0x00, 0x00, 0x00, 
  0x00, 0x00, 0x00, 0x00, 0x00, 0x00, 0x00, 0x00, 0x00, 0x00, 0x00, 0x00, 
  0x00, 0x00, 0x00, 0x00, 0x00, 0x00, 0x00, 0x00, 0x00, 0x00, 0x00, 0x00, 
  0x00, 0x00, 0x00, 0x00, 0x00, 0x00, 0x00, 0x00, 0x00, 0x00, 0x00, 0x00, 
  0x00, 0x00, 0x00, 0x00, 0x00, 0x00, 0x00, 0x00, 0x00, 0x00, 0x00, 0x00, 
  0x00, 0x00, 0x00, 0x00, 0x00, 0x00, 0x00, 0x00, 0x00, 0x00, 0x00, 0x00, 
  0x00, 0x00, 0x00, 0x00, 0x00, 0x00, 0x00, 0x00, 0x00, 0x00, 0x00, 0x00, 
  0x00, 0x00, 0x00, 0x00, 0x00, 0x00, 0x00, 0x00, 0x00, 0x00, 0x00, 0x00, 
  0x00, 0x00, 0x00, 0x00, 0x00, 0x00, 0x00, 0x00, 0x00, 0x00, 0x00, 0x00, 
  0x00, 0x00, 0x00, 0x00, 0x00, 0x00, 0x00, 0x00, 0x00, 0x00, 0x00, 0x00, 
  0x00, 0x00, 0x00, 0x00, 0x00, 0x00, 0x00, 0x00, 0x00, 0x00, 0x00, 0x00, 
  0x00, 0x00, 0x00, 0x00, 0x00, 0x00, 0x00, 0x00, 0x00, 0x00, 0x04, 0x7b, 
  0xea, 0xfe, 0x89, 0xfe, 0x89, 0xfe, 0x89, 0xfe, 0x89, 0xfe, 0x89, 0xfe, 
  0xc9, 0xfe, 0xc9, 0xf5, 0xa7, 0xb1, 0x67, 0xb9, 0x05, 0x81, 0x00, 0x00, 
  0x00, 0x00, 0x00, 0x00, 0x63, 0x50, 0x47, 0xb9, 0x67, 0xa9, 0x67, 0xa9, 
  0x67, 0xa9, 0x67, 0xb1, 0x67, 0xb9, 0x46, 0xa9, 0xa3, 0x50, 0x00, 0x00, 
  0x00, 0x00, 0x00, 0x00, 0x00, 0x00, 0x00, 0x00, 0x00, 0x00, 0x00, 0x00, 
  0x00, 0x00, 0x00, 0x00, 0x00, 0x00, 0x00, 0x00, 0x00, 0x00, 0x00, 0x00, 
  0x00, 0x00, 0x00, 0x00, 0x00, 0x00, 0x00, 0x00, 0x00, 0x00, 0x00, 0x00, 
  0x00, 0x00, 0x21, 0x18, 0xc5, 0x78, 0x48, 0xca, 0x49, 0xed, 0xc9, 0xfe, 
  0xa9, 0xfe, 0x69, 0xfe, 0x09, 0xff, 0xa8, 0xd3, 0x07, 0xa9, 0x46, 0x91, 
  0x00, 0x08, 0x00, 0x00, 0x00, 0x00, 0x00, 0x00, 0x00, 0x00, 0x00, 0x00, 
  0x00, 0x00, 0x00, 0x00, 0x00, 0x00, 0x00, 0x00, 0x00, 0x00, 0x00, 0x00, 
  0x00, 0x00, 0x00, 0x00, 0x00, 0x00, 0x00, 0x00, 0x00, 0x00, 0x00, 0x00, 
  0x00, 0x00, 0x00, 0x00, 0x00, 0x00, 0x00, 0x00, 0x00, 0x00, 0x00, 0x00, 
  0x00, 0x00, 0x00, 0x00, 0x00, 0x00, 0x00, 0x00, 0x83, 0x62, 0xca, 0xfe, 
  0x89, 0xfe, 0x69, 0xfe, 0xa9, 0xfe, 0xc9, 0xf5, 0xa7, 0xb1, 0x47, 0xa9, 
  0x67, 0xa9, 0x67, 0xb9, 0xc4, 0x60, 0x00, 0x00, 0x00, 0x00, 0x00, 0x00, 
  0x00, 0x00, 0x00, 0x00, 0x00, 0x00, 0x00, 0x00, 0x00, 0x00, 0x00, 0x00, 
  0x00, 0x00, 0x00, 0x00, 0x83, 0x50, 0x46, 0xa9, 0xc8, 0xdb, 0x69, 0xfe, 
  0xc9, 0xfe, 0x69, 0xfe, 0xe9, 0xfe, 0xc8, 0xe4, 0x47, 0xa9, 0x67, 0xb1, 
  0x47, 0xa9, 0x62, 0x30, 0x00, 0x00, 0x00, 0x00, 0x00, 0x00, 0x00, 0x00, 
  0x00, 0x00, 0x00, 0x00, 0x00, 0x00, 0x00, 0x00, 0x00, 0x00, 0x00, 0x00, 
  0x00, 0x00, 0x00, 0x00, 0x00, 0x00, 0x00, 0x00, 0x00, 0x00, 0x00, 0x00, 
  0x00, 0x00, 0x00, 0x00, 0x00, 0x00, 0x00, 0x00, 0x00, 0x00, 0x00, 0x00, 
  0x00, 0x00, 0x00, 0x00, 0x00, 0x00, 0x00, 0x00, 0x00, 0x00, 0x00, 0x00, 
  0x00, 0x00, 0x00, 0x00, 0x00, 0x00, 0x00, 0x00, 0x00, 0x00, 0x00, 0x00, 
  0x00, 0x00, 0x00, 0x00, 0x00, 0x00, 0x00, 0x00, 0x00, 0x00, 0x00, 0x00, 
  0x00, 0x00, 0x00, 0x00, 0x00, 0x00, 0x00, 0x00, 0x00, 0x00, 0x00, 0x00, 
  0x00, 0x00, 0x00, 0x00, 0x00, 0x00, 0x00, 0x00, 0x00, 0x00, 0x00, 0x00, 
  0x00, 0x00, 0x00, 0x00, 0x00, 0x00, 0x00, 0x00, 0x00, 0x00, 0x00, 0x00, 
  0x00, 0x00, 0x00, 0x00, 0x00, 0x00, 0x00, 0x00, 0x00, 0x00, 0x00, 0x00, 
  0x00, 0x00, 0x00, 0x00, 0x00, 0x00, 0x00, 0x00, 0x00, 0x00, 0x00, 0x00, 
  0x00, 0x00, 0x00, 0x00, 0x00, 0x00, 0x00, 0x00, 0x00, 0x00, 0x00, 0x00, 
  0x00, 0x00, 0x00, 0x00, 0x00, 0x00, 0x00, 0x00, 0x00, 0x00, 0x00, 0x00, 
  0x00, 0x00, 0x00, 0x00, 0x00, 0x00, 0x00, 0x00, 0x00, 0x00, 0x00, 0x00, 
  0x00, 0x00, 0x00, 0x00, 0x00, 0x00, 0x00, 0x00, 0x00, 0x00, 0x00, 0x00, 
  0x00, 0x00, 0x00, 0x00, 0x00, 0x00, 0x00, 0x00, 0x00, 0x00, 0x00, 0x00, 
  0x00, 0x00, 0x00, 0x00, 0x00, 0x00, 0x00, 0x00, 0x00, 0x00, 0x00, 0x00, 
  0x00, 0x00, 0x00, 0x00, 0x00, 0x00, 0x00, 0x00, 0x00, 0x00, 0x00, 0x00, 
  0x40, 0x08, 0xc4, 0x6a, 0xc7, 0xb4, 0x69, 0xfe, 0xea, 0xfe, 0x89, 0xfe, 
  0x69, 0xfe, 0x89, 0xfe, 0xa9, 0xfe, 0xe9, 0xfe, 0xc9, 0xf5, 0x28, 0xcb, 
  0x47, 0xa9, 0x47, 0xa9, 0x67, 0xb1, 0x47, 0xa9, 0x67, 0xb1, 0x67, 0xb1, 
  0xc4, 0x68, 0x00, 0x00, 0x00, 0x00, 0x00, 0x00, 0x00, 0x00, 0x00, 0x00, 
  0x00, 0x00, 0x00, 0x00, 0x00, 0x00, 0x00, 0x00, 0x00, 0x00, 0x00, 0x00, 
  0x00, 0x00, 0x00, 0x00, 0x00, 0x00, 0x00, 0x00, 0x00, 0x00, 0x00, 0x00, 
  0x00, 0x00, 0x00, 0x00, 0x00, 0x00, 0x00, 0x00, 0x00, 0x00, 0x00, 0x00, 
  0x00, 0x00, 0x00, 0x00, 0x00, 0x00, 0x00, 0x00, 0x00, 0x00, 0x00, 0x00, 
  0x00, 0x00, 0x00, 0x00, 0x00, 0x00, 0x00, 0x00, 0x00, 0x00, 0x00, 0x00, 
  0x00, 0x00, 0x00, 0x00, 0x00, 0x00, 0x00, 0x00, 0x00, 0x00, 0x00, 0x00, 
  0x00, 0x00, 0x00, 0x00, 0x00, 0x00, 0x00, 0x00, 0x00, 0x00, 0x00, 0x00, 
  0x00, 0x00, 0x00, 0x00, 0x00, 0x00, 0x00, 0x00, 0x00, 0x00, 0x00, 0x00, 
  0x00, 0x00, 0x00, 0x00, 0x00, 0x00, 0x00, 0x00, 0x00, 0x00, 0x00, 0x00, 
  0x00, 0x00, 0x00, 0x00, 0x00, 0x00, 0x00, 0x00, 0x00, 0x00, 0x00, 0x00, 
  0x00, 0x00, 0x00, 0x00, 0x00, 0x00, 0x00, 0x00, 0x00, 0x00, 0x00, 0x00, 
  0x00, 0x00, 0x00, 0x00, 0x00, 0x00, 0x00, 0x00, 0x00, 0x00, 0x00, 0x00, 
  0x00, 0x00, 0x00, 0x00, 0x00, 0x00, 0x00, 0x00, 0x00, 0x00, 0x00, 0x00, 
  0x45, 0x83, 0xca, 0xfe, 0x89, 0xfe, 0x89, 0xfe, 0x89, 0xfe, 0x89, 0xfe, 
  0xc9, 0xfe, 0xa9, 0xf5, 0x87, 0xb1, 0x67, 0xb9, 0xe4, 0x78, 0x00, 0x00, 
  0x00, 0x00, 0x20, 0x08, 0x46, 0x99, 0x87, 0xb9, 0x67, 0xb1, 0x67, 0xb1, 
  0x67, 0xb9, 0x47, 0xa9, 0xe4, 0x70, 0x41, 0x20, 0x00, 0x00, 0x00, 0x00, 
  0x00, 0x00, 0x00, 0x00, 0x00, 0x00, 0x00, 0x00, 0x00, 0x00, 0x00, 0x00, 
  0x00, 0x00, 0x00, 0x00, 0x00, 0x00, 0x00, 0x00, 0x00, 0x00, 0x00, 0x00, 
  0x00, 0x00, 0x00, 0x00, 0x00, 0x00, 0x00, 0x00, 0x00, 0x00, 0x00, 0x00, 
  0x00, 0x00, 0x00, 0x00, 0x20, 0x00, 0x83, 0x58, 0x67, 0xb1, 0xe8, 0xdb, 
  0x09, 0xf6, 0xa9, 0xfe, 0x29, 0xed, 0xc7, 0xb1, 0x47, 0xa9, 0x67, 0xb1, 
  0x21, 0x18, 0x00, 0x00, 0x00, 0x00, 0x00, 0x00, 0x00, 0x00, 0x00, 0x00, 
  0x00, 0x00, 0x00, 0x00, 0x00, 0x00, 0x00, 0x00, 0x00, 0x00, 0x00, 0x00, 
  0x00, 0x00, 0x00, 0x00, 0x00, 0x00, 0x00, 0x00, 0x00, 0x00, 0x00, 0x00, 
  0x00, 0x00, 0x00, 0x00, 0x00, 0x00, 0x00, 0x00, 0x00, 0x00, 0x00, 0x00, 
  0x00, 0x00, 0x00, 0x00, 0x00, 0x00, 0x00, 0x00, 0x00, 0x00, 0x45, 0x83, 
  0xea, 0xfe, 0xc9, 0xfe, 0xc9, 0xfe, 0x28, 0xcb, 0x07, 0xa9, 0x67, 0xb1, 
  0x67, 0xb1, 0x46, 0x99, 0x20, 0x10, 0x00, 0x00, 0x00, 0x00, 0x00, 0x00, 
  0x00, 0x00, 0x00, 0x00, 0x00, 0x00, 0x00, 0x00, 0x00, 0x00, 0x00, 0x00, 
  0x00, 0x00, 0x00, 0x00, 0x00, 0x00, 0x41, 0x28, 0xc5, 0x88, 0xa8, 0xca, 
  0xa9, 0xed, 0xc9, 0xfe, 0xc9, 0xfe, 0x28, 0xcb, 0x06, 0xa9, 0x67, 0xb1, 
  0x46, 0xa1, 0x20, 0x10, 0x00, 0x00, 0x00, 0x00, 0x00, 0x00, 0x00, 0x00, 
  0x00, 0x00, 0x00, 0x00, 0x00, 0x00, 0x00, 0x00, 0x00, 0x00, 0x00, 0x00, 
  0x00, 0x00, 0x00, 0x00, 0x00, 0x00, 0x00, 0x00, 0x00, 0x00, 0x00, 0x00, 
  0x00, 0x00, 0x00, 0x00, 0x00, 0x00, 0x00, 0x00, 0x00, 0x00, 0x00, 0x00, 
  0x00, 0x00, 0x00, 0x00, 0x00, 0x00, 0x00, 0x00, 0x00, 0x00, 0x00, 0x00, 
  0x00, 0x00, 0x00, 0x00, 0x00, 0x00, 0x00, 0x00, 0x00, 0x00, 0x00, 0x00, 
  0x00, 0x00, 0x00, 0x00, 0x00, 0x00, 0x00, 0x00, 0x00, 0x00, 0x00, 0x00, 
  0x00, 0x00, 0x00, 0x00, 0x00, 0x00, 0x00, 0x00, 0x00, 0x00, 0x00, 0x00, 
  0x00, 0x00, 0x00, 0x00, 0x00, 0x00, 0x00, 0x00, 0x00, 0x00, 0x00, 0x00, 
  0x00, 0x00, 0x00, 0x00, 0x00, 0x00, 0x00, 0x00, 0x00, 0x00, 0x00, 0x00, 
  0x00, 0x00, 0x00, 0x00, 0x00, 0x00, 0x00, 0x00, 0x00, 0x00, 0x00, 0x00, 
  0x00, 0x00, 0x00, 0x00, 0x00, 0x00, 0x00, 0x00, 0x00, 0x00, 0x00, 0x00, 
  0x00, 0x00, 0x00, 0x00, 0x00, 0x00, 0x00, 0x00, 0x00, 0x00, 0x00, 0x00, 
  0x00, 0x00, 0x00, 0x00, 0x00, 0x00, 0x00, 0x00, 0x00, 0x00, 0x00, 0x00, 
  0x00, 0x00, 0x00, 0x00, 0x00, 0x00, 0x00, 0x00, 0x00, 0x00, 0x00, 0x00, 
  0x00, 0x00, 0x00, 0x00, 0x00, 0x00, 0x00, 0x00, 0x00, 0x00, 0x00, 0x00, 
  0x00, 0x00, 0x00, 0x00, 0x00, 0x00, 0x00, 0x00, 0x00, 0x00, 0x00, 0x00, 
  0x00, 0x00, 0x00, 0x00, 0x00, 0x00, 0x00, 0x00, 0x00, 0x00, 0x00, 0x00, 
  0x00, 0x00, 0x00, 0x00, 0x00, 0x00, 0x00, 0x00, 0x00, 0x00, 0x00, 0x00, 
  0xc2, 0x41, 0x4a, 0xff, 0xca, 0xfe, 0x89, 0xfe, 0x69, 0xfe, 0x89, 0xfe, 
  0xca, 0xfe, 0xc9, 0xfe, 0xe9, 0xed, 0xc8, 0xd3, 0xa7, 0xb1, 0x07, 0xa9, 
  0x67, 0xb1, 0x67, 0xb1, 0x47, 0xa9, 0x67, 0xb1, 0x47, 0xa9, 0x83, 0x48, 
  0x00, 0x00, 0x00, 0x00, 0x00, 0x00, 0x00, 0x00, 0x00, 0x00, 0x00, 0x00, 
  0x00, 0x00, 0x00, 0x00, 0x00, 0x00, 0x00, 0x00, 0x00, 0x00, 0x00, 0x00, 
  0x00, 0x00, 0x00, 0x00, 0x00, 0x00, 0x00, 0x00, 0x00, 0x00, 0x00, 0x00, 
  0x00, 0x00, 0x00, 0x00, 0x00, 0x00, 0x00, 0x00, 0x00, 0x00, 0x00, 0x00, 
  0x00, 0x00, 0x00, 0x00, 0x00, 0x00, 0x00, 0x00, 0x00, 0x00, 0x00, 0x00, 
  0x00, 0x00, 0x00, 0x00, 0x00, 0x00, 0x00, 0x00, 0x00, 0x00, 0x00, 0x00, 
  0x00, 0x00, 0x00, 0x00, 0x00, 0x00, 0x00, 0x00, 0x00, 0x00, 0x00, 0x00, 
  0x00, 0x00, 0x00, 0x00, 0x00, 0x00, 0x00, 0x00, 0x00, 0x00, 0x00, 0x00, 
  0x00, 0x00, 0x00, 0x00, 0x00, 0x00, 0x00, 0x00, 0x00, 0x00, 0x00, 0x00, 
  0x00, 0x00, 0x00, 0x00, 0x00, 0x00, 0x00, 0x00, 0x00, 0x00, 0x00, 0x00, 
  0x00, 0x00, 0x00, 0x00, 0x00, 0x00, 0x00, 0x00, 0x00, 0x00, 0x00, 0x00, 
  0x00, 0x00, 0x00, 0x00, 0x00, 0x00, 0x00, 0x00, 0x00, 0x00, 0x00, 0x00, 
  0x00, 0x00, 0x00, 0x00, 0x00, 0x00, 0x00, 0x00, 0x00, 0x00, 0x00, 0x00, 
  0x00, 0x00, 0x00, 0x00, 0x00, 0x00, 0x00, 0x00, 0x00, 0x00, 0x00, 0x00, 
  0x00, 0x00, 0x25, 0x9b, 0xaa, 0xfe, 0xa9, 0xfe, 0x89, 0xfe, 0x89, 0xfe, 
  0xc9, 0xfe, 0xa9, 0xf5, 0x47, 0xa9, 0x67, 0xb9, 0xe4, 0x70, 0x00, 0x00, 
  0x00, 0x00, 0x00, 0x00, 0x62, 0x38, 0xe5, 0x78, 0x05, 0x81, 0xe4, 0x70, 
  0x83, 0x48, 0x41, 0x18, 0x00, 0x00, 0x00, 0x00, 0x00, 0x00, 0x00, 0x00, 
  0x00, 0x00, 0x00, 0x00, 0x00, 0x00, 0x00, 0x00, 0x00, 0x00, 0x00, 0x00, 
  0x00, 0x00, 0x00, 0x00, 0x00, 0x00, 0x00, 0x00, 0x00, 0x00, 0x00, 0x00, 
  0x00, 0x00, 0x00, 0x00, 0x00, 0x00, 0x00, 0x00, 0x00, 0x00, 0x00, 0x00, 
  0x00, 0x00, 0x00, 0x00, 0x00, 0x00, 0x00, 0x00, 0x62, 0x30, 0xe6, 0x90, 
  0x07, 0xc2, 0x47, 0xba, 0xa7, 0xb1, 0x27, 0xa9, 0x67, 0xa9, 0x67, 0xb1, 
  0x41, 0x28, 0x00, 0x00, 0x00, 0x00, 0x00, 0x00, 0x00, 0x00, 0x00, 0x00, 
  0x00, 0x00, 0x00, 0x00, 0x00, 0x00, 0x00, 0x00, 0x00, 0x00, 0x00, 0x00, 
  0x00, 0x00, 0x00, 0x00, 0x00, 0x00, 0x00, 0x00, 0x00, 0x00, 0x00, 0x00, 
  0x00, 0x00, 0x00, 0x00, 0x00, 0x00, 0x00, 0x00, 0x00, 0x00, 0x00, 0x00, 
  0x00, 0x00, 0x00, 0x00, 0x00, 0x00, 0x00, 0x00, 0x00, 0x00, 0x00, 0x00, 
  0xa5, 0x8a, 0x29, 0xf5, 0xa8, 0xd3, 0x47, 0xa9, 0x67, 0xb1, 0x67, 0xa9, 
  0x67, 0xb9, 0xa3, 0x50, 0x00, 0x00, 0x00, 0x00, 0x00, 0x00, 0x00, 0x00, 
  0x00, 0x00, 0x00, 0x00, 0x00, 0x00, 0x00, 0x00, 0x00, 0x00, 0x00, 0x00, 
  0x00, 0x00, 0x00, 0x00, 0x00, 0x00, 0x00, 0x00, 0x20, 0x08, 0x84, 0x60, 
  0xa7, 0xb9, 0x48, 0xe4, 0x88, 0xdc, 0x67, 0xb1, 0x47, 0xa9, 0x67, 0xb1, 
  0x05, 0x89, 0x00, 0x00, 0x00, 0x00, 0x00, 0x00, 0x00, 0x00, 0x00, 0x00, 
  0x00, 0x00, 0x00, 0x00, 0x00, 0x00, 0x00, 0x00, 0x00, 0x00, 0x00, 0x00, 
  0x00, 0x00, 0x00, 0x00, 0x00, 0x00, 0x00, 0x00, 0x00, 0x00, 0x00, 0x00, 
  0x00, 0x00, 0x00, 0x00, 0x00, 0x00, 0x00, 0x00, 0x00, 0x00, 0x00, 0x00, 
  0x00, 0x00, 0x00, 0x00, 0x00, 0x00, 0x00, 0x00, 0x00, 0x00, 0x00, 0x00, 
  0x00, 0x00, 0x00, 0x00, 0x00, 0x00, 0x00, 0x00, 0x00, 0x00, 0x00, 0x00, 
  0x00, 0x00, 0x00, 0x00, 0x00, 0x00, 0x00, 0x00, 0x00, 0x00, 0x00, 0x00, 
  0x00, 0x00, 0x00, 0x00, 0x00, 0x00, 0x00, 0x00, 0x00, 0x00, 0x00, 0x00, 
  0x00, 0x00, 0x00, 0x00, 0x00, 0x00, 0x00, 0x00, 0x00, 0x00, 0x00, 0x00, 
  0x00, 0x00, 0x00, 0x00, 0x00, 0x00, 0x00, 0x00, 0x00, 0x00, 0x00, 0x00, 
  0x00, 0x00, 0x00, 0x00, 0x00, 0x00, 0x00, 0x00, 0x00, 0x00, 0x00, 0x00, 
  0x00, 0x00, 0x00, 0x00, 0x00, 0x00, 0x00, 0x00, 0x00, 0x00, 0x00, 0x00, 
  0x00, 0x00, 0x00, 0x00, 0x00, 0x00, 0x00, 0x00, 0x00, 0x00, 0x00, 0x00, 
  0x00, 0x00, 0x00, 0x00, 0x00, 0x00, 0x00, 0x00, 0x00, 0x00, 0x00, 0x00, 
  0x00, 0x00, 0x00, 0x00, 0x00, 0x00, 0x00, 0x00, 0x00, 0x00, 0x00, 0x00, 
  0x00, 0x00, 0x00, 0x00, 0x00, 0x00, 0x00, 0x00, 0x00, 0x00, 0x00, 0x00, 
  0x00, 0x00, 0x00, 0x00, 0x00, 0x00, 0x00, 0x00, 0x00, 0x00, 0x00, 0x00, 
  0x00, 0x00, 0x00, 0x00, 0x00, 0x00, 0x00, 0x00, 0x00, 0x00, 0x00, 0x00, 
  0x00, 0x00, 0x00, 0x00, 0x00, 0x00, 0x00, 0x00, 0x00, 0x00, 0x00, 0x00, 
  0xa1, 0x18, 0x47, 0xcd, 0xea, 0xfe, 0xa9, 0xfe, 0xc9, 0xfe, 0xc9, 0xfe, 
  0x47, 0xcd, 0x67, 0xb3, 0xa6, 0xa9, 0x27, 0xa9, 0x47, 0xa9, 0x67, 0xb1, 
  0x47, 0xa9, 0x67, 0xb1, 0x67, 0xb9, 0x25, 0x91, 0x41, 0x28, 0x00, 0x00, 
  0x00, 0x00, 0x00, 0x00, 0x00, 0x00, 0x00, 0x00, 0x00, 0x00, 0x00, 0x00, 
  0x00, 0x00, 0x00, 0x00, 0x00, 0x00, 0x00, 0x00, 0x00, 0x00, 0x00, 0x00, 
  0x00, 0x00, 0x00, 0x00, 0x00, 0x00, 0x00, 0x00, 0x00, 0x00, 0x00, 0x00, 
  0x00, 0x00, 0x00, 0x00, 0x00, 0x00, 0x00, 0x00, 0x00, 0x00, 0x00, 0x00, 
  0x00, 0x00, 0x00, 0x00, 0x00, 0x00, 0x00, 0x00, 0x00, 0x00, 0x00, 0x00, 
  0x00, 0x00, 0x00, 0x00, 0x00, 0x00, 0x00, 0x00, 0x00, 0x00, 0x00, 0x00, 
  0x00, 0x00, 0x00, 0x00, 0x00, 0x00, 0x00, 0x00, 0x00, 0x00, 0x00, 0x00, 
  0x00, 0x00, 0x00, 0x00, 0x00, 0x00, 0x00, 0x00, 0x00, 0x00, 0x00, 0x00, 
  0x00, 0x00, 0x00, 0x00, 0x00, 0x00, 0x00, 0x00, 0x00, 0x00, 0x00, 0x00, 
  0x00, 0x00, 0x00, 0x00, 0x00, 0x00, 0x00, 0x00, 0x00, 0x00, 0x00, 0x00, 
  0x00, 0x00, 0x00, 0x00, 0x00, 0x00, 0x00, 0x00, 0x00, 0x00, 0x00, 0x00, 
  0x00, 0x00, 0x00, 0x00, 0x00, 0x00, 0x00, 0x00, 0x00, 0x00, 0x00, 0x00, 
  0x00, 0x00, 0x00, 0x00, 0x00, 0x00, 0x00, 0x00, 0x00, 0x00, 0x00, 0x00, 
  0x00, 0x00, 0x00, 0x00, 0x00, 0x00, 0x00, 0x00, 0x00, 0x00, 0x00, 0x00, 
  0x00, 0x00, 0x00, 0x10, 0xc7, 0xba, 0x09, 0xfe, 0xc9, 0xfe, 0x89, 0xfe, 
  0xc9, 0xfe, 0x69, 0xed, 0x06, 0xa9, 0x87, 0xb9, 0xe4, 0x68, 0x00, 0x00, 
  0x00, 0x00, 0x00, 0x00, 0x00, 0x00, 0x00, 0x00, 0x00, 0x00, 0x00, 0x00, 
  0x00, 0x00, 0x00, 0x00, 0x00, 0x00, 0x00, 0x00, 0x00, 0x00, 0x00, 0x00, 
  0x00, 0x00, 0x00, 0x00, 0x00, 0x00, 0x00, 0x00, 0x00, 0x00, 0x00, 0x00, 
  0x00, 0x00, 0x00, 0x00, 0x00, 0x00, 0x00, 0x00, 0x00, 0x00, 0x00, 0x00, 
  0x00, 0x00, 0x00, 0x00, 0x00, 0x00, 0x00, 0x00, 0x00, 0x00, 0x00, 0x00, 
  0x00, 0x00, 0x00, 0x00, 0x00, 0x00, 0x00, 0x00, 0x00, 0x00, 0x20, 0x10, 
  0xc4, 0x70, 0x27, 0xb1, 0x47, 0xb1, 0x67, 0xa9, 0x47, 0xa9, 0x67, 0xb9, 
  0x41, 0x28, 0x00, 0x00, 0x00, 0x00, 0x00, 0x00, 0x00, 0x00, 0x00, 0x00, 
  0x00, 0x00, 0x00, 0x00, 0x00, 0x00, 0x00, 0x00, 0x00, 0x00, 0x00, 0x00, 
  0x00, 0x00, 0x00, 0x00, 0x00, 0x00, 0x00, 0x00, 0x00, 0x00, 0x00, 0x00, 
  0x00, 0x00, 0x00, 0x00, 0x00, 0x00, 0x00, 0x00, 0x00, 0x00, 0x00, 0x00, 
  0x00, 0x00, 0x00, 0x00, 0x00, 0x00, 0x00, 0x00, 0x00, 0x00, 0x00, 0x00, 
  0x00, 0x08, 0x06, 0x91, 0x47, 0xb1, 0x47, 0xa9, 0x67, 0xa9, 0x67, 0xb1, 
  0x26, 0x91, 0x00, 0x08, 0x00, 0x00, 0x00, 0x00, 0x00, 0x00, 0x00, 0x00, 
  0x00, 0x00, 0x00, 0x00, 0x00, 0x00, 0x00, 0x00, 0x00, 0x00, 0x00, 0x00, 
  0x00, 0x00, 0x00, 0x00, 0x00, 0x00, 0x00, 0x00, 0x00, 0x00, 0x00, 0x00, 
  0x62, 0x38, 0x06, 0x99, 0x47, 0xb1, 0x47, 0xa9, 0x67, 0xa9, 0x67, 0xb1, 
  0xc3, 0x58, 0x00, 0x00, 0x00, 0x00, 0x00, 0x00, 0x00, 0x00, 0x00, 0x00, 
  0x00, 0x00, 0x00, 0x00, 0x00, 0x00, 0x00, 0x00, 0x00, 0x00, 0x00, 0x00, 
  0x00, 0x00, 0x00, 0x00, 0x00, 0x00, 0x00, 0x00, 0x00, 0x00, 0x00, 0x00, 
  0x00, 0x00, 0x00, 0x00, 0x00, 0x00, 0x00, 0x00, 0x00, 0x00, 0x00, 0x00, 
  0x00, 0x00, 0x00, 0x00, 0x00, 0x00, 0x00, 0x00, 0x00, 0x00, 0x00, 0x00, 
  0x00, 0x00, 0x00, 0x00, 0x00, 0x00, 0x00, 0x00, 0x00, 0x00, 0x00, 0x00, 
  0x00, 0x00, 0x00, 0x00, 0x00, 0x00, 0x00, 0x00, 0x00, 0x00, 0x00, 0x00, 
  0x00, 0x00, 0x00, 0x00, 0x00, 0x00, 0x00, 0x00, 0x00, 0x00, 0x00, 0x00, 
  0x00, 0x00, 0x00, 0x00, 0x00, 0x00, 0x00, 0x00, 0x00, 0x00, 0x00, 0x00, 
  0x00, 0x00, 0x00, 0x00, 0x00, 0x00, 0x00, 0x00, 0x00, 0x00, 0x00, 0x00, 
  0x00, 0x00, 0x00, 0x00, 0x00, 0x00, 0x00, 0x00, 0x00, 0x00, 0x00, 0x00, 
  0x00, 0x00, 0x00, 0x00, 0x00, 0x00, 0x00, 0x00, 0x00, 0x00, 0x00, 0x00, 
  0x00, 0x00, 0x00, 0x00, 0x00, 0x00, 0x00, 0x00, 0x00, 0x00, 0x00, 0x00, 
  0x00, 0x00, 0x00, 0x00, 0x00, 0x00, 0x00, 0x00, 0x00, 0x00, 0x00, 0x00, 
  0x00, 0x00, 0x00, 0x00, 0x00, 0x00, 0x00, 0x00, 0x00, 0x00, 0x00, 0x00, 
  0x00, 0x00, 0x00, 0x00, 0x00, 0x00, 0x00, 0x00, 0x00, 0x00, 0x00, 0x00, 
  0x00, 0x00, 0x00, 0x00, 0x00, 0x00, 0x00, 0x00, 0x00, 0x00, 0x00, 0x00, 
  0x00, 0x00, 0x00, 0x00, 0x00, 0x00, 0x00, 0x00, 0x00, 0x00, 0x00, 0x00, 
  0x00, 0x00, 0x00, 0x00, 0x00, 0x00, 0x00, 0x00, 0x00, 0x00, 0x00, 0x00, 
  0x00, 0x00, 0xe1, 0x20, 0x46, 0xa4, 0x47, 0xcd, 0x26, 0xb4, 0x86, 0x9a, 
  0x66, 0x99, 0x06, 0xa1, 0x47, 0xb1, 0x67, 0xb1, 0x67, 0xa9, 0x67, 0xb1, 
  0x67, 0xb9, 0x46, 0xa9, 0xc4, 0x60, 0x00, 0x08, 0x00, 0x00, 0x00, 0x00, 
  0x00, 0x00, 0x00, 0x00, 0x00, 0x00, 0x00, 0x00, 0x00, 0x00, 0x00, 0x00, 
  0x00, 0x00, 0x00, 0x00, 0x00, 0x00, 0x00, 0x00, 0x00, 0x00, 0x00, 0x00, 
  0x00, 0x00, 0x00, 0x00, 0x00, 0x00, 0x00, 0x00, 0x00, 0x00, 0x00, 0x00, 
  0x00, 0x00, 0x00, 0x00, 0x00, 0x00, 0x00, 0x00, 0x00, 0x00, 0x00, 0x00, 
  0x00, 0x00, 0x00, 0x00, 0x00, 0x00, 0x00, 0x00, 0x00, 0x00, 0x00, 0x00, 
  0x00, 0x00, 0x00, 0x00, 0x00, 0x00, 0x00, 0x00, 0x00, 0x00, 0x00, 0x00, 
  0x00, 0x00, 0x00, 0x00, 0x00, 0x00, 0x00, 0x00, 0x00, 0x00, 0x00, 0x00, 
  0x00, 0x00, 0x00, 0x00, 0x00, 0x00, 0x00, 0x00, 0x00, 0x00, 0x00, 0x00, 
  0x00, 0x00, 0x00, 0x00, 0x00, 0x00, 0x00, 0x00, 0x00, 0x00, 0x00, 0x00, 
  0x00, 0x00, 0x00, 0x00, 0x00, 0x00, 0x00, 0x00, 0x00, 0x00, 0x00, 0x00, 
  0x00, 0x00, 0x00, 0x00, 0x00, 0x00, 0x00, 0x00, 0x00, 0x00, 0x00, 0x00, 
  0x00, 0x00, 0x00, 0x00, 0x00, 0x00, 0x00, 0x00, 0x00, 0x00, 0x00, 0x00, 
  0x00, 0x00, 0x00, 0x00, 0x00, 0x00, 0x00, 0x00, 0x00, 0x00, 0x00, 0x00, 
  0x00, 0x00, 0x00, 0x00, 0x00, 0x00, 0x00, 0x00, 0x00, 0x00, 0x00, 0x00, 
  0x00, 0x00, 0x00, 0x00, 0x01, 0x28, 0xe7, 0xb1, 0xc9, 0xec, 0x69, 0xfe, 
  0xc9, 0xfe, 0xe8, 0xd3, 0x26, 0xa9, 0x87, 0xb9, 0xc4, 0x68, 0x00, 0x00, 
  0x00, 0x00, 0x00, 0x00, 0x00, 0x00, 0x00, 0x00, 0x00, 0x00, 0x00, 0x00, 
  0x00, 0x00, 0x00, 0x00, 0x00, 0x00, 0x00, 0x00, 0x00, 0x00, 0x00, 0x00, 
  0x00, 0x00, 0x00, 0x00, 0x00, 0x00, 0x00, 0x00, 0x00, 0x00, 0x00, 0x00, 
  0x00, 0x00, 0x00, 0x00, 0x00, 0x00, 0x00, 0x00, 0x00, 0x00, 0x00, 0x00, 
  0x00, 0x00, 0x00, 0x00, 0x00, 0x00, 0x00, 0x00, 0x00, 0x00, 0x00, 0x00, 
  0x00, 0x00, 0x00, 0x00, 0x00, 0x00, 0x00, 0x00, 0x00, 0x00, 0x00, 0x00, 
  0x00, 0x00, 0xa3, 0x48, 0x46, 0xa1, 0x67, 0xb9, 0x67, 0xb9, 0x25, 0x91, 
  0x00, 0x08, 0x00, 0x00, 0x00, 0x00, 0x00, 0x00, 0x00, 0x00, 0x00, 0x00, 
  0x00, 0x00, 0x00, 0x00, 0x00, 0x00, 0x00, 0x00, 0x00, 0x00, 0x00, 0x00, 
  0x00, 0x00, 0x00, 0x00, 0x00, 0x00, 0x00, 0x00, 0x00, 0x00, 0x00, 0x00, 
  0x00, 0x00, 0x00, 0x00, 0x00, 0x00, 0x00, 0x00, 0x00, 0x00, 0x00, 0x00, 
  0x00, 0x00, 0x00, 0x00, 0x00, 0x00, 0x00, 0x00, 0x00, 0x00, 0x00, 0x00, 
  0x00, 0x00, 0x41, 0x28, 0x46, 0xa9, 0x67, 0xb9, 0x67, 0xb1, 0x67, 0xb9, 
  0x62, 0x30, 0x00, 0x00, 0x00, 0x00, 0x00, 0x00, 0x00, 0x00, 0x00, 0x00, 
  0x00, 0x00, 0x00, 0x00, 0x00, 0x00, 0x00, 0x00, 0x00, 0x00, 0x00, 0x00, 
  0x00, 0x00, 0x00, 0x00, 0x00, 0x00, 0x00, 0x00, 0x00, 0x00, 0x00, 0x00, 
  0x00, 0x00, 0x21, 0x18, 0x05, 0x81, 0x67, 0xb9, 0x67, 0xb1, 0x67, 0xb1, 
  0x41, 0x20, 0x00, 0x00, 0x00, 0x00, 0x00, 0x00, 0x00, 0x00, 0x00, 0x00, 
  0x00, 0x00, 0x00, 0x00, 0x00, 0x00, 0x00, 0x00, 0x00, 0x00, 0x00, 0x00, 
  0x00, 0x00, 0x00, 0x00, 0x00, 0x00, 0x00, 0x00, 0x00, 0x00, 0x00, 0x00, 
  0x00, 0x00, 0x00, 0x00, 0x00, 0x00, 0x00, 0x00, 0x00, 0x00, 0x00, 0x00, 
  0x00, 0x00, 0x00, 0x00, 0x00, 0x00, 0x00, 0x00, 0x00, 0x00, 0x00, 0x00, 
  0x00, 0x00, 0x00, 0x00, 0x00, 0x00, 0x00, 0x00, 0x00, 0x00, 0x00, 0x00, 
  0x00, 0x00, 0x00, 0x00, 0x00, 0x00, 0x00, 0x00, 0x00, 0x00, 0x00, 0x00, 
  0x00, 0x00, 0x00, 0x00, 0x00, 0x00, 0x00, 0x00, 0x00, 0x00, 0x00, 0x00, 
  0x00, 0x00, 0x00, 0x00, 0x00, 0x00, 0x00, 0x00, 0x00, 0x00, 0x00, 0x00, 
  0x00, 0x00, 0x00, 0x00, 0x00, 0x00, 0x00, 0x00, 0x00, 0x00, 0x00, 0x00, 
  0x00, 0x00, 0x00, 0x00, 0x00, 0x00, 0x00, 0x00, 0x00, 0x00, 0x00, 0x00, 
  0x00, 0x00, 0x00, 0x00, 0x00, 0x00, 0x00, 0x00, 0x00, 0x00, 0x00, 0x00, 
  0x00, 0x00, 0x00, 0x00, 0x00, 0x00, 0x00, 0x00, 0x00, 0x00, 0x00, 0x00, 
  0x00, 0x00, 0x00, 0x00, 0x00, 0x00, 0x00, 0x00, 0x00, 0x00, 0x00, 0x00, 
  0x00, 0x00, 0x00, 0x00, 0x00, 0x00, 0x00, 0x00, 0x00, 0x00, 0x00, 0x00, 
  0x00, 0x00, 0x00, 0x00, 0x00, 0x00, 0x00, 0x00, 0x00, 0x00, 0x00, 0x00, 
  0x00, 0x00, 0x00, 0x00, 0x00, 0x00, 0x00, 0x00, 0x00, 0x00, 0x00, 0x00, 
  0x00, 0x00, 0x00, 0x00, 0x00, 0x00, 0x00, 0x00, 0x00, 0x00, 0x00, 0x00, 
  0x00, 0x00, 0x00, 0x00, 0x00, 0x00, 0x00, 0x00, 0x00, 0x00, 0x00, 0x00, 
  0x00, 0x00, 0x00, 0x00, 0x00, 0x00, 0x83, 0x48, 0x27, 0xa9, 0x06, 0xa1, 
  0x47, 0xb1, 0x67, 0xb1, 0x67, 0xa9, 0x67, 0xb1, 0x67, 0xb9, 0x67, 0xb1, 
  0xe5, 0x78, 0x41, 0x20, 0x00, 0x00, 0x00, 0x00, 0x00, 0x00, 0x00, 0x00, 
  0x00, 0x00, 0x00, 0x00, 0x00, 0x00, 0x00, 0x00, 0x00, 0x00, 0x00, 0x00, 
  0x00, 0x00, 0x00, 0x00, 0x00, 0x00, 0x00, 0x00, 0x00, 0x00, 0x00, 0x00, 
  0x00, 0x00, 0x00, 0x00, 0x00, 0x00, 0x00, 0x00, 0x00, 0x00, 0x00, 0x00, 
  0x00, 0x00, 0x00, 0x00, 0x00, 0x00, 0x00, 0x00, 0x00, 0x00, 0x00, 0x00, 
  0x00, 0x00, 0x00, 0x00, 0x00, 0x00, 0x00, 0x00, 0x00, 0x00, 0x00, 0x00, 
  0x00, 0x00, 0x00, 0x00, 0x00, 0x00, 0x00, 0x00, 0x00, 0x00, 0x00, 0x00, 
  0x00, 0x00, 0x00, 0x00, 0x00, 0x00, 0x00, 0x00, 0x00, 0x00, 0x00, 0x00, 
  0x00, 0x00, 0x00, 0x00, 0x00, 0x00, 0x00, 0x00, 0x00, 0x00, 0x00, 0x00, 
  0x00, 0x00, 0x00, 0x00, 0x00, 0x00, 0x00, 0x00, 0x00, 0x00, 0x00, 0x00, 
  0x00, 0x00, 0x00, 0x00, 0x00, 0x00, 0x00, 0x00, 0x00, 0x00, 0x00, 0x00, 
  0x00, 0x00, 0x00, 0x00, 0x00, 0x00, 0x00, 0x00, 0x00, 0x00, 0x00, 0x00, 
  0x00, 0x00, 0x00, 0x00, 0x00, 0x00, 0x00, 0x00, 0x00, 0x00, 0x00, 0x00, 
  0x00, 0x00, 0x00, 0x00, 0x00, 0x00, 0x00, 0x00, 0x00, 0x00, 0x00, 0x00, 
  0x00, 0x00, 0x00, 0x00, 0x00, 0x00, 0x00, 0x00, 0x00, 0x00, 0x00, 0x00, 
  0x00, 0x00, 0x00, 0x00, 0x00, 0x00, 0x21, 0x28, 0x06, 0x99, 0x67, 0xc2, 
  0x27, 0xcb, 0x87, 0xb1, 0x47, 0xa9, 0x87, 0xb9, 0xc4, 0x60, 0x00, 0x00, 
  0x00, 0x00, 0x00, 0x00, 0x00, 0x00, 0x00, 0x00, 0x00, 0x00, 0x00, 0x00, 
  0x00, 0x00, 0x00, 0x00, 0x00, 0x00, 0x00, 0x00, 0x00, 0x00, 0x00, 0x00, 
  0x00, 0x00, 0x00, 0x00, 0x00, 0x00, 0x00, 0x00, 0x00, 0x00, 0x00, 0x00, 
  0x00, 0x00, 0x00, 0x00, 0x00, 0x00, 0x00, 0x00, 0x00, 0x00, 0x00, 0x00, 
  0x00, 0x00, 0x00, 0x00, 0x00, 0x00, 0x00, 0x00, 0x00, 0x00, 0x00, 0x00, 
  0x00, 0x00, 0x00, 0x00, 0x00, 0x00, 0x00, 0x00, 0x00, 0x00, 0x00, 0x00, 
  0x00, 0x00, 0x00, 0x00, 0x21, 0x10, 0xa3, 0x58, 0xc3, 0x60, 0x21, 0x18, 
  0x00, 0x00, 0x00, 0x00, 0x00, 0x00, 0x00, 0x00, 0x00, 0x00, 0x00, 0x00, 
  0x00, 0x00, 0x00, 0x00, 0x00, 0x00, 0x00, 0x00, 0x00, 0x00, 0x00, 0x00, 
  0x00, 0x00, 0x00, 0x00, 0x00, 0x00, 0x00, 0x00, 0x00, 0x00, 0x00, 0x00, 
  0x00, 0x00, 0x00, 0x00, 0x00, 0x00, 0x00, 0x00, 0x00, 0x00, 0x00, 0x00, 
  0x00, 0x00, 0x00, 0x00, 0x00, 0x00, 0x00, 0x00, 0x00, 0x00, 0x00, 0x00, 
  0x00, 0x00, 0x00, 0x00, 0x41, 0x28, 0x05, 0x89, 0x47, 0xa9, 0xc4, 0x60, 
  0x00, 0x00, 0x00, 0x00, 0x00, 0x00, 0x00, 0x00, 0x00, 0x00, 0x00, 0x00, 
  0x00, 0x00, 0x00, 0x00, 0x00, 0x00, 0x00, 0x00, 0x00, 0x00, 0x00, 0x00, 
  0x00, 0x00, 0x00, 0x00, 0x00, 0x00, 0x00, 0x00, 0x00, 0x00, 0x00, 0x00, 
  0x00, 0x00, 0x00, 0x00, 0x00, 0x00, 0xa3, 0x50, 0x46, 0xa9, 0xe4, 0x78, 
  0x00, 0x00, 0x00, 0x00, 0x00, 0x00, 0x00, 0x00, 0x00, 0x00, 0x00, 0x00, 
  0x00, 0x00, 0x00, 0x00, 0x00, 0x00, 0x00, 0x00, 0x00, 0x00, 0x00, 0x00, 
  0x00, 0x00, 0x00, 0x00, 0x00, 0x00, 0x00, 0x00, 0x00, 0x00, 0x00, 0x00, 
  0x00, 0x00, 0x00, 0x00, 0x00, 0x00, 0x00, 0x00, 0x00, 0x00, 0x00, 0x00, 
  0x00, 0x00, 0x00, 0x00, 0x00, 0x00, 0x00, 0x00, 0x00, 0x00, 0x00, 0x00, 
  0x00, 0x00, 0x00, 0x00, 0x00, 0x00, 0x00, 0x00, 0x00, 0x00, 0x00, 0x00, 
  0x00, 0x00, 0x00, 0x00, 0x00, 0x00, 0x00, 0x00, 0x00, 0x00, 0x00, 0x00, 
  0x00, 0x00, 0x00, 0x00, 0x00, 0x00, 0x00, 0x00, 0x00, 0x00, 0x00, 0x00, 
  0x00, 0x00, 0x00, 0x00, 0x00, 0x00, 0x00, 0x00, 0x00, 0x00, 0x00, 0x00, 
  0x00, 0x00, 0x00, 0x00, 0x00, 0x00, 0x00, 0x00, 0x00, 0x00, 0x00, 0x00, 
  0x00, 0x00, 0x00, 0x00, 0x00, 0x00, 0x00, 0x00, 0x00, 0x00, 0x00, 0x00, 
  0x00, 0x00, 0x00, 0x00, 0x00, 0x00, 0x00, 0x00, 0x00, 0x00, 0x00, 0x00, 
  0x00, 0x00, 0x00, 0x00, 0x00, 0x00, 0x00, 0x00, 0x00, 0x00, 0x00, 0x00, 
  0x00, 0x00, 0x00, 0x00, 0x00, 0x00, 0x00, 0x00, 0x00, 0x00, 0x00, 0x00, 
  0x00, 0x00, 0x00, 0x00, 0x00, 0x00, 0x00, 0x00, 0x00, 0x00, 0x00, 0x00, 
  0x00, 0x00, 0x00, 0x00, 0x00, 0x00, 0x00, 0x00, 0x00, 0x00, 0x00, 0x00, 
  0x00, 0x00, 0x00, 0x00, 0x00, 0x00, 0x00, 0x00, 0x00, 0x00, 0x00, 0x00, 
  0x00, 0x00, 0x00, 0x00, 0x00, 0x00, 0x00, 0x00, 0x00, 0x00, 0x00, 0x00, 
  0x00, 0x00, 0x00, 0x00, 0x00, 0x00, 0x00, 0x00, 0x00, 0x00, 0x00, 0x00, 
  0x00, 0x00, 0x00, 0x00, 0x00, 0x00, 0x83, 0x48, 0x87, 0xb9, 0x67, 0xb1, 
  0x67, 0xb1, 0x67, 0xb1, 0x67, 0xb9, 0x67, 0xa9, 0xe4, 0x78, 0x41, 0x28, 
  0x00, 0x00, 0x00, 0x00, 0x00, 0x00, 0x00, 0x00, 0x00, 0x00, 0x00, 0x00, 
  0x00, 0x00, 0x00, 0x00, 0x00, 0x00, 0x00, 0x00, 0x00, 0x00, 0x00, 0x00, 
  0x00, 0x00, 0x00, 0x00, 0x00, 0x00, 0x00, 0x00, 0x00, 0x00, 0x00, 0x00, 
  0x00, 0x00, 0x00, 0x00, 0x00, 0x00, 0x00, 0x00, 0x00, 0x00, 0x00, 0x00, 
  0x00, 0x00, 0x00, 0x00, 0x00, 0x00, 0x00, 0x00, 0x00, 0x00, 0x00, 0x00, 
  0x00, 0x00, 0x00, 0x00, 0x00, 0x00, 0x00, 0x00, 0x00, 0x00, 0x00, 0x00, 
  0x00, 0x00, 0x00, 0x00, 0x00, 0x00, 0x00, 0x00, 0x00, 0x00, 0x00, 0x00, 
  0x00, 0x00, 0x00, 0x00, 0x00, 0x00, 0x00, 0x00, 0x00, 0x00, 0x00, 0x00, 
  0x00, 0x00, 0x00, 0x00, 0x00, 0x00, 0x00, 0x00, 0x00, 0x00, 0x00, 0x00, 
  0x00, 0x00, 0x00, 0x00, 0x00, 0x00, 0x00, 0x00, 0x00, 0x00, 0x00, 0x00, 
  0x00, 0x00, 0x00, 0x00, 0x00, 0x00, 0x00, 0x00, 0x00, 0x00, 0x00, 0x00, 
  0x00, 0x00, 0x00, 0x00, 0x00, 0x00, 0x00, 0x00, 0x00, 0x00, 0x00, 0x00, 
  0x00, 0x00, 0x00, 0x00, 0x00, 0x00, 0x00, 0x00, 0x00, 0x00, 0x00, 0x00, 
  0x00, 0x00, 0x00, 0x00, 0x00, 0x00, 0x00, 0x00, 0x00, 0x00, 0x00, 0x00, 
  0x00, 0x00, 0x00, 0x00, 0x00, 0x00, 0x00, 0x00, 0x00, 0x00, 0x00, 0x00, 
  0x00, 0x00, 0x00, 0x00, 0x00, 0x00, 0x00, 0x00, 0x21, 0x18, 0xe5, 0x88, 
  0x27, 0xb1, 0x67, 0xb1, 0x46, 0xa9, 0x67, 0xb9, 0xc3, 0x58, 0x00, 0x00, 
  0x00, 0x00, 0x00, 0x00, 0x00, 0x00, 0x00, 0x00, 0x00, 0x00, 0x00, 0x00, 
  0x00, 0x00, 0x00, 0x00, 0x00, 0x00, 0x00, 0x00, 0x00, 0x00, 0x00, 0x00, 
  0x00, 0x00, 0x00, 0x00, 0x00, 0x00, 0x00, 0x00, 0x00, 0x00, 0x00, 0x00, 
  0x00, 0x00, 0x00, 0x00, 0x00, 0x00, 0x00, 0x00, 0x00, 0x00, 0x00, 0x00, 
  0x00, 0x00, 0x00, 0x00, 0x00, 0x00, 0x00, 0x00, 0x00, 0x00, 0x00, 0x00, 
  0x00, 0x00, 0x00, 0x00, 0x00, 0x00, 0x00, 0x00, 0x00, 0x00, 0x00, 0x00, 
  0x00, 0x00, 0x00, 0x00, 0x00, 0x00, 0x00, 0x00, 0x00, 0x00, 0x00, 0x00, 
  0x00, 0x00, 0x00, 0x00, 0x00, 0x00, 0x00, 0x00, 0x00, 0x00, 0x00, 0x00, 
  0x00, 0x00, 0x00, 0x00, 0x00, 0x00, 0x00, 0x00, 0x00, 0x00, 0x00, 0x00, 
  0x00, 0x00, 0x00, 0x00, 0x00, 0x00, 0x00, 0x00, 0x00, 0x00, 0x00, 0x00, 
  0x00, 0x00, 0x00, 0x00, 0x00, 0x00, 0x00, 0x00, 0x00, 0x00, 0x00, 0x00, 
  0x00, 0x00, 0x00, 0x00, 0x00, 0x00, 0x00, 0x00, 0x00, 0x00, 0x00, 0x00, 
  0x00, 0x00, 0x00, 0x00, 0x00, 0x00, 0x00, 0x08, 0x41, 0x18, 0x00, 0x00, 
  0x00, 0x00, 0x00, 0x00, 0x00, 0x00, 0x00, 0x00, 0x00, 0x00, 0x00, 0x00, 
  0x00, 0x00, 0x00, 0x00, 0x00, 0x00, 0x00, 0x00, 0x00, 0x00, 0x00, 0x00, 
  0x00, 0x00, 0x00, 0x00, 0x00, 0x00, 0x00, 0x00, 0x00, 0x00, 0x00, 0x00, 
  0x00, 0x00, 0x00, 0x00, 0x00, 0x00, 0x00, 0x00, 0x21, 0x18, 0x00, 0x08, 
  0x00, 0x00, 0x00, 0x00, 0x00, 0x00, 0x00, 0x00, 0x00, 0x00, 0x00, 0x00, 
  0x00, 0x00, 0x00, 0x00, 0x00, 0x00, 0x00, 0x00, 0x00, 0x00, 0x00, 0x00, 
  0x00, 0x00, 0x00, 0x00, 0x00, 0x00, 0x00, 0x00, 0x00, 0x00, 0x00, 0x00, 
  0x00, 0x00, 0x00, 0x00, 0x00, 0x00, 0x00, 0x00, 0x00, 0x00, 0x00, 0x00, 
  0x00, 0x00, 0x00, 0x00, 0x00, 0x00, 0x00, 0x00, 0x00, 0x00, 0x00, 0x00, 
  0x00, 0x00, 0x00, 0x00, 0x00, 0x00, 0x00, 0x00, 0x00, 0x00, 0x00, 0x00, 
  0x00, 0x00, 0x00, 0x00, 0x00, 0x00, 0x00, 0x00, 0x00, 0x00, 0x00, 0x00, 
  0x00, 0x00, 0x00, 0x00, 0x00, 0x00, 0x00, 0x00, 0x00, 0x00, 0x00, 0x00, 
  0x00, 0x00, 0x00, 0x00, 0x00, 0x00, 0x00, 0x00, 0x00, 0x00, 0x00, 0x00, 
  0x00, 0x00, 0x00, 0x00, 0x00, 0x00, 0x00, 0x00, 0x00, 0x00, 0x00, 0x00, 
  0x00, 0x00, 0x00, 0x00, 0x00, 0x00, 0x00, 0x00, 0x00, 0x00, 0x00, 0x00, 
  0x00, 0x00, 0x00, 0x00, 0x00, 0x00, 0x00, 0x00, 0x00, 0x00, 0x00, 0x00, 
  0x00, 0x00, 0x00, 0x00, 0x00, 0x00, 0x00, 0x00, 0x00, 0x00, 0x00, 0x00, 
  0x00, 0x00, 0x00, 0x00, 0x00, 0x00, 0x00, 0x00, 0x00, 0x00, 0x00, 0x00, 
  0x00, 0x00, 0x00, 0x00, 0x00, 0x00, 0x00, 0x00, 0x00, 0x00, 0x00, 0x00, 
  0x00, 0x00, 0x00, 0x00, 0x00, 0x00, 0x00, 0x00, 0x00, 0x00, 0x00, 0x00, 
  0x00, 0x00, 0x00, 0x00, 0x00, 0x00, 0x00, 0x00, 0x00, 0x00, 0x00, 0x00, 
  0x00, 0x00, 0x00, 0x00, 0x00, 0x00, 0x00, 0x00, 0x00, 0x00, 0x00, 0x00, 
  0x00, 0x00, 0x00, 0x00, 0x00, 0x00, 0x00, 0x00, 0x00, 0x00, 0x00, 0x00, 
  0x00, 0x00, 0x00, 0x00, 0x00, 0x00, 0x00, 0x00, 0xc4, 0x68, 0x47, 0xa9, 
  0x67, 0xa9, 0x26, 0x91, 0xc4, 0x60, 0x41, 0x20, 0x00, 0x00, 0x00, 0x00, 
  0x00, 0x00, 0x00, 0x00, 0x00, 0x00, 0x00, 0x00, 0x00, 0x00, 0x00, 0x00, 
  0x00, 0x00, 0x00, 0x00, 0x00, 0x00, 0x00, 0x00, 0x00, 0x00, 0x00, 0x00, 
  0x00, 0x00, 0x00, 0x00, 0x00, 0x00, 0x00, 0x00, 0x00, 0x00, 0x00, 0x00, 
  0x00, 0x00, 0x00, 0x00, 0x00, 0x00, 0x00, 0x00, 0x00, 0x00, 0x00, 0x00, 
  0x00, 0x00, 0x00, 0x00, 0x00, 0x00, 0x00, 0x00, 0x00, 0x00, 0x00, 0x00, 
  0x00, 0x00, 0x00, 0x00, 0x00, 0x00, 0x00, 0x00, 0x00, 0x00, 0x00, 0x00, 
  0x00, 0x00, 0x00, 0x00, 0x00, 0x00, 0x00, 0x00, 0x00, 0x00, 0x00, 0x00, 
  0x00, 0x00, 0x00, 0x00, 0x00, 0x00, 0x00, 0x00, 0x00, 0x00, 0x00, 0x00, 
  0x00, 0x00, 0x00, 0x00, 0x00, 0x00, 0x00, 0x00, 0x00, 0x00, 0x00, 0x00, 
  0x00, 0x00, 0x00, 0x00, 0x00, 0x00, 0x00, 0x00, 0x00, 0x00, 0x00, 0x00, 
  0x00, 0x00, 0x00, 0x00, 0x00, 0x00, 0x00, 0x00, 0x00, 0x00, 0x00, 0x00, 
  0x00, 0x00, 0x00, 0x00, 0x00, 0x00, 0x00, 0x00, 0x00, 0x00, 0x00, 0x00, 
  0x00, 0x00, 0x00, 0x00, 0x00, 0x00, 0x00, 0x00, 0x00, 0x00, 0x00, 0x00, 
  0x00, 0x00, 0x00, 0x00, 0x00, 0x00, 0x00, 0x00, 0x00, 0x00, 0x00, 0x00, 
  0x00, 0x00, 0x00, 0x00, 0x00, 0x00, 0x00, 0x00, 0x00, 0x00, 0x00, 0x00, 
  0x00, 0x00, 0x00, 0x00, 0x00, 0x00, 0x00, 0x00, 0x00, 0x00, 0x00, 0x08, 
  0xc4, 0x60, 0x67, 0xa9, 0x67, 0xb1, 0x67, 0xb9, 0x82, 0x40, 0x00, 0x00, 
  0x00, 0x00, 0x00, 0x00, 0x00, 0x00, 0x00, 0x00, 0x00, 0x00, 0x00, 0x00, 
  0x00, 0x00, 0x00, 0x00, 0x00, 0x00, 0x00, 0x00, 0x00, 0x00, 0x00, 0x00, 
  0x00, 0x00, 0x00, 0x00, 0x00, 0x00, 0x00, 0x00, 0x00, 0x00, 0x00, 0x00, 
  0x00, 0x00, 0x00, 0x00, 0x00, 0x00, 0x00, 0x00, 0x00, 0x00, 0x00, 0x00, 
  0x00, 0x00, 0x00, 0x00, 0x00, 0x00, 0x00, 0x00, 0x00, 0x00, 0x00, 0x00, 
  0x00, 0x00, 0x00, 0x00, 0x00, 0x00, 0x00, 0x00, 0x00, 0x00, 0x00, 0x00, 
  0x00, 0x00, 0x00, 0x00, 0x00, 0x00, 0x00, 0x00, 0x00, 0x00, 0x00, 0x00, 
  0x00, 0x00, 0x00, 0x00, 0x00, 0x00, 0x00, 0x00, 0x00, 0x00, 0x00, 0x00, 
  0x00, 0x00, 0x00, 0x00, 0x00, 0x00, 0x00, 0x00, 0x00, 0x00, 0x00, 0x00, 
  0x00, 0x00, 0x00, 0x00, 0x00, 0x00, 0x00, 0x00, 0x00, 0x00, 0x00, 0x00, 
  0x00, 0x00, 0x00, 0x00, 0x00, 0x00, 0x00, 0x00, 0x00, 0x00, 0x00, 0x00, 
  0x00, 0x00, 0x00, 0x00, 0x00, 0x00, 0x00, 0x00, 0x00, 0x00, 0x00, 0x00, 
  0x00, 0x00, 0x00, 0x00, 0x00, 0x00, 0x00, 0x00, 0x00, 0x00, 0x00, 0x00, 
  0x00, 0x00, 0x00, 0x00, 0x00, 0x00, 0x00, 0x00, 0x00, 0x00, 0x00, 0x00, 
  0x00, 0x00, 0x00, 0x00, 0x00, 0x00, 0x00, 0x00, 0x00, 0x00, 0x00, 0x00, 
  0x00, 0x00, 0x00, 0x00, 0x00, 0x00, 0x00, 0x00, 0x00, 0x00, 0x00, 0x00, 
  0x00, 0x00, 0x00, 0x00, 0x00, 0x00, 0x00, 0x00, 0x00, 0x00, 0x00, 0x00, 
  0x00, 0x00, 0x00, 0x00, 0x00, 0x00, 0x00, 0x00, 0x00, 0x00, 0x00, 0x00, 
  0x00, 0x00, 0x00, 0x00, 0x00, 0x00, 0x00, 0x00, 0x00, 0x00, 0x00, 0x00, 
  0x00, 0x00, 0x00, 0x00, 0x00, 0x00, 0x00, 0x00, 0x00, 0x00, 0x00, 0x00, 
  0x00, 0x00, 0x00, 0x00, 0x00, 0x00, 0x00, 0x00, 0x00, 0x00, 0x00, 0x00, 
  0x00, 0x00, 0x00, 0x00, 0x00, 0x00, 0x00, 0x00, 0x00, 0x00, 0x00, 0x00, 
  0x00, 0x00, 0x00, 0x00, 0x00, 0x00, 0x00, 0x00, 0x00, 0x00, 0x00, 0x00, 
  0x00, 0x00, 0x00, 0x00, 0x00, 0x00, 0x00, 0x00, 0x00, 0x00, 0x00, 0x00, 
  0x00, 0x00, 0x00, 0x00, 0x00, 0x00, 0x00, 0x00, 0x00, 0x00, 0x00, 0x00, 
  0x00, 0x00, 0x00, 0x00, 0x00, 0x00, 0x00, 0x00, 0x00, 0x00, 0x00, 0x00, 
  0x00, 0x00, 0x00, 0x00, 0x00, 0x00, 0x00, 0x00, 0x00, 0x00, 0x00, 0x00, 
  0x00, 0x00, 0x00, 0x00, 0x00, 0x00, 0x00, 0x00, 0x00, 0x00, 0x00, 0x00, 
  0x00, 0x00, 0x00, 0x00, 0x00, 0x00, 0x00, 0x00, 0x00, 0x00, 0x00, 0x00, 
  0x00, 0x00, 0x00, 0x00, 0x00, 0x00, 0x00, 0x00, 0x00, 0x00, 0x00, 0x00, 
  0x00, 0x00, 0x00, 0x00, 0x00, 0x00, 0x00, 0x00, 0x00, 0x00, 0x00, 0x00, 
  0x00, 0x00, 0x00, 0x00, 0x00, 0x00, 0x00, 0x00, 0x00, 0x00, 0x00, 0x00, 
  0x00, 0x00, 0x00, 0x00, 0x00, 0x00, 0x00, 0x00, 0x00, 0x00, 0x00, 0x00, 
  0x00, 0x00, 0x00, 0x00, 0x00, 0x00, 0x00, 0x00, 0x00, 0x00, 0x00, 0x00, 
  0x00, 0x00, 0x00, 0x00, 0x00, 0x00, 0x00, 0x00, 0x00, 0x00, 0x00, 0x00, 
  0x00, 0x00, 0x00, 0x00, 0x00, 0x00, 0x00, 0x00, 0x00, 0x00, 0x00, 0x00, 
  0x00, 0x00, 0x00, 0x00, 0x00, 0x00, 0x00, 0x00, 0x00, 0x00, 0x41, 0x20, 
  0x41, 0x28, 0x00, 0x08, 0x00, 0x00, 0x00, 0x00, 0x00, 0x00, 0x00, 0x00, 
  0x00, 0x00, 0x00, 0x00, 0x00, 0x00, 0x00, 0x00, 0x00, 0x00, 0x00, 0x00, 
  0x00, 0x00, 0x00, 0x00, 0x00, 0x00, 0x00, 0x00, 0x00, 0x00, 0x00, 0x00, 
  0x00, 0x00, 0x00, 0x00, 0x00, 0x00, 0x00, 0x00, 0x00, 0x00, 0x00, 0x00, 
  0x00, 0x00, 0x00, 0x00, 0x00, 0x00, 0x00, 0x00, 0x00, 0x00, 0x00, 0x00, 
  0x00, 0x00, 0x00, 0x00, 0x00, 0x00, 0x00, 0x00, 0x00, 0x00, 0x00, 0x00, 
  0x00, 0x00, 0x00, 0x00, 0x00, 0x00, 0x00, 0x00, 0x00, 0x00, 0x00, 0x00, 
  0x00, 0x00, 0x00, 0x00, 0x00, 0x00, 0x00, 0x00, 0x00, 0x00, 0x00, 0x00, 
  0x00, 0x00, 0x00, 0x00, 0x00, 0x00, 0x00, 0x00, 0x00, 0x00, 0x00, 0x00, 
  0x00, 0x00, 0x00, 0x00, 0x00, 0x00, 0x00, 0x00, 0x00, 0x00, 0x00, 0x00, 
  0x00, 0x00, 0x00, 0x00, 0x00, 0x00, 0x00, 0x00, 0x00, 0x00, 0x00, 0x00, 
  0x00, 0x00, 0x00, 0x00, 0x00, 0x00, 0x00, 0x00, 0x00, 0x00, 0x00, 0x00, 
  0x00, 0x00, 0x00, 0x00, 0x00, 0x00, 0x00, 0x00, 0x00, 0x00, 0x00, 0x00, 
  0x00, 0x00, 0x00, 0x00, 0x00, 0x00, 0x00, 0x00, 0x00, 0x00, 0x00, 0x00, 
  0x00, 0x00, 0x00, 0x00, 0x00, 0x00, 0x00, 0x00, 0x00, 0x00, 0x00, 0x00, 
  0x00, 0x00, 0x00, 0x00, 0x00, 0x00, 0x00, 0x00, 0x00, 0x00, 0x00, 0x00, 
  0x00, 0x00, 0x00, 0x00, 0x00, 0x00, 0x00, 0x00, 0x00, 0x00, 0x00, 0x00, 
  0x00, 0x00, 0x41, 0x28, 0xe4, 0x70, 0xc4, 0x68, 0x00, 0x08, 0x00, 0x00, 
  0x00, 0x00, 0x00, 0x00, 0x00, 0x00, 0x00, 0x00, 0x00, 0x00, 0x00, 0x00, 
  0x00, 0x00, 0x00, 0x00, 0x00, 0x00, 0x00, 0x00, 0x00, 0x00, 0x00, 0x00, 
  0x00, 0x00, 0x00, 0x00, 0x00, 0x00, 0x00, 0x00, 0x00, 0x00, 0x00, 0x00, 
  0x00, 0x00, 0x00, 0x00, 0x00, 0x00, 0x00, 0x00, 0x00, 0x00, 0x00, 0x00, 
  0x00, 0x00, 0x00, 0x00, 0x00, 0x00, 0x00, 0x00, 0x00, 0x00, 0x00, 0x00, 
  0x00, 0x00, 0x00, 0x00, 0x00, 0x00, 0x00, 0x00, 0x00, 0x00, 0x00, 0x00, 
  0x00, 0x00, 0x00, 0x00, 0x00, 0x00, 0x00, 0x00, 0x00, 0x00, 0x00, 0x00, 
  0x00, 0x00, 0x00, 0x00, 0x00, 0x00, 0x00, 0x00, 0x00, 0x00, 0x00, 0x00, 
  0x00, 0x00, 0x00, 0x00, 0x00, 0x00, 0x00, 0x00, 0x00, 0x00, 0x00, 0x00, 
  0x00, 0x00, 0x00, 0x00, 0x00, 0x00, 0x00, 0x00, 0x00, 0x00, 0x00, 0x00, 
  0x00, 0x00, 0x00, 0x00, 0x00, 0x00, 0x00, 0x00, 0x00, 0x00, 0x00, 0x00, 
  0x00, 0x00, 0x00, 0x00, 0x00, 0x00, 0x00, 0x00, 0x00, 0x00, 0x00, 0x00, 
  0x00, 0x00, 0x00, 0x00, 0x00, 0x00, 0x00, 0x00, 0x00, 0x00, 0x00, 0x00, 
  0x00, 0x00, 0x00, 0x00, 0x00, 0x00, 0x00, 0x00, 0x00, 0x00, 0x00, 0x00, 
  0x00, 0x00, 0x00, 0x00, 0x00, 0x00, 0x00, 0x00, 0x00, 0x00, 0x00, 0x00, 
  0x00, 0x00, 0x00, 0x00, 0x00, 0x00, 0x00, 0x00, 0x00, 0x00, 0x00, 0x00, 
  0x00, 0x00, 0x00, 0x00, 0x00, 0x00, 0x00, 0x00, 0x00, 0x00, 0x00, 0x00, 
  0x00, 0x00, 0x00, 0x00, 0x00, 0x00, 0x00, 0x00, 0x00, 0x00, 0x00, 0x00, 
  0x00, 0x00, 0x00, 0x00, 0x00, 0x00, 0x00, 0x00, 0x00, 0x00, 0x00, 0x00, 
  0x00, 0x00, 0x00, 0x00, 0x00, 0x00, 0x00, 0x00, 0x00, 0x00, 0x00, 0x00, 
  0x00, 0x00, 0x00, 0x00, 0x00, 0x00, 0x00, 0x00, 0x00, 0x00, 0x00, 0x00, 
};
